model,nb_input_token,temperature,top_p,top_k,nb_user,gpu_model,gpu_fp32_tflops,gpu_memory_gib,gpu_num,model_num_params,nb_output_token,inference_time
gemma3:12b,1235,0.0,0.9,10,1,NVIDIA GH200,67.0,96.0,1,12200000000,48,9.894
gemma3:12b,1301,0.0,0.9,10,1,NVIDIA GH200,67.0,96.0,1,12200000000,55,1.036
gemma3:12b,1373,0.0,0.9,10,1,NVIDIA GH200,67.0,96.0,1,12200000000,56,1.052
gemma3:12b,2354,0.0,0.9,10,1,NVIDIA GH200,67.0,96.0,1,12200000000,124,1.919
gemma3:12b,2495,0.0,0.9,10,1,NVIDIA GH200,67.0,96.0,1,12200000000,44,1.158
gemma3:12b,2577,0.0,0.9,10,1,NVIDIA GH200,67.0,96.0,1,12200000000,90,1.587
gemma3:12b,1235,0.0,0.9,10,1,NVIDIA A100-SXM4-40GB,19.49,40.0,4,12200000000,48,7.021
gemma3:12b,1301,0.0,0.9,10,1,NVIDIA A100-SXM4-40GB,19.49,40.0,4,12200000000,48,1.782
gemma3:12b,1366,0.0,0.9,10,1,NVIDIA A100-SXM4-40GB,19.49,40.0,4,12200000000,56,1.856
gemma3:12b,2347,0.0,0.9,10,1,NVIDIA A100-SXM4-40GB,19.49,40.0,4,12200000000,123,3.288
gemma3:12b,2487,0.0,0.9,10,1,NVIDIA A100-SXM4-40GB,19.49,40.0,4,12200000000,33,1.959
gemma3:12b,2558,0.0,0.9,10,1,NVIDIA A100-SXM4-40GB,19.49,40.0,4,12200000000,193,4.404
gemma3:12b,1235,0.0,0.9,10,5,NVIDIA GH200,67.0,96.0,1,12200000000,48,2.512
gemma3:12b,1235,0.0,0.9,10,5,NVIDIA GH200,67.0,96.0,1,12200000000,48,2.504
gemma3:12b,1235,0.0,0.9,10,5,NVIDIA GH200,67.0,96.0,1,12200000000,48,2.137
gemma3:12b,1235,0.0,0.9,10,5,NVIDIA GH200,67.0,96.0,1,12200000000,48,1.912
gemma3:12b,1235,0.0,0.9,10,5,NVIDIA GH200,67.0,96.0,1,12200000000,48,1.492
gemma3:12b,1301,0.0,0.9,10,5,NVIDIA GH200,67.0,96.0,1,12200000000,48,2.574
gemma3:12b,1301,0.0,0.9,10,5,NVIDIA GH200,67.0,96.0,1,12200000000,48,2.591
gemma3:12b,1301,0.0,0.9,10,5,NVIDIA GH200,67.0,96.0,1,12200000000,48,2.472
gemma3:12b,1301,0.0,0.9,10,5,NVIDIA GH200,67.0,96.0,1,12200000000,48,2.189
gemma3:12b,1301,0.0,0.9,10,5,NVIDIA GH200,67.0,96.0,1,12200000000,55,2.46
gemma3:12b,1366,0.0,0.9,10,5,NVIDIA GH200,67.0,96.0,1,12200000000,56,2.852
gemma3:12b,1366,0.0,0.9,10,5,NVIDIA GH200,67.0,96.0,1,12200000000,56,2.856
gemma3:12b,1366,0.0,0.9,10,5,NVIDIA GH200,67.0,96.0,1,12200000000,56,2.791
gemma3:12b,1366,0.0,0.9,10,5,NVIDIA GH200,67.0,96.0,1,12200000000,56,2.839
gemma3:12b,1373,0.0,0.9,10,5,NVIDIA GH200,67.0,96.0,1,12200000000,56,2.779
gemma3:12b,2347,0.0,0.9,10,5,NVIDIA GH200,67.0,96.0,1,12200000000,96,4.777
gemma3:12b,2347,0.0,0.9,10,5,NVIDIA GH200,67.0,96.0,1,12200000000,124,5.855
gemma3:12b,2347,0.0,0.9,10,5,NVIDIA GH200,67.0,96.0,1,12200000000,124,5.851
gemma3:12b,2354,0.0,0.9,10,5,NVIDIA GH200,67.0,96.0,1,12200000000,124,5.822
gemma3:12b,2347,0.0,0.9,10,5,NVIDIA GH200,67.0,96.0,1,12200000000,124,5.866
gemma3:12b,2488,0.0,0.9,10,5,NVIDIA GH200,67.0,96.0,1,12200000000,40,3.17
gemma3:12b,2719,0.0,0.9,10,5,NVIDIA GH200,67.0,96.0,1,12200000000,71,4.198
gemma3:12b,2488,0.0,0.9,10,5,NVIDIA GH200,67.0,96.0,1,12200000000,40,3.15
gemma3:12b,2488,0.0,0.9,10,5,NVIDIA GH200,67.0,96.0,1,12200000000,40,3.129
gemma3:12b,2495,0.0,0.9,10,5,NVIDIA GH200,67.0,96.0,1,12200000000,46,3.214
gemma3:12b,2807,0.0,0.9,10,5,NVIDIA GH200,67.0,96.0,1,12200000000,31,3.502
gemma3:12b,2579,0.0,0.9,10,5,NVIDIA GH200,67.0,96.0,1,12200000000,90,4.838
gemma3:12b,3747,0.0,0.9,10,5,NVIDIA GH200,67.0,96.0,1,12200000000,45,2.055
gemma3:12b,2566,0.0,0.9,10,5,NVIDIA GH200,67.0,96.0,1,12200000000,143,6.636
gemma3:12b,2566,0.0,0.9,10,5,NVIDIA GH200,67.0,96.0,1,12200000000,144,6.669
gemma3:12b,2566,0.0,0.9,10,5,NVIDIA GH200,67.0,96.0,1,12200000000,144,6.663
gemma3:12b,3830,0.0,0.9,10,5,NVIDIA GH200,67.0,96.0,1,12200000000,53,1.686
gemma3:12b,3913,0.0,0.9,10,5,NVIDIA GH200,67.0,96.0,1,12200000000,34,1.417
gemma3:12b,4840,0.0,0.9,10,5,NVIDIA GH200,67.0,96.0,1,12200000000,67,1.927
gemma3:12b,4937,0.0,0.9,10,5,NVIDIA GH200,67.0,96.0,1,12200000000,106,2.327
gemma3:12b,5055,0.0,0.9,10,5,NVIDIA GH200,67.0,96.0,1,12200000000,50,1.784
gemma3:12b,1235,0.0,0.9,10,5,NVIDIA A100-SXM4-40GB,19.49,40.0,4,12200000000,48,2.592
gemma3:12b,1235,0.0,0.9,10,5,NVIDIA A100-SXM4-40GB,19.49,40.0,4,12200000000,48,2.435
gemma3:12b,1235,0.0,0.9,10,5,NVIDIA A100-SXM4-40GB,19.49,40.0,4,12200000000,48,6.995
gemma3:12b,1235,0.0,0.9,10,5,NVIDIA A100-SXM4-40GB,19.49,40.0,4,12200000000,48,7.108
gemma3:12b,1301,0.0,0.9,10,5,NVIDIA A100-SXM4-40GB,19.49,40.0,4,12200000000,48,2.519
gemma3:12b,1301,0.0,0.9,10,5,NVIDIA A100-SXM4-40GB,19.49,40.0,4,12200000000,48,2.491
gemma3:12b,1235,0.0,0.9,10,5,NVIDIA A100-SXM4-40GB,19.49,40.0,4,12200000000,48,6.922
gemma3:12b,1366,0.0,0.9,10,5,NVIDIA A100-SXM4-40GB,19.49,40.0,4,12200000000,56,2.699
gemma3:12b,1366,0.0,0.9,10,5,NVIDIA A100-SXM4-40GB,19.49,40.0,4,12200000000,56,2.683
gemma3:12b,1301,0.0,0.9,10,5,NVIDIA A100-SXM4-40GB,19.49,40.0,4,12200000000,48,1.716
gemma3:12b,1301,0.0,0.9,10,5,NVIDIA A100-SXM4-40GB,19.49,40.0,4,12200000000,48,1.743
gemma3:12b,1301,0.0,0.9,10,5,NVIDIA A100-SXM4-40GB,19.49,40.0,4,12200000000,48,1.743
gemma3:12b,1366,0.0,0.9,10,5,NVIDIA A100-SXM4-40GB,19.49,40.0,4,12200000000,56,1.774
gemma3:12b,1366,0.0,0.9,10,5,NVIDIA A100-SXM4-40GB,19.49,40.0,4,12200000000,56,1.792
gemma3:12b,1366,0.0,0.9,10,5,NVIDIA A100-SXM4-40GB,19.49,40.0,4,12200000000,56,1.84
gemma3:12b,2347,0.0,0.9,10,5,NVIDIA A100-SXM4-40GB,19.49,40.0,4,12200000000,124,4.889
gemma3:12b,2347,0.0,0.9,10,5,NVIDIA A100-SXM4-40GB,19.49,40.0,4,12200000000,123,4.886
gemma3:12b,2347,0.0,0.9,10,5,NVIDIA A100-SXM4-40GB,19.49,40.0,4,12200000000,124,3.24
gemma3:12b,2347,0.0,0.9,10,5,NVIDIA A100-SXM4-40GB,19.49,40.0,4,12200000000,124,3.195
gemma3:12b,2347,0.0,0.9,10,5,NVIDIA A100-SXM4-40GB,19.49,40.0,4,12200000000,126,3.286
gemma3:12b,2488,0.0,0.9,10,5,NVIDIA A100-SXM4-40GB,19.49,40.0,4,12200000000,40,2.024
gemma3:12b,2488,0.0,0.9,10,5,NVIDIA A100-SXM4-40GB,19.49,40.0,4,12200000000,33,1.857
gemma3:12b,2488,0.0,0.9,10,5,NVIDIA A100-SXM4-40GB,19.49,40.0,4,12200000000,33,3.05
gemma3:12b,2487,0.0,0.9,10,5,NVIDIA A100-SXM4-40GB,19.49,40.0,4,12200000000,41,3.162
gemma3:12b,2490,0.0,0.9,10,5,NVIDIA A100-SXM4-40GB,19.49,40.0,4,12200000000,40,1.984
gemma3:12b,2566,0.0,0.9,10,5,NVIDIA A100-SXM4-40GB,19.49,40.0,4,12200000000,142,3.483
gemma3:12b,2559,0.0,0.9,10,5,NVIDIA A100-SXM4-40GB,19.49,40.0,4,12200000000,143,3.559
gemma3:12b,2568,0.0,0.9,10,5,NVIDIA A100-SXM4-40GB,19.49,40.0,4,12200000000,144,3.594
gemma3:12b,2566,0.0,0.9,10,5,NVIDIA A100-SXM4-40GB,19.49,40.0,4,12200000000,144,5.35
gemma3:12b,2559,0.0,0.9,10,5,NVIDIA A100-SXM4-40GB,19.49,40.0,4,12200000000,181,6.084
gemma3:12b,1235,0.0,0.9,10,10,NVIDIA GH200,67.0,96.0,1,12200000000,48,4.093
gemma3:12b,1235,0.0,0.9,10,10,NVIDIA GH200,67.0,96.0,1,12200000000,48,4.04
gemma3:12b,1235,0.0,0.9,10,10,NVIDIA GH200,67.0,96.0,1,12200000000,48,3.965
gemma3:12b,1235,0.0,0.9,10,10,NVIDIA GH200,67.0,96.0,1,12200000000,48,4.036
gemma3:12b,1235,0.0,0.9,10,10,NVIDIA GH200,67.0,96.0,1,12200000000,48,3.674
gemma3:12b,1235,0.0,0.9,10,10,NVIDIA GH200,67.0,96.0,1,12200000000,48,3.272
gemma3:12b,1235,0.0,0.9,10,10,NVIDIA GH200,67.0,96.0,1,12200000000,48,2.992
gemma3:12b,1235,0.0,0.9,10,10,NVIDIA GH200,67.0,96.0,1,12200000000,48,3.302
gemma3:12b,1235,0.0,0.9,10,10,NVIDIA GH200,67.0,96.0,1,12200000000,48,2.325
gemma3:12b,1235,0.0,0.9,10,10,NVIDIA GH200,67.0,96.0,1,12200000000,57,3.115
gemma3:12b,1301,0.0,0.9,10,10,NVIDIA GH200,67.0,96.0,1,12200000000,48,4.076
gemma3:12b,1301,0.0,0.9,10,10,NVIDIA GH200,67.0,96.0,1,12200000000,53,4.263
gemma3:12b,1301,0.0,0.9,10,10,NVIDIA GH200,67.0,96.0,1,12200000000,53,4.255
gemma3:12b,1301,0.0,0.9,10,10,NVIDIA GH200,67.0,96.0,1,12200000000,53,4.211
gemma3:12b,1301,0.0,0.9,10,10,NVIDIA GH200,67.0,96.0,1,12200000000,53,4.228
gemma3:12b,1301,0.0,0.9,10,10,NVIDIA GH200,67.0,96.0,1,12200000000,53,4.155
gemma3:12b,1301,0.0,0.9,10,10,NVIDIA GH200,67.0,96.0,1,12200000000,53,4.313
gemma3:12b,1301,0.0,0.9,10,10,NVIDIA GH200,67.0,96.0,1,12200000000,53,4.157
gemma3:12b,1301,0.0,0.9,10,10,NVIDIA GH200,67.0,96.0,1,12200000000,53,4.209
gemma3:12b,1310,0.0,0.9,10,10,NVIDIA GH200,67.0,96.0,1,12200000000,71,6.31
gemma3:12b,1416,0.0,0.9,10,10,NVIDIA GH200,67.0,96.0,1,12200000000,46,4.157
gemma3:12b,1366,0.0,0.9,10,10,NVIDIA GH200,67.0,96.0,1,12200000000,56,4.551
gemma3:12b,1398,0.0,0.9,10,10,NVIDIA GH200,67.0,96.0,1,12200000000,61,3.223
gemma3:12b,1416,0.0,0.9,10,10,NVIDIA GH200,67.0,96.0,1,12200000000,111,7.22
gemma3:12b,2344,0.0,0.9,10,10,NVIDIA GH200,67.0,96.0,1,12200000000,48,3.1
gemma3:12b,1416,0.0,0.9,10,10,NVIDIA GH200,67.0,96.0,1,12200000000,112,7.266
gemma3:12b,1416,0.0,0.9,10,10,NVIDIA GH200,67.0,96.0,1,12200000000,112,7.283
gemma3:12b,1416,0.0,0.9,10,10,NVIDIA GH200,67.0,96.0,1,12200000000,122,7.525
gemma3:12b,1416,0.0,0.9,10,10,NVIDIA GH200,67.0,96.0,1,12200000000,125,7.851
gemma3:12b,1416,0.0,0.9,10,10,NVIDIA GH200,67.0,96.0,1,12200000000,123,7.962
gemma3:12b,1416,0.0,0.9,10,10,NVIDIA GH200,67.0,96.0,1,12200000000,125,9.169
gemma3:12b,2347,0.0,0.9,10,10,NVIDIA GH200,67.0,96.0,1,12200000000,81,8.02
gemma3:12b,2384,0.0,0.9,10,10,NVIDIA GH200,67.0,96.0,1,12200000000,123,8.942
gemma3:12b,2409,0.0,0.9,10,10,NVIDIA GH200,67.0,96.0,1,12200000000,73,7.158
gemma3:12b,2410,0.0,0.9,10,10,NVIDIA GH200,67.0,96.0,1,12200000000,71,7.095
gemma3:12b,2422,0.0,0.9,10,10,NVIDIA GH200,67.0,96.0,1,12200000000,71,6.444
gemma3:12b,2423,0.0,0.9,10,10,NVIDIA GH200,67.0,96.0,1,12200000000,71,6.577
gemma3:12b,2410,0.0,0.9,10,10,NVIDIA GH200,67.0,96.0,1,12200000000,73,7.164
gemma3:12b,2420,0.0,0.9,10,10,NVIDIA GH200,67.0,96.0,1,12200000000,73,6.902
gemma3:12b,2424,0.0,0.9,10,10,NVIDIA GH200,67.0,96.0,1,12200000000,71,5.302
gemma3:12b,2668,0.0,0.9,10,10,NVIDIA GH200,67.0,96.0,1,12200000000,119,12.42
gemma3:12b,2498,0.0,0.9,10,10,NVIDIA GH200,67.0,96.0,1,12200000000,38,6.328
gemma3:12b,2499,0.0,0.9,10,10,NVIDIA GH200,67.0,96.0,1,12200000000,40,6.36
gemma3:12b,2510,0.0,0.9,10,10,NVIDIA GH200,67.0,96.0,1,12200000000,38,6.335
gemma3:12b,2500,0.0,0.9,10,10,NVIDIA GH200,67.0,96.0,1,12200000000,39,6.31
gemma3:12b,2510,0.0,0.9,10,10,NVIDIA GH200,67.0,96.0,1,12200000000,40,6.332
gemma3:12b,2511,0.0,0.9,10,10,NVIDIA GH200,67.0,96.0,1,12200000000,40,6.333
gemma3:12b,2512,0.0,0.9,10,10,NVIDIA GH200,67.0,96.0,1,12200000000,40,6.315
gemma3:12b,2524,0.0,0.9,10,10,NVIDIA GH200,67.0,96.0,1,12200000000,46,6.497
gemma3:12b,2704,0.0,0.9,10,10,NVIDIA GH200,67.0,96.0,1,12200000000,127,8.916
gemma3:12b,2804,0.0,0.9,10,10,NVIDIA GH200,67.0,96.0,1,12200000000,40,1.696
gemma3:12b,2577,0.0,0.9,10,10,NVIDIA GH200,67.0,96.0,1,12200000000,36,6.865
gemma3:12b,2588,0.0,0.9,10,10,NVIDIA GH200,67.0,96.0,1,12200000000,36,6.854
gemma3:12b,2589,0.0,0.9,10,10,NVIDIA GH200,67.0,96.0,1,12200000000,36,6.864
gemma3:12b,2848,0.0,0.9,10,10,NVIDIA GH200,67.0,96.0,1,12200000000,38,7.021
gemma3:12b,3745,0.0,0.9,10,10,NVIDIA GH200,67.0,96.0,1,12200000000,39,6.491
gemma3:12b,2574,0.0,0.9,10,10,NVIDIA GH200,67.0,96.0,1,12200000000,86,12.012
gemma3:12b,2586,0.0,0.9,10,10,NVIDIA GH200,67.0,96.0,1,12200000000,81,12.062
gemma3:12b,3525,0.0,0.9,10,10,NVIDIA GH200,67.0,96.0,1,12200000000,52,5.78
gemma3:12b,3514,0.0,0.9,10,10,NVIDIA GH200,67.0,96.0,1,12200000000,52,5.78
gemma3:12b,3526,0.0,0.9,10,10,NVIDIA GH200,67.0,96.0,1,12200000000,51,5.758
gemma3:12b,3822,0.0,0.9,10,10,NVIDIA GH200,67.0,96.0,1,12200000000,63,7.898
gemma3:12b,2590,0.0,0.9,10,10,NVIDIA GH200,67.0,96.0,1,12200000000,125,15.26
gemma3:12b,3795,0.0,0.9,10,10,NVIDIA GH200,67.0,96.0,1,12200000000,75,8.083
gemma3:12b,3596,0.0,0.9,10,10,NVIDIA GH200,67.0,96.0,1,12200000000,43,4.668
gemma3:12b,3607,0.0,0.9,10,10,NVIDIA GH200,67.0,96.0,1,12200000000,52,4.866
gemma3:12b,3607,0.0,0.9,10,10,NVIDIA GH200,67.0,96.0,1,12200000000,52,4.891
gemma3:12b,3908,0.0,0.9,10,10,NVIDIA GH200,67.0,96.0,1,12200000000,46,4.808
gemma3:12b,3669,0.0,0.9,10,10,NVIDIA GH200,67.0,96.0,1,12200000000,43,4.737
gemma3:12b,3689,0.0,0.9,10,10,NVIDIA GH200,67.0,96.0,1,12200000000,52,4.78
gemma3:12b,3689,0.0,0.9,10,10,NVIDIA GH200,67.0,96.0,1,12200000000,51,4.826
gemma3:12b,2577,0.0,0.9,10,10,NVIDIA GH200,67.0,96.0,1,12200000000,251,25.681
gemma3:12b,3984,0.0,0.9,10,10,NVIDIA GH200,67.0,96.0,1,12200000000,51,5.566
gemma3:12b,4634,0.0,0.9,10,10,NVIDIA GH200,67.0,96.0,1,12200000000,50,5.559
gemma3:12b,2608,0.0,0.9,10,10,NVIDIA GH200,67.0,96.0,1,12200000000,302,27.901
gemma3:12b,4633,0.0,0.9,10,10,NVIDIA GH200,67.0,96.0,1,12200000000,59,5.693
gemma3:12b,4605,0.0,0.9,10,10,NVIDIA GH200,67.0,96.0,1,12200000000,83,8.329
gemma3:12b,4928,0.0,0.9,10,10,NVIDIA GH200,67.0,96.0,1,12200000000,61,4.911
gemma3:12b,4722,0.0,0.9,10,10,NVIDIA GH200,67.0,96.0,1,12200000000,42,3.43
gemma3:12b,4714,0.0,0.9,10,10,NVIDIA GH200,67.0,96.0,1,12200000000,80,5.966
gemma3:12b,5019,0.0,0.9,10,10,NVIDIA GH200,67.0,96.0,1,12200000000,80,3.912
gemma3:12b,4774,0.0,0.9,10,10,NVIDIA GH200,67.0,96.0,1,12200000000,133,3.772
gemma3:12b,4919,0.0,0.9,10,10,NVIDIA GH200,67.0,96.0,1,12200000000,97,4.025
gemma3:12b,5185,0.0,0.9,10,10,NVIDIA GH200,67.0,96.0,1,12200000000,154,4.231
gemma3:12b,6215,0.0,0.9,10,10,NVIDIA GH200,67.0,96.0,1,12200000000,244,4.478
gemma3:12b,1235,0.0,0.9,10,10,NVIDIA A100-SXM4-40GB,19.49,40.0,4,12200000000,48,2.631
gemma3:12b,1235,0.0,0.9,10,10,NVIDIA A100-SXM4-40GB,19.49,40.0,4,12200000000,48,2.579
gemma3:12b,1235,0.0,0.9,10,10,NVIDIA A100-SXM4-40GB,19.49,40.0,4,12200000000,48,2.561
gemma3:12b,1235,0.0,0.9,10,10,NVIDIA A100-SXM4-40GB,19.49,40.0,4,12200000000,48,2.207
gemma3:12b,1235,0.0,0.9,10,10,NVIDIA A100-SXM4-40GB,19.49,40.0,4,12200000000,48,2.635
gemma3:12b,1235,0.0,0.9,10,10,NVIDIA A100-SXM4-40GB,19.49,40.0,4,12200000000,48,2.583
gemma3:12b,1235,0.0,0.9,10,10,NVIDIA A100-SXM4-40GB,19.49,40.0,4,12200000000,48,3.266
gemma3:12b,1235,0.0,0.9,10,10,NVIDIA A100-SXM4-40GB,19.49,40.0,4,12200000000,48,2.997
gemma3:12b,1235,0.0,0.9,10,10,NVIDIA A100-SXM4-40GB,19.49,40.0,4,12200000000,48,2.862
gemma3:12b,1235,0.0,0.9,10,10,NVIDIA A100-SXM4-40GB,19.49,40.0,4,12200000000,48,1.892
gemma3:12b,1301,0.0,0.9,10,10,NVIDIA A100-SXM4-40GB,19.49,40.0,4,12200000000,48,2.551
gemma3:12b,1301,0.0,0.9,10,10,NVIDIA A100-SXM4-40GB,19.49,40.0,4,12200000000,53,2.564
gemma3:12b,1301,0.0,0.9,10,10,NVIDIA A100-SXM4-40GB,19.49,40.0,4,12200000000,48,2.508
gemma3:12b,1301,0.0,0.9,10,10,NVIDIA A100-SXM4-40GB,19.49,40.0,4,12200000000,53,2.626
gemma3:12b,1301,0.0,0.9,10,10,NVIDIA A100-SXM4-40GB,19.49,40.0,4,12200000000,55,3.227
gemma3:12b,1301,0.0,0.9,10,10,NVIDIA A100-SXM4-40GB,19.49,40.0,4,12200000000,55,3.208
gemma3:12b,1301,0.0,0.9,10,10,NVIDIA A100-SXM4-40GB,19.49,40.0,4,12200000000,55,2.171
gemma3:12b,1301,0.0,0.9,10,10,NVIDIA A100-SXM4-40GB,19.49,40.0,4,12200000000,53,3.286
gemma3:12b,1301,0.0,0.9,10,10,NVIDIA A100-SXM4-40GB,19.49,40.0,4,12200000000,53,3.2
gemma3:12b,1301,0.0,0.9,10,10,NVIDIA A100-SXM4-40GB,19.49,40.0,4,12200000000,53,3.098
gemma3:12b,1366,0.0,0.9,10,10,NVIDIA A100-SXM4-40GB,19.49,40.0,4,12200000000,56,2.671
gemma3:12b,1366,0.0,0.9,10,10,NVIDIA A100-SXM4-40GB,19.49,40.0,4,12200000000,56,2.686
gemma3:12b,1373,0.0,0.9,10,10,NVIDIA A100-SXM4-40GB,19.49,40.0,4,12200000000,56,3.417
gemma3:12b,1373,0.0,0.9,10,10,NVIDIA A100-SXM4-40GB,19.49,40.0,4,12200000000,56,3.414
gemma3:12b,1373,0.0,0.9,10,10,NVIDIA A100-SXM4-40GB,19.49,40.0,4,12200000000,56,3.026
gemma3:12b,1416,0.0,0.9,10,10,NVIDIA A100-SXM4-40GB,19.49,40.0,4,12200000000,112,4.349
gemma3:12b,1416,0.0,0.9,10,10,NVIDIA A100-SXM4-40GB,19.49,40.0,4,12200000000,109,4.378
gemma3:12b,1416,0.0,0.9,10,10,NVIDIA A100-SXM4-40GB,19.49,40.0,4,12200000000,112,4.972
gemma3:12b,1416,0.0,0.9,10,10,NVIDIA A100-SXM4-40GB,19.49,40.0,4,12200000000,112,4.947
gemma3:12b,1416,0.0,0.9,10,10,NVIDIA A100-SXM4-40GB,19.49,40.0,4,12200000000,122,5.103
gemma3:12b,2347,0.0,0.9,10,10,NVIDIA A100-SXM4-40GB,19.49,40.0,4,12200000000,124,4.76
gemma3:12b,2410,0.0,0.9,10,10,NVIDIA A100-SXM4-40GB,19.49,40.0,4,12200000000,71,3.012
gemma3:12b,2347,0.0,0.9,10,10,NVIDIA A100-SXM4-40GB,19.49,40.0,4,12200000000,124,4.717
gemma3:12b,2407,0.0,0.9,10,10,NVIDIA A100-SXM4-40GB,19.49,40.0,4,12200000000,71,2.978
gemma3:12b,2498,0.0,0.9,10,10,NVIDIA A100-SXM4-40GB,19.49,40.0,4,12200000000,38,3.145
gemma3:12b,2488,0.0,0.9,10,10,NVIDIA A100-SXM4-40GB,19.49,40.0,4,12200000000,40,3.188
gemma3:12b,2354,0.0,0.9,10,10,NVIDIA A100-SXM4-40GB,19.49,40.0,4,12200000000,124,6.335
gemma3:12b,2488,0.0,0.9,10,10,NVIDIA A100-SXM4-40GB,19.49,40.0,4,12200000000,40,3.149
gemma3:12b,2495,0.0,0.9,10,10,NVIDIA A100-SXM4-40GB,19.49,40.0,4,12200000000,40,3.158
gemma3:12b,2354,0.0,0.9,10,10,NVIDIA A100-SXM4-40GB,19.49,40.0,4,12200000000,124,6.331
gemma3:12b,2354,0.0,0.9,10,10,NVIDIA A100-SXM4-40GB,19.49,40.0,4,12200000000,124,6.295
gemma3:12b,2410,0.0,0.9,10,10,NVIDIA A100-SXM4-40GB,19.49,40.0,4,12200000000,73,5.167
gemma3:12b,2410,0.0,0.9,10,10,NVIDIA A100-SXM4-40GB,19.49,40.0,4,12200000000,73,5.156
gemma3:12b,2420,0.0,0.9,10,10,NVIDIA A100-SXM4-40GB,19.49,40.0,4,12200000000,73,5.023
gemma3:12b,2573,0.0,0.9,10,10,NVIDIA A100-SXM4-40GB,19.49,40.0,4,12200000000,36,3.113
gemma3:12b,2495,0.0,0.9,10,10,NVIDIA A100-SXM4-40GB,19.49,40.0,4,12200000000,44,4.366
gemma3:12b,2495,0.0,0.9,10,10,NVIDIA A100-SXM4-40GB,19.49,40.0,4,12200000000,46,4.382
gemma3:12b,2495,0.0,0.9,10,10,NVIDIA A100-SXM4-40GB,19.49,40.0,4,12200000000,46,4.376
gemma3:12b,2574,0.0,0.9,10,10,NVIDIA A100-SXM4-40GB,19.49,40.0,4,12200000000,80,4.086
gemma3:12b,2500,0.0,0.9,10,10,NVIDIA A100-SXM4-40GB,19.49,40.0,4,12200000000,40,4.376
gemma3:12b,2510,0.0,0.9,10,10,NVIDIA A100-SXM4-40GB,19.49,40.0,4,12200000000,40,4.349
gemma3:12b,2500,0.0,0.9,10,10,NVIDIA A100-SXM4-40GB,19.49,40.0,4,12200000000,40,4.366
gemma3:12b,2566,0.0,0.9,10,10,NVIDIA A100-SXM4-40GB,19.49,40.0,4,12200000000,143,4.944
gemma3:12b,3510,0.0,0.9,10,10,NVIDIA A100-SXM4-40GB,19.49,40.0,4,12200000000,49,2.839
gemma3:12b,2566,0.0,0.9,10,10,NVIDIA A100-SXM4-40GB,19.49,40.0,4,12200000000,143,6.269
gemma3:12b,3589,0.0,0.9,10,10,NVIDIA A100-SXM4-40GB,19.49,40.0,4,12200000000,51,2.621
gemma3:12b,2588,0.0,0.9,10,10,NVIDIA A100-SXM4-40GB,19.49,40.0,4,12200000000,36,4.332
gemma3:12b,2578,0.0,0.9,10,10,NVIDIA A100-SXM4-40GB,19.49,40.0,4,12200000000,36,4.349
gemma3:12b,2577,0.0,0.9,10,10,NVIDIA A100-SXM4-40GB,19.49,40.0,4,12200000000,90,5.621
gemma3:12b,2579,0.0,0.9,10,10,NVIDIA A100-SXM4-40GB,19.49,40.0,4,12200000000,121,6.326
gemma3:12b,2579,0.0,0.9,10,10,NVIDIA A100-SXM4-40GB,19.49,40.0,4,12200000000,123,6.348
gemma3:12b,3670,0.0,0.9,10,10,NVIDIA A100-SXM4-40GB,19.49,40.0,4,12200000000,60,2.748
gemma3:12b,2578,0.0,0.9,10,10,NVIDIA A100-SXM4-40GB,19.49,40.0,4,12200000000,109,8.357
gemma3:12b,3515,0.0,0.9,10,10,NVIDIA A100-SXM4-40GB,19.49,40.0,4,12200000000,52,4.557
gemma3:12b,3525,0.0,0.9,10,10,NVIDIA A100-SXM4-40GB,19.49,40.0,4,12200000000,55,4.634
gemma3:12b,4623,0.0,0.9,10,10,NVIDIA A100-SXM4-40GB,19.49,40.0,4,12200000000,50,3.004
gemma3:12b,4703,0.0,0.9,10,10,NVIDIA A100-SXM4-40GB,19.49,40.0,4,12200000000,50,3.028
gemma3:12b,3597,0.0,0.9,10,10,NVIDIA A100-SXM4-40GB,19.49,40.0,4,12200000000,47,4.181
gemma3:12b,3610,0.0,0.9,10,10,NVIDIA A100-SXM4-40GB,19.49,40.0,4,12200000000,46,4.143
gemma3:12b,4783,0.0,0.9,10,10,NVIDIA A100-SXM4-40GB,19.49,40.0,4,12200000000,67,3.287
gemma3:12b,3686,0.0,0.9,10,10,NVIDIA A100-SXM4-40GB,19.49,40.0,4,12200000000,46,4.284
gemma3:12b,3674,0.0,0.9,10,10,NVIDIA A100-SXM4-40GB,19.49,40.0,4,12200000000,47,4.371
gemma3:12b,4614,0.0,0.9,10,10,NVIDIA A100-SXM4-40GB,19.49,40.0,4,12200000000,63,5.365
gemma3:12b,4625,0.0,0.9,10,10,NVIDIA A100-SXM4-40GB,19.49,40.0,4,12200000000,80,5.641
gemma3:12b,4791,0.0,0.9,10,10,NVIDIA A100-SXM4-40GB,19.49,40.0,4,12200000000,46,3.699
gemma3:12b,4707,0.0,0.9,10,10,NVIDIA A100-SXM4-40GB,19.49,40.0,4,12200000000,76,5.45
gemma3:12b,1235,0.0,0.95,10,1,NVIDIA GH200,67.0,96.0,1,12200000000,48,1.184
gemma3:12b,1328,0.0,0.95,10,1,NVIDIA GH200,67.0,96.0,1,12200000000,84,1.475
gemma3:12b,1426,0.0,0.95,10,1,NVIDIA GH200,67.0,96.0,1,12200000000,84,1.489
gemma3:12b,2435,0.0,0.95,10,1,NVIDIA GH200,67.0,96.0,1,12200000000,108,2.047
gemma3:12b,2586,0.0,0.95,10,1,NVIDIA GH200,67.0,96.0,1,12200000000,63,1.572
gemma3:12b,2691,0.0,0.95,10,1,NVIDIA GH200,67.0,96.0,1,12200000000,64,1.597
gemma3:12b,3660,0.0,0.95,10,1,NVIDIA GH200,67.0,96.0,1,12200000000,69,1.91
gemma3:12b,3756,0.0,0.95,10,1,NVIDIA GH200,67.0,96.0,1,12200000000,154,2.749
gemma3:12b,1235,0.0,0.95,10,1,NVIDIA A100-SXM4-40GB,19.49,40.0,4,12200000000,48,1.868
gemma3:12b,1328,0.0,0.95,10,1,NVIDIA A100-SXM4-40GB,19.49,40.0,4,12200000000,87,2.388
gemma3:12b,1429,0.0,0.95,10,1,NVIDIA A100-SXM4-40GB,19.49,40.0,4,12200000000,62,2.091
gemma3:12b,2399,0.0,0.95,10,1,NVIDIA A100-SXM4-40GB,19.49,40.0,4,12200000000,73,2.556
gemma3:12b,2534,0.0,0.95,10,1,NVIDIA A100-SXM4-40GB,19.49,40.0,4,12200000000,91,3.034
gemma3:12b,2670,0.0,0.95,10,1,NVIDIA A100-SXM4-40GB,19.49,40.0,4,12200000000,102,3.056
gemma3:12b,1235,0.0,0.95,10,5,NVIDIA GH200,67.0,96.0,1,12200000000,48,2.624
gemma3:12b,1235,0.0,0.95,10,5,NVIDIA GH200,67.0,96.0,1,12200000000,48,2.877
gemma3:12b,1235,0.0,0.95,10,5,NVIDIA GH200,67.0,96.0,1,12200000000,48,2.758
gemma3:12b,1235,0.0,0.95,10,5,NVIDIA GH200,67.0,96.0,1,12200000000,48,2.644
gemma3:12b,1235,0.0,0.95,10,5,NVIDIA GH200,67.0,96.0,1,12200000000,48,2.249
gemma3:12b,1328,0.0,0.95,10,5,NVIDIA GH200,67.0,96.0,1,12200000000,87,3.6
gemma3:12b,1328,0.0,0.95,10,5,NVIDIA GH200,67.0,96.0,1,12200000000,83,3.578
gemma3:12b,1328,0.0,0.95,10,5,NVIDIA GH200,67.0,96.0,1,12200000000,82,3.624
gemma3:12b,1328,0.0,0.95,10,5,NVIDIA GH200,67.0,96.0,1,12200000000,87,3.756
gemma3:12b,1328,0.0,0.95,10,5,NVIDIA GH200,67.0,96.0,1,12200000000,87,3.743
gemma3:12b,1429,0.0,0.95,10,5,NVIDIA GH200,67.0,96.0,1,12200000000,60,2.964
gemma3:12b,1424,0.0,0.95,10,5,NVIDIA GH200,67.0,96.0,1,12200000000,59,2.984
gemma3:12b,1429,0.0,0.95,10,5,NVIDIA GH200,67.0,96.0,1,12200000000,60,2.918
gemma3:12b,1429,0.0,0.95,10,5,NVIDIA GH200,67.0,96.0,1,12200000000,99,3.873
gemma3:12b,1425,0.0,0.95,10,5,NVIDIA GH200,67.0,96.0,1,12200000000,70,3.084
gemma3:12b,2376,0.0,0.95,10,5,NVIDIA GH200,67.0,96.0,1,12200000000,50,4.027
gemma3:12b,2397,0.0,0.95,10,5,NVIDIA GH200,67.0,96.0,1,12200000000,50,4.026
gemma3:12b,2397,0.0,0.95,10,5,NVIDIA GH200,67.0,96.0,1,12200000000,50,4.026
gemma3:12b,2436,0.0,0.95,10,5,NVIDIA GH200,67.0,96.0,1,12200000000,52,4.027
gemma3:12b,2420,0.0,0.95,10,5,NVIDIA GH200,67.0,96.0,1,12200000000,48,3.808
gemma3:12b,2550,0.0,0.95,10,5,NVIDIA GH200,67.0,96.0,1,12200000000,70,4.587
gemma3:12b,2513,0.0,0.95,10,5,NVIDIA GH200,67.0,96.0,1,12200000000,83,4.949
gemma3:12b,2488,0.0,0.95,10,5,NVIDIA GH200,67.0,96.0,1,12200000000,97,6.298
gemma3:12b,2509,0.0,0.95,10,5,NVIDIA GH200,67.0,96.0,1,12200000000,110,6.559
gemma3:12b,2509,0.0,0.95,10,5,NVIDIA GH200,67.0,96.0,1,12200000000,116,7.316
gemma3:12b,2610,0.0,0.95,10,5,NVIDIA GH200,67.0,96.0,1,12200000000,49,4.104
gemma3:12b,2647,0.0,0.95,10,5,NVIDIA GH200,67.0,96.0,1,12200000000,70,4.864
gemma3:12b,2627,0.0,0.95,10,5,NVIDIA GH200,67.0,96.0,1,12200000000,61,3.522
gemma3:12b,2661,0.0,0.95,10,5,NVIDIA GH200,67.0,96.0,1,12200000000,69,4.071
gemma3:12b,2667,0.0,0.95,10,5,NVIDIA GH200,67.0,96.0,1,12200000000,69,3.431
gemma3:12b,3625,0.0,0.95,10,5,NVIDIA GH200,67.0,96.0,1,12200000000,137,2.624
gemma3:12b,1235,0.0,0.95,10,5,NVIDIA A100-SXM4-40GB,19.49,40.0,4,12200000000,48,1.882
gemma3:12b,1235,0.0,0.95,10,5,NVIDIA A100-SXM4-40GB,19.49,40.0,4,12200000000,48,1.874
gemma3:12b,1235,0.0,0.95,10,5,NVIDIA A100-SXM4-40GB,19.49,40.0,4,12200000000,48,2.584
gemma3:12b,1235,0.0,0.95,10,5,NVIDIA A100-SXM4-40GB,19.49,40.0,4,12200000000,48,2.509
gemma3:12b,1235,0.0,0.95,10,5,NVIDIA A100-SXM4-40GB,19.49,40.0,4,12200000000,48,1.914
gemma3:12b,1328,0.0,0.95,10,5,NVIDIA A100-SXM4-40GB,19.49,40.0,4,12200000000,87,2.402
gemma3:12b,1328,0.0,0.95,10,5,NVIDIA A100-SXM4-40GB,19.49,40.0,4,12200000000,87,2.332
gemma3:12b,1328,0.0,0.95,10,5,NVIDIA A100-SXM4-40GB,19.49,40.0,4,12200000000,84,2.23
gemma3:12b,1328,0.0,0.95,10,5,NVIDIA A100-SXM4-40GB,19.49,40.0,4,12200000000,84,3.353
gemma3:12b,1328,0.0,0.95,10,5,NVIDIA A100-SXM4-40GB,19.49,40.0,4,12200000000,87,3.332
gemma3:12b,1429,0.0,0.95,10,5,NVIDIA A100-SXM4-40GB,19.49,40.0,4,12200000000,62,2.038
gemma3:12b,1429,0.0,0.95,10,5,NVIDIA A100-SXM4-40GB,19.49,40.0,4,12200000000,62,1.989
gemma3:12b,1426,0.0,0.95,10,5,NVIDIA A100-SXM4-40GB,19.49,40.0,4,12200000000,70,2.034
gemma3:12b,2399,0.0,0.95,10,5,NVIDIA A100-SXM4-40GB,19.49,40.0,4,12200000000,76,2.595
gemma3:12b,1426,0.0,0.95,10,5,NVIDIA A100-SXM4-40GB,19.49,40.0,4,12200000000,70,3.097
gemma3:12b,1429,0.0,0.95,10,5,NVIDIA A100-SXM4-40GB,19.49,40.0,4,12200000000,96,3.481
gemma3:12b,2399,0.0,0.95,10,5,NVIDIA A100-SXM4-40GB,19.49,40.0,4,12200000000,76,2.605
gemma3:12b,2421,0.0,0.95,10,5,NVIDIA A100-SXM4-40GB,19.49,40.0,4,12200000000,122,3.213
gemma3:12b,2537,0.0,0.95,10,5,NVIDIA A100-SXM4-40GB,19.49,40.0,4,12200000000,108,3.188
gemma3:12b,2433,0.0,0.95,10,5,NVIDIA A100-SXM4-40GB,19.49,40.0,4,12200000000,50,3.151
gemma3:12b,2537,0.0,0.95,10,5,NVIDIA A100-SXM4-40GB,19.49,40.0,4,12200000000,108,3.13
gemma3:12b,2586,0.0,0.95,10,5,NVIDIA A100-SXM4-40GB,19.49,40.0,4,12200000000,64,2.449
gemma3:12b,2421,0.0,0.95,10,5,NVIDIA A100-SXM4-40GB,19.49,40.0,4,12200000000,95,5.048
gemma3:12b,2688,0.0,0.95,10,5,NVIDIA A100-SXM4-40GB,19.49,40.0,4,12200000000,72,2.676
gemma3:12b,2688,0.0,0.95,10,5,NVIDIA A100-SXM4-40GB,19.49,40.0,4,12200000000,62,2.466
gemma3:12b,2695,0.0,0.95,10,5,NVIDIA A100-SXM4-40GB,19.49,40.0,4,12200000000,69,2.545
gemma3:12b,2545,0.0,0.95,10,5,NVIDIA A100-SXM4-40GB,19.49,40.0,4,12200000000,91,4.21
gemma3:12b,2559,0.0,0.95,10,5,NVIDIA A100-SXM4-40GB,19.49,40.0,4,12200000000,61,2.834
gemma3:12b,3668,0.0,0.95,10,5,NVIDIA A100-SXM4-40GB,19.49,40.0,4,12200000000,88,3.318
gemma3:12b,3658,0.0,0.95,10,5,NVIDIA A100-SXM4-40GB,19.49,40.0,4,12200000000,85,3.09
gemma3:12b,3672,0.0,0.95,10,5,NVIDIA A100-SXM4-40GB,19.49,40.0,4,12200000000,90,3.089
gemma3:12b,2679,0.0,0.95,10,5,NVIDIA A100-SXM4-40GB,19.49,40.0,4,12200000000,50,3.708
gemma3:12b,2665,0.0,0.95,10,5,NVIDIA A100-SXM4-40GB,19.49,40.0,4,12200000000,70,3.886
gemma3:12b,3818,0.0,0.95,10,5,NVIDIA A100-SXM4-40GB,19.49,40.0,4,12200000000,123,3.821
gemma3:12b,3654,0.0,0.95,10,5,NVIDIA A100-SXM4-40GB,19.49,40.0,4,12200000000,50,4.353
gemma3:12b,3660,0.0,0.95,10,5,NVIDIA A100-SXM4-40GB,19.49,40.0,4,12200000000,71,4.368
gemma3:12b,3766,0.0,0.95,10,5,NVIDIA A100-SXM4-40GB,19.49,40.0,4,12200000000,92,3.378
gemma3:12b,3888,0.0,0.95,10,5,NVIDIA A100-SXM4-40GB,19.49,40.0,4,12200000000,52,2.813
gemma3:12b,4865,0.0,0.95,10,5,NVIDIA A100-SXM4-40GB,19.49,40.0,4,12200000000,52,3.254
gemma3:12b,4979,0.0,0.95,10,5,NVIDIA A100-SXM4-40GB,19.49,40.0,4,12200000000,93,4.01
gemma3:12b,5102,0.0,0.95,10,5,NVIDIA A100-SXM4-40GB,19.49,40.0,4,12200000000,52,3.35
gemma3:12b,6079,0.0,0.95,10,5,NVIDIA A100-SXM4-40GB,19.49,40.0,4,12200000000,50,3.749
gemma3:12b,6191,0.0,0.95,10,5,NVIDIA A100-SXM4-40GB,19.49,40.0,4,12200000000,52,3.809
gemma3:12b,6305,0.0,0.95,10,5,NVIDIA A100-SXM4-40GB,19.49,40.0,4,12200000000,52,3.853
gemma3:12b,7282,0.0,0.95,10,5,NVIDIA A100-SXM4-40GB,19.49,40.0,4,12200000000,52,4.371
gemma3:12b,7396,0.0,0.95,10,5,NVIDIA A100-SXM4-40GB,19.49,40.0,4,12200000000,16,3.712
gemma3:12b,1235,0.0,0.95,10,10,NVIDIA GH200,67.0,96.0,1,12200000000,48,4.129
gemma3:12b,1235,0.0,0.95,10,10,NVIDIA GH200,67.0,96.0,1,12200000000,48,3.97
gemma3:12b,1235,0.0,0.95,10,10,NVIDIA GH200,67.0,96.0,1,12200000000,48,3.887
gemma3:12b,1235,0.0,0.95,10,10,NVIDIA GH200,67.0,96.0,1,12200000000,48,3.805
gemma3:12b,1235,0.0,0.95,10,10,NVIDIA GH200,67.0,96.0,1,12200000000,48,3.556
gemma3:12b,1235,0.0,0.95,10,10,NVIDIA GH200,67.0,96.0,1,12200000000,48,3.633
gemma3:12b,1235,0.0,0.95,10,10,NVIDIA GH200,67.0,96.0,1,12200000000,48,3.555
gemma3:12b,1235,0.0,0.95,10,10,NVIDIA GH200,67.0,96.0,1,12200000000,48,2.964
gemma3:12b,1235,0.0,0.95,10,10,NVIDIA GH200,67.0,96.0,1,12200000000,48,2.867
gemma3:12b,1235,0.0,0.95,10,10,NVIDIA GH200,67.0,96.0,1,12200000000,55,4.053
gemma3:12b,1328,0.0,0.95,10,10,NVIDIA GH200,67.0,96.0,1,12200000000,84,5.157
gemma3:12b,1328,0.0,0.95,10,10,NVIDIA GH200,67.0,96.0,1,12200000000,84,5.111
gemma3:12b,1328,0.0,0.95,10,10,NVIDIA GH200,67.0,96.0,1,12200000000,84,5.082
gemma3:12b,1328,0.0,0.95,10,10,NVIDIA GH200,67.0,96.0,1,12200000000,83,5.092
gemma3:12b,1328,0.0,0.95,10,10,NVIDIA GH200,67.0,96.0,1,12200000000,86,5.163
gemma3:12b,1328,0.0,0.95,10,10,NVIDIA GH200,67.0,96.0,1,12200000000,87,5.171
gemma3:12b,1328,0.0,0.95,10,10,NVIDIA GH200,67.0,96.0,1,12200000000,87,5.24
gemma3:12b,1328,0.0,0.95,10,10,NVIDIA GH200,67.0,96.0,1,12200000000,86,5.213
gemma3:12b,1328,0.0,0.95,10,10,NVIDIA GH200,67.0,96.0,1,12200000000,87,5.287
gemma3:12b,1335,0.0,0.95,10,10,NVIDIA GH200,67.0,96.0,1,12200000000,96,7.132
gemma3:12b,1428,0.0,0.95,10,10,NVIDIA GH200,67.0,96.0,1,12200000000,60,4.727
gemma3:12b,1429,0.0,0.95,10,10,NVIDIA GH200,67.0,96.0,1,12200000000,60,4.676
gemma3:12b,1426,0.0,0.95,10,10,NVIDIA GH200,67.0,96.0,1,12200000000,59,4.878
gemma3:12b,1429,0.0,0.95,10,10,NVIDIA GH200,67.0,96.0,1,12200000000,62,4.747
gemma3:12b,1426,0.0,0.95,10,10,NVIDIA GH200,67.0,96.0,1,12200000000,70,5.007
gemma3:12b,1426,0.0,0.95,10,10,NVIDIA GH200,67.0,96.0,1,12200000000,72,5.123
gemma3:12b,1428,0.0,0.95,10,10,NVIDIA GH200,67.0,96.0,1,12200000000,72,4.939
gemma3:12b,1461,0.0,0.95,10,10,NVIDIA GH200,67.0,96.0,1,12200000000,70,3.482
gemma3:12b,1425,0.0,0.95,10,10,NVIDIA GH200,67.0,96.0,1,12200000000,77,7.444
gemma3:12b,1429,0.0,0.95,10,10,NVIDIA GH200,67.0,96.0,1,12200000000,76,8.655
gemma3:12b,2396,0.0,0.95,10,10,NVIDIA GH200,67.0,96.0,1,12200000000,50,6.753
gemma3:12b,2378,0.0,0.95,10,10,NVIDIA GH200,67.0,96.0,1,12200000000,52,6.78
gemma3:12b,2410,0.0,0.95,10,10,NVIDIA GH200,67.0,96.0,1,12200000000,52,4.243
gemma3:12b,2409,0.0,0.95,10,10,NVIDIA GH200,67.0,96.0,1,12200000000,54,6.129
gemma3:12b,2413,0.0,0.95,10,10,NVIDIA GH200,67.0,96.0,1,12200000000,54,3.016
gemma3:12b,2397,0.0,0.95,10,10,NVIDIA GH200,67.0,96.0,1,12200000000,70,7.1
gemma3:12b,2399,0.0,0.95,10,10,NVIDIA GH200,67.0,96.0,1,12200000000,76,9.965
gemma3:12b,2423,0.0,0.95,10,10,NVIDIA GH200,67.0,96.0,1,12200000000,91,10.596
gemma3:12b,2421,0.0,0.95,10,10,NVIDIA GH200,67.0,96.0,1,12200000000,120,11.877
gemma3:12b,2425,0.0,0.95,10,10,NVIDIA GH200,67.0,96.0,1,12200000000,132,12.217
gemma3:12b,2524,0.0,0.95,10,10,NVIDIA GH200,67.0,96.0,1,12200000000,70,7.006
gemma3:12b,2557,0.0,0.95,10,10,NVIDIA GH200,67.0,96.0,1,12200000000,74,4.655
gemma3:12b,2525,0.0,0.95,10,10,NVIDIA GH200,67.0,96.0,1,12200000000,110,8.683
gemma3:12b,2508,0.0,0.95,10,10,NVIDIA GH200,67.0,96.0,1,12200000000,116,8.88
gemma3:12b,2529,0.0,0.95,10,10,NVIDIA GH200,67.0,96.0,1,12200000000,112,8.678
gemma3:12b,2492,0.0,0.95,10,10,NVIDIA GH200,67.0,96.0,1,12200000000,121,8.992
gemma3:12b,2599,0.0,0.95,10,10,NVIDIA GH200,67.0,96.0,1,12200000000,52,3.465
gemma3:12b,2584,0.0,0.95,10,10,NVIDIA GH200,67.0,96.0,1,12200000000,66,6.9
gemma3:12b,2537,0.0,0.95,10,10,NVIDIA GH200,67.0,96.0,1,12200000000,123,10.363
gemma3:12b,2621,0.0,0.95,10,10,NVIDIA GH200,67.0,96.0,1,12200000000,86,7.941
gemma3:12b,2667,0.0,0.95,10,10,NVIDIA GH200,67.0,96.0,1,12200000000,68,7.39
gemma3:12b,2655,0.0,0.95,10,10,NVIDIA GH200,67.0,96.0,1,12200000000,63,7.365
gemma3:12b,2660,0.0,0.95,10,10,NVIDIA GH200,67.0,96.0,1,12200000000,79,7.924
gemma3:12b,2695,0.0,0.95,10,10,NVIDIA GH200,67.0,96.0,1,12200000000,79,8.339
gemma3:12b,2695,0.0,0.95,10,10,NVIDIA GH200,67.0,96.0,1,12200000000,77,5.697
gemma3:12b,2645,0.0,0.95,10,10,NVIDIA GH200,67.0,96.0,1,12200000000,111,11.751
gemma3:12b,2704,0.0,0.95,10,10,NVIDIA GH200,67.0,96.0,1,12200000000,95,7.455
gemma3:12b,2654,0.0,0.95,10,10,NVIDIA GH200,67.0,96.0,1,12200000000,129,12.48
gemma3:12b,3625,0.0,0.95,10,10,NVIDIA GH200,67.0,96.0,1,12200000000,54,6.218
gemma3:12b,3625,0.0,0.95,10,10,NVIDIA GH200,67.0,96.0,1,12200000000,66,6.924
gemma3:12b,3585,0.0,0.95,10,10,NVIDIA GH200,67.0,96.0,1,12200000000,119,10.453
gemma3:12b,3680,0.0,0.95,10,10,NVIDIA GH200,67.0,96.0,1,12200000000,93,7.794
gemma3:12b,3741,0.0,0.95,10,10,NVIDIA GH200,67.0,96.0,1,12200000000,49,4.269
gemma3:12b,3652,0.0,0.95,10,10,NVIDIA GH200,67.0,96.0,1,12200000000,135,10.087
gemma3:12b,3708,0.0,0.95,10,10,NVIDIA GH200,67.0,96.0,1,12200000000,96,8.566
gemma3:12b,3691,0.0,0.95,10,10,NVIDIA GH200,67.0,96.0,1,12200000000,96,8.44
gemma3:12b,3731,0.0,0.95,10,10,NVIDIA GH200,67.0,96.0,1,12200000000,112,8.83
gemma3:12b,3816,0.0,0.95,10,10,NVIDIA GH200,67.0,96.0,1,12200000000,88,6.834
gemma3:12b,3835,0.0,0.95,10,10,NVIDIA GH200,67.0,96.0,1,12200000000,56,5.528
gemma3:12b,3832,0.0,0.95,10,10,NVIDIA GH200,67.0,96.0,1,12200000000,73,7.924
gemma3:12b,4816,0.0,0.95,10,10,NVIDIA GH200,67.0,96.0,1,12200000000,48,3.949
gemma3:12b,3849,0.0,0.95,10,10,NVIDIA GH200,67.0,96.0,1,12200000000,91,7.079
gemma3:12b,3818,0.0,0.95,10,10,NVIDIA GH200,67.0,96.0,1,12200000000,130,8.352
gemma3:12b,3931,0.0,0.95,10,10,NVIDIA GH200,67.0,96.0,1,12200000000,113,7.291
gemma3:12b,3862,0.0,0.95,10,10,NVIDIA GH200,67.0,96.0,1,12200000000,128,8.059
gemma3:12b,4909,0.0,0.95,10,10,NVIDIA GH200,67.0,96.0,1,12200000000,53,5.552
gemma3:12b,3985,0.0,0.95,10,10,NVIDIA GH200,67.0,96.0,1,12200000000,89,6.563
gemma3:12b,4868,0.0,0.95,10,10,NVIDIA GH200,67.0,96.0,1,12200000000,101,5.311
gemma3:12b,4937,0.0,0.95,10,10,NVIDIA GH200,67.0,96.0,1,12200000000,157,6.423
gemma3:12b,4952,0.0,0.95,10,10,NVIDIA GH200,67.0,96.0,1,12200000000,91,3.156
gemma3:12b,5088,0.0,0.95,10,10,NVIDIA GH200,67.0,96.0,1,12200000000,89,2.535
gemma3:12b,5222,0.0,0.95,10,10,NVIDIA GH200,67.0,96.0,1,12200000000,91,2.589
gemma3:12b,6221,0.0,0.95,10,10,NVIDIA GH200,67.0,96.0,1,12200000000,91,2.849
gemma3:12b,6357,0.0,0.95,10,10,NVIDIA GH200,67.0,96.0,1,12200000000,91,2.888
gemma3:12b,6493,0.0,0.95,10,10,NVIDIA GH200,67.0,96.0,1,12200000000,91,2.915
gemma3:12b,7492,0.0,0.95,10,10,NVIDIA GH200,67.0,96.0,1,12200000000,89,3.154
gemma3:12b,7626,0.0,0.95,10,10,NVIDIA GH200,67.0,96.0,1,12200000000,89,3.226
gemma3:12b,7760,0.0,0.95,10,10,NVIDIA GH200,67.0,96.0,1,12200000000,92,3.259
gemma3:12b,8760,0.0,0.95,10,10,NVIDIA GH200,67.0,96.0,1,12200000000,92,3.275
gemma3:12b,8897,0.0,0.95,10,10,NVIDIA GH200,67.0,96.0,1,12200000000,92,3.276
gemma3:12b,9034,0.0,0.95,10,10,NVIDIA GH200,67.0,96.0,1,12200000000,92,3.275
gemma3:12b,10034,0.0,0.95,10,10,NVIDIA GH200,67.0,96.0,1,12200000000,89,3.26
gemma3:12b,10168,0.0,0.95,10,10,NVIDIA GH200,67.0,96.0,1,12200000000,89,3.257
gemma3:12b,10302,0.0,0.95,10,10,NVIDIA GH200,67.0,96.0,1,12200000000,89,3.258
gemma3:12b,11299,0.0,0.95,10,10,NVIDIA GH200,67.0,96.0,1,12200000000,89,3.27
gemma3:12b,11601,0.0,0.95,10,10,NVIDIA GH200,67.0,96.0,1,12200000000,92,3.309
gemma3:12b,1235,0.0,0.95,10,10,NVIDIA A100-SXM4-40GB,19.49,40.0,4,12200000000,48,2.45
gemma3:12b,1235,0.0,0.95,10,10,NVIDIA A100-SXM4-40GB,19.49,40.0,4,12200000000,48,2.028
gemma3:12b,1235,0.0,0.95,10,10,NVIDIA A100-SXM4-40GB,19.49,40.0,4,12200000000,48,2.599
gemma3:12b,1235,0.0,0.95,10,10,NVIDIA A100-SXM4-40GB,19.49,40.0,4,12200000000,48,2.383
gemma3:12b,1235,0.0,0.95,10,10,NVIDIA A100-SXM4-40GB,19.49,40.0,4,12200000000,48,3.263
gemma3:12b,1235,0.0,0.95,10,10,NVIDIA A100-SXM4-40GB,19.49,40.0,4,12200000000,48,3.167
gemma3:12b,1235,0.0,0.95,10,10,NVIDIA A100-SXM4-40GB,19.49,40.0,4,12200000000,48,2.512
gemma3:12b,1235,0.0,0.95,10,10,NVIDIA A100-SXM4-40GB,19.49,40.0,4,12200000000,48,3.286
gemma3:12b,1235,0.0,0.95,10,10,NVIDIA A100-SXM4-40GB,19.49,40.0,4,12200000000,48,3.213
gemma3:12b,1235,0.0,0.95,10,10,NVIDIA A100-SXM4-40GB,19.49,40.0,4,12200000000,48,3.003
gemma3:12b,1328,0.0,0.95,10,10,NVIDIA A100-SXM4-40GB,19.49,40.0,4,12200000000,83,3.221
gemma3:12b,1328,0.0,0.95,10,10,NVIDIA A100-SXM4-40GB,19.49,40.0,4,12200000000,84,2.843
gemma3:12b,1328,0.0,0.95,10,10,NVIDIA A100-SXM4-40GB,19.49,40.0,4,12200000000,84,3.21
gemma3:12b,1328,0.0,0.95,10,10,NVIDIA A100-SXM4-40GB,19.49,40.0,4,12200000000,87,3.285
gemma3:12b,1328,0.0,0.95,10,10,NVIDIA A100-SXM4-40GB,19.49,40.0,4,12200000000,64,3.609
gemma3:12b,1328,0.0,0.95,10,10,NVIDIA A100-SXM4-40GB,19.49,40.0,4,12200000000,87,4.114
gemma3:12b,1328,0.0,0.95,10,10,NVIDIA A100-SXM4-40GB,19.49,40.0,4,12200000000,87,4.086
gemma3:12b,1328,0.0,0.95,10,10,NVIDIA A100-SXM4-40GB,19.49,40.0,4,12200000000,84,4.098
gemma3:12b,1328,0.0,0.95,10,10,NVIDIA A100-SXM4-40GB,19.49,40.0,4,12200000000,83,4.081
gemma3:12b,1328,0.0,0.95,10,10,NVIDIA A100-SXM4-40GB,19.49,40.0,4,12200000000,87,4.12
gemma3:12b,1425,0.0,0.95,10,10,NVIDIA A100-SXM4-40GB,19.49,40.0,4,12200000000,60,2.895
gemma3:12b,1426,0.0,0.95,10,10,NVIDIA A100-SXM4-40GB,19.49,40.0,4,12200000000,61,2.93
gemma3:12b,1429,0.0,0.95,10,10,NVIDIA A100-SXM4-40GB,19.49,40.0,4,12200000000,62,2.888
gemma3:12b,1426,0.0,0.95,10,10,NVIDIA A100-SXM4-40GB,19.49,40.0,4,12200000000,70,3.013
gemma3:12b,1406,0.0,0.95,10,10,NVIDIA A100-SXM4-40GB,19.49,40.0,4,12200000000,63,3.731
gemma3:12b,1429,0.0,0.95,10,10,NVIDIA A100-SXM4-40GB,19.49,40.0,4,12200000000,60,3.303
gemma3:12b,1429,0.0,0.95,10,10,NVIDIA A100-SXM4-40GB,19.49,40.0,4,12200000000,72,3.508
gemma3:12b,1426,0.0,0.95,10,10,NVIDIA A100-SXM4-40GB,19.49,40.0,4,12200000000,60,3.757
gemma3:12b,1425,0.0,0.95,10,10,NVIDIA A100-SXM4-40GB,19.49,40.0,4,12200000000,74,4.077
gemma3:12b,2393,0.0,0.95,10,10,NVIDIA A100-SXM4-40GB,19.49,40.0,4,12200000000,50,3.301
gemma3:12b,2380,0.0,0.95,10,10,NVIDIA A100-SXM4-40GB,19.49,40.0,4,12200000000,50,3.282
gemma3:12b,2399,0.0,0.95,10,10,NVIDIA A100-SXM4-40GB,19.49,40.0,4,12200000000,76,3.902
gemma3:12b,1429,0.0,0.95,10,10,NVIDIA A100-SXM4-40GB,19.49,40.0,4,12200000000,96,5.848
gemma3:12b,2421,0.0,0.95,10,10,NVIDIA A100-SXM4-40GB,19.49,40.0,4,12200000000,117,5.096
gemma3:12b,2397,0.0,0.95,10,10,NVIDIA A100-SXM4-40GB,19.49,40.0,4,12200000000,50,4.56
gemma3:12b,2377,0.0,0.95,10,10,NVIDIA A100-SXM4-40GB,19.49,40.0,4,12200000000,75,5.017
gemma3:12b,2394,0.0,0.95,10,10,NVIDIA A100-SXM4-40GB,19.49,40.0,4,12200000000,50,4.52
gemma3:12b,2407,0.0,0.95,10,10,NVIDIA A100-SXM4-40GB,19.49,40.0,4,12200000000,50,4.224
gemma3:12b,2433,0.0,0.95,10,10,NVIDIA A100-SXM4-40GB,19.49,40.0,4,12200000000,52,2.651
gemma3:12b,2492,0.0,0.95,10,10,NVIDIA A100-SXM4-40GB,19.49,40.0,4,12200000000,98,4.306
gemma3:12b,2505,0.0,0.95,10,10,NVIDIA A100-SXM4-40GB,19.49,40.0,4,12200000000,116,4.607
gemma3:12b,2581,0.0,0.95,10,10,NVIDIA A100-SXM4-40GB,19.49,40.0,4,12200000000,48,2.569
gemma3:12b,2426,0.0,0.95,10,10,NVIDIA A100-SXM4-40GB,19.49,40.0,4,12200000000,119,7.634
gemma3:12b,2537,0.0,0.95,10,10,NVIDIA A100-SXM4-40GB,19.49,40.0,4,12200000000,123,5.61
gemma3:12b,2633,0.0,0.95,10,10,NVIDIA A100-SXM4-40GB,19.49,40.0,4,12200000000,46,3.426
gemma3:12b,2664,0.0,0.95,10,10,NVIDIA A100-SXM4-40GB,19.49,40.0,4,12200000000,48,3.296
gemma3:12b,2509,0.0,0.95,10,10,NVIDIA A100-SXM4-40GB,19.49,40.0,4,12200000000,72,5.027
gemma3:12b,2514,0.0,0.95,10,10,NVIDIA A100-SXM4-40GB,19.49,40.0,4,12200000000,87,5.064
gemma3:12b,2671,0.0,0.95,10,10,NVIDIA A100-SXM4-40GB,19.49,40.0,4,12200000000,67,3.658
gemma3:12b,2506,0.0,0.95,10,10,NVIDIA A100-SXM4-40GB,19.49,40.0,4,12200000000,116,6.222
gemma3:12b,2519,0.0,0.95,10,10,NVIDIA A100-SXM4-40GB,19.49,40.0,4,12200000000,121,6.316
gemma3:12b,2547,0.0,0.95,10,10,NVIDIA A100-SXM4-40GB,19.49,40.0,4,12200000000,125,6.122
gemma3:12b,2704,0.0,0.95,10,10,NVIDIA A100-SXM4-40GB,19.49,40.0,4,12200000000,95,4.597
gemma3:12b,2588,0.0,0.95,10,10,NVIDIA A100-SXM4-40GB,19.49,40.0,4,12200000000,66,5.123
gemma3:12b,3620,0.0,0.95,10,10,NVIDIA A100-SXM4-40GB,19.49,40.0,4,12200000000,52,4.222
gemma3:12b,3583,0.0,0.95,10,10,NVIDIA A100-SXM4-40GB,19.49,40.0,4,12200000000,73,4.599
gemma3:12b,3628,0.0,0.95,10,10,NVIDIA A100-SXM4-40GB,19.49,40.0,4,12200000000,104,5.113
gemma3:12b,2608,0.0,0.95,10,10,NVIDIA A100-SXM4-40GB,19.49,40.0,4,12200000000,108,5.868
gemma3:12b,2646,0.0,0.95,10,10,NVIDIA A100-SXM4-40GB,19.49,40.0,4,12200000000,107,5.504
gemma3:12b,2668,0.0,0.95,10,10,NVIDIA A100-SXM4-40GB,19.49,40.0,4,12200000000,69,2.998
gemma3:12b,2715,0.0,0.95,10,10,NVIDIA A100-SXM4-40GB,19.49,40.0,4,12200000000,50,4.602
gemma3:12b,3708,0.0,0.95,10,10,NVIDIA A100-SXM4-40GB,19.49,40.0,4,12200000000,105,3.644
gemma3:12b,2665,0.0,0.95,10,10,NVIDIA A100-SXM4-40GB,19.49,40.0,4,12200000000,66,4.981
gemma3:12b,2683,0.0,0.95,10,10,NVIDIA A100-SXM4-40GB,19.49,40.0,4,12200000000,62,4.96
gemma3:12b,3696,0.0,0.95,10,10,NVIDIA A100-SXM4-40GB,19.49,40.0,4,12200000000,82,4.705
gemma3:12b,3690,0.0,0.95,10,10,NVIDIA A100-SXM4-40GB,19.49,40.0,4,12200000000,52,4.373
gemma3:12b,3649,0.0,0.95,10,10,NVIDIA A100-SXM4-40GB,19.49,40.0,4,12200000000,74,4.53
gemma3:12b,3734,0.0,0.95,10,10,NVIDIA A100-SXM4-40GB,19.49,40.0,4,12200000000,171,7.952
gemma3:12b,3818,0.0,0.95,10,10,NVIDIA A100-SXM4-40GB,19.49,40.0,4,12200000000,93,5.205
gemma3:12b,3935,0.0,0.95,10,10,NVIDIA A100-SXM4-40GB,19.49,40.0,4,12200000000,65,4.931
gemma3:12b,3765,0.0,0.95,10,10,NVIDIA A100-SXM4-40GB,19.49,40.0,4,12200000000,107,5.303
gemma3:12b,3804,0.0,0.95,10,10,NVIDIA A100-SXM4-40GB,19.49,40.0,4,12200000000,127,5.981
gemma3:12b,4814,0.0,0.95,10,10,NVIDIA A100-SXM4-40GB,19.49,40.0,4,12200000000,97,5.968
gemma3:12b,4905,0.0,0.95,10,10,NVIDIA A100-SXM4-40GB,19.49,40.0,4,12200000000,52,3.515
gemma3:12b,3961,0.0,0.95,10,10,NVIDIA A100-SXM4-40GB,19.49,40.0,4,12200000000,52,4.444
gemma3:12b,3899,0.0,0.95,10,10,NVIDIA A100-SXM4-40GB,19.49,40.0,4,12200000000,115,7.533
gemma3:12b,4938,0.0,0.95,10,10,NVIDIA A100-SXM4-40GB,19.49,40.0,4,12200000000,52,3.421
gemma3:12b,5019,0.0,0.95,10,10,NVIDIA A100-SXM4-40GB,19.49,40.0,4,12200000000,52,5.239
gemma3:12b,4950,0.0,0.95,10,10,NVIDIA A100-SXM4-40GB,19.49,40.0,4,12200000000,109,8.151
gemma3:12b,5133,0.0,0.95,10,10,NVIDIA A100-SXM4-40GB,19.49,40.0,4,12200000000,52,3.45
gemma3:12b,5052,0.0,0.95,10,10,NVIDIA A100-SXM4-40GB,19.49,40.0,4,12200000000,127,4.465
gemma3:12b,6110,0.0,0.95,10,10,NVIDIA A100-SXM4-40GB,19.49,40.0,4,12200000000,52,3.775
gemma3:12b,5209,0.0,0.95,10,10,NVIDIA A100-SXM4-40GB,19.49,40.0,4,12200000000,52,3.405
gemma3:12b,6224,0.0,0.95,10,10,NVIDIA A100-SXM4-40GB,19.49,40.0,4,12200000000,52,3.8
gemma3:12b,6186,0.0,0.95,10,10,NVIDIA A100-SXM4-40GB,19.49,40.0,4,12200000000,52,3.828
gemma3:12b,6338,0.0,0.95,10,10,NVIDIA A100-SXM4-40GB,19.49,40.0,4,12200000000,52,3.732
gemma3:12b,6300,0.0,0.95,10,10,NVIDIA A100-SXM4-40GB,19.49,40.0,4,12200000000,52,3.894
gemma3:12b,6414,0.0,0.95,10,10,NVIDIA A100-SXM4-40GB,19.49,40.0,4,12200000000,52,3.909
gemma3:12b,7315,0.0,0.95,10,10,NVIDIA A100-SXM4-40GB,19.49,40.0,4,12200000000,52,4.254
gemma3:12b,7391,0.0,0.95,10,10,NVIDIA A100-SXM4-40GB,19.49,40.0,4,12200000000,52,4.336
gemma3:12b,7429,0.0,0.95,10,10,NVIDIA A100-SXM4-40GB,19.49,40.0,4,12200000000,150,5.803
gemma3:12b,7505,0.0,0.95,10,10,NVIDIA A100-SXM4-40GB,19.49,40.0,4,12200000000,127,5.573
gemma3:12b,7609,0.0,0.95,10,10,NVIDIA A100-SXM4-40GB,19.49,40.0,4,12200000000,52,4.375
gemma3:12b,7662,0.0,0.95,10,10,NVIDIA A100-SXM4-40GB,19.49,40.0,4,12200000000,50,4.502
gemma3:12b,8586,0.0,0.95,10,10,NVIDIA A100-SXM4-40GB,19.49,40.0,4,12200000000,50,4.349
gemma3:12b,8637,0.0,0.95,10,10,NVIDIA A100-SXM4-40GB,19.49,40.0,4,12200000000,50,4.475
gemma3:12b,8698,0.0,0.95,10,10,NVIDIA A100-SXM4-40GB,19.49,40.0,4,12200000000,52,4.377
gemma3:12b,8749,0.0,0.95,10,10,NVIDIA A100-SXM4-40GB,19.49,40.0,4,12200000000,52,4.407
gemma3:12b,8812,0.0,0.95,10,10,NVIDIA A100-SXM4-40GB,19.49,40.0,4,12200000000,52,4.386
gemma3:12b,9789,0.0,0.95,10,10,NVIDIA A100-SXM4-40GB,19.49,40.0,4,12200000000,50,4.262
gemma3:12b,8863,0.0,0.95,10,10,NVIDIA A100-SXM4-40GB,19.49,40.0,4,12200000000,52,4.417
gemma3:12b,9901,0.0,0.95,10,10,NVIDIA A100-SXM4-40GB,19.49,40.0,4,12200000000,50,4.387
gemma3:12b,9840,0.0,0.95,10,10,NVIDIA A100-SXM4-40GB,19.49,40.0,4,12200000000,50,4.487
gemma3:12b,9952,0.0,0.95,10,10,NVIDIA A100-SXM4-40GB,19.49,40.0,4,12200000000,17,3.904
gemma3:12b,10013,0.0,0.95,10,10,NVIDIA A100-SXM4-40GB,19.49,40.0,4,12200000000,50,4.368
gemma3:12b,10988,0.0,0.95,10,10,NVIDIA A100-SXM4-40GB,19.49,40.0,4,12200000000,50,4.48
gemma3:12b,11246,0.0,0.95,10,10,NVIDIA A100-SXM4-40GB,19.49,40.0,4,12200000000,50,4.448
gemma3:12b,1235,0.0,1.0,10,1,NVIDIA GH200,67.0,96.0,1,12200000000,48,1.166
gemma3:12b,1328,0.0,1.0,10,1,NVIDIA GH200,67.0,96.0,1,12200000000,84,1.438
gemma3:12b,1426,0.0,1.0,10,1,NVIDIA GH200,67.0,96.0,1,12200000000,70,1.32
gemma3:12b,2421,0.0,1.0,10,1,NVIDIA GH200,67.0,96.0,1,12200000000,114,2.004
gemma3:12b,2578,0.0,1.0,10,1,NVIDIA GH200,67.0,96.0,1,12200000000,64,1.527
gemma3:12b,2687,0.0,1.0,10,1,NVIDIA GH200,67.0,96.0,1,12200000000,74,1.696
gemma3:12b,3669,0.0,1.0,10,1,NVIDIA GH200,67.0,96.0,1,12200000000,94,2.092
gemma3:12b,3825,0.0,1.0,10,1,NVIDIA GH200,67.0,96.0,1,12200000000,112,2.254
gemma3:12b,1235,0.0,1.0,10,1,NVIDIA A100-SXM4-40GB,19.49,40.0,4,12200000000,48,2.01
gemma3:12b,1328,0.0,1.0,10,1,NVIDIA A100-SXM4-40GB,19.49,40.0,4,12200000000,87,2.527
gemma3:12b,1429,0.0,1.0,10,1,NVIDIA A100-SXM4-40GB,19.49,40.0,4,12200000000,62,2.168
gemma3:12b,2399,0.0,1.0,10,1,NVIDIA A100-SXM4-40GB,19.49,40.0,4,12200000000,76,2.745
gemma3:12b,2537,0.0,1.0,10,1,NVIDIA A100-SXM4-40GB,19.49,40.0,4,12200000000,131,3.75
gemma3:12b,2711,0.0,1.0,10,1,NVIDIA A100-SXM4-40GB,19.49,40.0,4,12200000000,84,2.988
gemma3:12b,3688,0.0,1.0,10,1,NVIDIA A100-SXM4-40GB,19.49,40.0,4,12200000000,105,3.6
gemma3:12b,1235,0.0,1.0,10,5,NVIDIA GH200,67.0,96.0,1,12200000000,48,2.722
gemma3:12b,1235,0.0,1.0,10,5,NVIDIA GH200,67.0,96.0,1,12200000000,48,2.566
gemma3:12b,1235,0.0,1.0,10,5,NVIDIA GH200,67.0,96.0,1,12200000000,48,2.392
gemma3:12b,1235,0.0,1.0,10,5,NVIDIA GH200,67.0,96.0,1,12200000000,48,2.916
gemma3:12b,1235,0.0,1.0,10,5,NVIDIA GH200,67.0,96.0,1,12200000000,48,2.933
gemma3:12b,1328,0.0,1.0,10,5,NVIDIA GH200,67.0,96.0,1,12200000000,84,3.54
gemma3:12b,1328,0.0,1.0,10,5,NVIDIA GH200,67.0,96.0,1,12200000000,83,3.529
gemma3:12b,1328,0.0,1.0,10,5,NVIDIA GH200,67.0,96.0,1,12200000000,87,3.617
gemma3:12b,1328,0.0,1.0,10,5,NVIDIA GH200,67.0,96.0,1,12200000000,83,3.66
gemma3:12b,1328,0.0,1.0,10,5,NVIDIA GH200,67.0,96.0,1,12200000000,87,3.72
gemma3:12b,1429,0.0,1.0,10,5,NVIDIA GH200,67.0,96.0,1,12200000000,60,3.09
gemma3:12b,1425,0.0,1.0,10,5,NVIDIA GH200,67.0,96.0,1,12200000000,62,3.163
gemma3:12b,1426,0.0,1.0,10,5,NVIDIA GH200,67.0,96.0,1,12200000000,70,3.318
gemma3:12b,1425,0.0,1.0,10,5,NVIDIA GH200,67.0,96.0,1,12200000000,60,3.733
gemma3:12b,1429,0.0,1.0,10,5,NVIDIA GH200,67.0,96.0,1,12200000000,60,3.734
gemma3:12b,2397,0.0,1.0,10,5,NVIDIA GH200,67.0,96.0,1,12200000000,50,3.925
gemma3:12b,2392,0.0,1.0,10,5,NVIDIA GH200,67.0,96.0,1,12200000000,52,3.981
gemma3:12b,2393,0.0,1.0,10,5,NVIDIA GH200,67.0,96.0,1,12200000000,50,3.472
gemma3:12b,2397,0.0,1.0,10,5,NVIDIA GH200,67.0,96.0,1,12200000000,50,3.492
gemma3:12b,2421,0.0,1.0,10,5,NVIDIA GH200,67.0,96.0,1,12200000000,126,7.356
gemma3:12b,2506,0.0,1.0,10,5,NVIDIA GH200,67.0,96.0,1,12200000000,50,3.511
gemma3:12b,2509,0.0,1.0,10,5,NVIDIA GH200,67.0,96.0,1,12200000000,117,6.142
gemma3:12b,2590,0.0,1.0,10,5,NVIDIA GH200,67.0,96.0,1,12200000000,48,2.674
gemma3:12b,2505,0.0,1.0,10,5,NVIDIA GH200,67.0,96.0,1,12200000000,116,6.295
gemma3:12b,2583,0.0,1.0,10,5,NVIDIA GH200,67.0,96.0,1,12200000000,76,4.335
gemma3:12b,2509,0.0,1.0,10,5,NVIDIA GH200,67.0,96.0,1,12200000000,117,6.301
gemma3:12b,2669,0.0,1.0,10,5,NVIDIA GH200,67.0,96.0,1,12200000000,69,4.771
gemma3:12b,2680,0.0,1.0,10,5,NVIDIA GH200,67.0,96.0,1,12200000000,66,4.771
gemma3:12b,2669,0.0,1.0,10,5,NVIDIA GH200,67.0,96.0,1,12200000000,69,4.362
gemma3:12b,2664,0.0,1.0,10,5,NVIDIA GH200,67.0,96.0,1,12200000000,95,4.966
gemma3:12b,3552,0.0,1.0,10,5,NVIDIA GH200,67.0,96.0,1,12200000000,106,5.156
gemma3:12b,3636,0.0,1.0,10,5,NVIDIA GH200,67.0,96.0,1,12200000000,104,3.557
gemma3:12b,3703,0.0,1.0,10,5,NVIDIA GH200,67.0,96.0,1,12200000000,71,2.098
gemma3:12b,3788,0.0,1.0,10,5,NVIDIA GH200,67.0,96.0,1,12200000000,88,2.022
gemma3:12b,1235,0.0,1.0,10,5,NVIDIA A100-SXM4-40GB,19.49,40.0,4,12200000000,48,1.834
gemma3:12b,1235,0.0,1.0,10,5,NVIDIA A100-SXM4-40GB,19.49,40.0,4,12200000000,48,1.917
gemma3:12b,1235,0.0,1.0,10,5,NVIDIA A100-SXM4-40GB,19.49,40.0,4,12200000000,48,2.628
gemma3:12b,1235,0.0,1.0,10,5,NVIDIA A100-SXM4-40GB,19.49,40.0,4,12200000000,48,2.639
gemma3:12b,1235,0.0,1.0,10,5,NVIDIA A100-SXM4-40GB,19.49,40.0,4,12200000000,48,1.924
gemma3:12b,1328,0.0,1.0,10,5,NVIDIA A100-SXM4-40GB,19.49,40.0,4,12200000000,87,2.337
gemma3:12b,1328,0.0,1.0,10,5,NVIDIA A100-SXM4-40GB,19.49,40.0,4,12200000000,84,2.248
gemma3:12b,1328,0.0,1.0,10,5,NVIDIA A100-SXM4-40GB,19.49,40.0,4,12200000000,87,2.345
gemma3:12b,1328,0.0,1.0,10,5,NVIDIA A100-SXM4-40GB,19.49,40.0,4,12200000000,80,3.191
gemma3:12b,1328,0.0,1.0,10,5,NVIDIA A100-SXM4-40GB,19.49,40.0,4,12200000000,86,3.339
gemma3:12b,1429,0.0,1.0,10,5,NVIDIA A100-SXM4-40GB,19.49,40.0,4,12200000000,60,1.964
gemma3:12b,1426,0.0,1.0,10,5,NVIDIA A100-SXM4-40GB,19.49,40.0,4,12200000000,70,2.069
gemma3:12b,1429,0.0,1.0,10,5,NVIDIA A100-SXM4-40GB,19.49,40.0,4,12200000000,62,2.06
gemma3:12b,2397,0.0,1.0,10,5,NVIDIA A100-SXM4-40GB,19.49,40.0,4,12200000000,50,2.16
gemma3:12b,1422,0.0,1.0,10,5,NVIDIA A100-SXM4-40GB,19.49,40.0,4,12200000000,56,2.766
gemma3:12b,1428,0.0,1.0,10,5,NVIDIA A100-SXM4-40GB,19.49,40.0,4,12200000000,74,2.961
gemma3:12b,2421,0.0,1.0,10,5,NVIDIA A100-SXM4-40GB,19.49,40.0,4,12200000000,117,3.177
gemma3:12b,2399,0.0,1.0,10,5,NVIDIA A100-SXM4-40GB,19.49,40.0,4,12200000000,75,2.56
gemma3:12b,2509,0.0,1.0,10,5,NVIDIA A100-SXM4-40GB,19.49,40.0,4,12200000000,116,3.182
gemma3:12b,2386,0.0,1.0,10,5,NVIDIA A100-SXM4-40GB,19.49,40.0,4,12200000000,52,3.337
gemma3:12b,2410,0.0,1.0,10,5,NVIDIA A100-SXM4-40GB,19.49,40.0,4,12200000000,50,3.008
gemma3:12b,2581,0.0,1.0,10,5,NVIDIA A100-SXM4-40GB,19.49,40.0,4,12200000000,64,2.481
gemma3:12b,2667,0.0,1.0,10,5,NVIDIA A100-SXM4-40GB,19.49,40.0,4,12200000000,46,2.282
gemma3:12b,2690,0.0,1.0,10,5,NVIDIA A100-SXM4-40GB,19.49,40.0,4,12200000000,71,2.66
gemma3:12b,2500,0.0,1.0,10,5,NVIDIA A100-SXM4-40GB,19.49,40.0,4,12200000000,61,3.713
gemma3:12b,3621,0.0,1.0,10,5,NVIDIA A100-SXM4-40GB,19.49,40.0,4,12200000000,98,3.299
gemma3:12b,2522,0.0,1.0,10,5,NVIDIA A100-SXM4-40GB,19.49,40.0,4,12200000000,112,5.578
gemma3:12b,3669,0.0,1.0,10,5,NVIDIA A100-SXM4-40GB,19.49,40.0,4,12200000000,123,3.621
gemma3:12b,2588,0.0,1.0,10,5,NVIDIA A100-SXM4-40GB,19.49,40.0,4,12200000000,70,4.037
gemma3:12b,3733,0.0,1.0,10,5,NVIDIA A100-SXM4-40GB,19.49,40.0,4,12200000000,102,3.332
gemma3:12b,2677,0.0,1.0,10,5,NVIDIA A100-SXM4-40GB,19.49,40.0,4,12200000000,62,4.1
gemma3:12b,3566,0.0,1.0,10,5,NVIDIA A100-SXM4-40GB,19.49,40.0,4,12200000000,86,4.771
gemma3:12b,3643,0.0,1.0,10,5,NVIDIA A100-SXM4-40GB,19.49,40.0,4,12200000000,73,3.428
gemma3:12b,3757,0.0,1.0,10,5,NVIDIA A100-SXM4-40GB,19.49,40.0,4,12200000000,84,3.483
gemma3:12b,3860,0.0,1.0,10,5,NVIDIA A100-SXM4-40GB,19.49,40.0,4,12200000000,93,3.746
gemma3:12b,4861,0.0,1.0,10,5,NVIDIA A100-SXM4-40GB,19.49,40.0,4,12200000000,87,3.861
gemma3:12b,1235,0.0,1.0,10,10,NVIDIA GH200,67.0,96.0,1,12200000000,48,4.118
gemma3:12b,1235,0.0,1.0,10,10,NVIDIA GH200,67.0,96.0,1,12200000000,48,4.151
gemma3:12b,1235,0.0,1.0,10,10,NVIDIA GH200,67.0,96.0,1,12200000000,48,3.906
gemma3:12b,1235,0.0,1.0,10,10,NVIDIA GH200,67.0,96.0,1,12200000000,48,3.814
gemma3:12b,1235,0.0,1.0,10,10,NVIDIA GH200,67.0,96.0,1,12200000000,48,3.807
gemma3:12b,1235,0.0,1.0,10,10,NVIDIA GH200,67.0,96.0,1,12200000000,48,3.871
gemma3:12b,1235,0.0,1.0,10,10,NVIDIA GH200,67.0,96.0,1,12200000000,48,3.226
gemma3:12b,1235,0.0,1.0,10,10,NVIDIA GH200,67.0,96.0,1,12200000000,49,3.867
gemma3:12b,1235,0.0,1.0,10,10,NVIDIA GH200,67.0,96.0,1,12200000000,55,3.232
gemma3:12b,1235,0.0,1.0,10,10,NVIDIA GH200,67.0,96.0,1,12200000000,55,3.82
gemma3:12b,1328,0.0,1.0,10,10,NVIDIA GH200,67.0,96.0,1,12200000000,84,5.095
gemma3:12b,1329,0.0,1.0,10,10,NVIDIA GH200,67.0,96.0,1,12200000000,84,5.046
gemma3:12b,1328,0.0,1.0,10,10,NVIDIA GH200,67.0,96.0,1,12200000000,83,5.146
gemma3:12b,1328,0.0,1.0,10,10,NVIDIA GH200,67.0,96.0,1,12200000000,84,5.118
gemma3:12b,1335,0.0,1.0,10,10,NVIDIA GH200,67.0,96.0,1,12200000000,83,5.009
gemma3:12b,1328,0.0,1.0,10,10,NVIDIA GH200,67.0,96.0,1,12200000000,86,5.198
gemma3:12b,1328,0.0,1.0,10,10,NVIDIA GH200,67.0,96.0,1,12200000000,87,5.192
gemma3:12b,1328,0.0,1.0,10,10,NVIDIA GH200,67.0,96.0,1,12200000000,89,5.277
gemma3:12b,1328,0.0,1.0,10,10,NVIDIA GH200,67.0,96.0,1,12200000000,87,5.255
gemma3:12b,1335,0.0,1.0,10,10,NVIDIA GH200,67.0,96.0,1,12200000000,94,6.864
gemma3:12b,1429,0.0,1.0,10,10,NVIDIA GH200,67.0,96.0,1,12200000000,60,4.643
gemma3:12b,1428,0.0,1.0,10,10,NVIDIA GH200,67.0,96.0,1,12200000000,63,4.812
gemma3:12b,1427,0.0,1.0,10,10,NVIDIA GH200,67.0,96.0,1,12200000000,70,4.991
gemma3:12b,1425,0.0,1.0,10,10,NVIDIA GH200,67.0,96.0,1,12200000000,72,5.06
gemma3:12b,1459,0.0,1.0,10,10,NVIDIA GH200,67.0,96.0,1,12200000000,75,3.841
gemma3:12b,1431,0.0,1.0,10,10,NVIDIA GH200,67.0,96.0,1,12200000000,76,6.757
gemma3:12b,1426,0.0,1.0,10,10,NVIDIA GH200,67.0,96.0,1,12200000000,84,7.53
gemma3:12b,1426,0.0,1.0,10,10,NVIDIA GH200,67.0,96.0,1,12200000000,84,7.817
gemma3:12b,1448,0.0,1.0,10,10,NVIDIA GH200,67.0,96.0,1,12200000000,94,9.687
gemma3:12b,1429,0.0,1.0,10,10,NVIDIA GH200,67.0,96.0,1,12200000000,96,9.638
gemma3:12b,2397,0.0,1.0,10,10,NVIDIA GH200,67.0,96.0,1,12200000000,50,6.952
gemma3:12b,2384,0.0,1.0,10,10,NVIDIA GH200,67.0,96.0,1,12200000000,50,6.862
gemma3:12b,2415,0.0,1.0,10,10,NVIDIA GH200,67.0,96.0,1,12200000000,50,5.06
gemma3:12b,2433,0.0,1.0,10,10,NVIDIA GH200,67.0,96.0,1,12200000000,50,4.542
gemma3:12b,2420,0.0,1.0,10,10,NVIDIA GH200,67.0,96.0,1,12200000000,54,4.656
gemma3:12b,2422,0.0,1.0,10,10,NVIDIA GH200,67.0,96.0,1,12200000000,116,11.01
gemma3:12b,2422,0.0,1.0,10,10,NVIDIA GH200,67.0,96.0,1,12200000000,117,11.079
gemma3:12b,2459,0.0,1.0,10,10,NVIDIA GH200,67.0,96.0,1,12200000000,112,10.532
gemma3:12b,2435,0.0,1.0,10,10,NVIDIA GH200,67.0,96.0,1,12200000000,111,8.889
gemma3:12b,2435,0.0,1.0,10,10,NVIDIA GH200,67.0,96.0,1,12200000000,117,8.639
gemma3:12b,2545,0.0,1.0,10,10,NVIDIA GH200,67.0,96.0,1,12200000000,72,6.242
gemma3:12b,2496,0.0,1.0,10,10,NVIDIA GH200,67.0,96.0,1,12200000000,110,9.012
gemma3:12b,2509,0.0,1.0,10,10,NVIDIA GH200,67.0,96.0,1,12200000000,116,9.085
gemma3:12b,2527,0.0,1.0,10,10,NVIDIA GH200,67.0,96.0,1,12200000000,117,9.148
gemma3:12b,2581,0.0,1.0,10,10,NVIDIA GH200,67.0,96.0,1,12200000000,57,6.656
gemma3:12b,2595,0.0,1.0,10,10,NVIDIA GH200,67.0,96.0,1,12200000000,59,7.06
gemma3:12b,2582,0.0,1.0,10,10,NVIDIA GH200,67.0,96.0,1,12200000000,62,7.394
gemma3:12b,2588,0.0,1.0,10,10,NVIDIA GH200,67.0,96.0,1,12200000000,63,7.464
gemma3:12b,2616,0.0,1.0,10,10,NVIDIA GH200,67.0,96.0,1,12200000000,63,8.521
gemma3:12b,2536,0.0,1.0,10,10,NVIDIA GH200,67.0,96.0,1,12200000000,114,12.482
gemma3:12b,2668,0.0,1.0,10,10,NVIDIA GH200,67.0,96.0,1,12200000000,69,7.643
gemma3:12b,2685,0.0,1.0,10,10,NVIDIA GH200,67.0,96.0,1,12200000000,63,5.03
gemma3:12b,2668,0.0,1.0,10,10,NVIDIA GH200,67.0,96.0,1,12200000000,67,5.197
gemma3:12b,2683,0.0,1.0,10,10,NVIDIA GH200,67.0,96.0,1,12200000000,70,5.917
gemma3:12b,2687,0.0,1.0,10,10,NVIDIA GH200,67.0,96.0,1,12200000000,79,7.663
gemma3:12b,2693,0.0,1.0,10,10,NVIDIA GH200,67.0,96.0,1,12200000000,60,4.034
gemma3:12b,2695,0.0,1.0,10,10,NVIDIA GH200,67.0,96.0,1,12200000000,65,5.038
gemma3:12b,2669,0.0,1.0,10,10,NVIDIA GH200,67.0,96.0,1,12200000000,74,7.578
gemma3:12b,2644,0.0,1.0,10,10,NVIDIA GH200,67.0,96.0,1,12200000000,120,13.958
gemma3:12b,2625,0.0,1.0,10,10,NVIDIA GH200,67.0,96.0,1,12200000000,146,16.237
gemma3:12b,3652,0.0,1.0,10,10,NVIDIA GH200,67.0,96.0,1,12200000000,66,9.131
gemma3:12b,3673,0.0,1.0,10,10,NVIDIA GH200,67.0,96.0,1,12200000000,64,9.174
gemma3:12b,3660,0.0,1.0,10,10,NVIDIA GH200,67.0,96.0,1,12200000000,66,9.548
gemma3:12b,3629,0.0,1.0,10,10,NVIDIA GH200,67.0,96.0,1,12200000000,35,4.555
gemma3:12b,3666,0.0,1.0,10,10,NVIDIA GH200,67.0,96.0,1,12200000000,74,12.106
gemma3:12b,3661,0.0,1.0,10,10,NVIDIA GH200,67.0,96.0,1,12200000000,87,13.509
gemma3:12b,3678,0.0,1.0,10,10,NVIDIA GH200,67.0,96.0,1,12200000000,91,13.918
gemma3:12b,3694,0.0,1.0,10,10,NVIDIA GH200,67.0,96.0,1,12200000000,46,5.159
gemma3:12b,3653,0.0,1.0,10,10,NVIDIA GH200,67.0,96.0,1,12200000000,60,7.21
gemma3:12b,3672,0.0,1.0,10,10,NVIDIA GH200,67.0,96.0,1,12200000000,113,10.266
gemma3:12b,3776,0.0,1.0,10,10,NVIDIA GH200,67.0,96.0,1,12200000000,96,8.945
gemma3:12b,3745,0.0,1.0,10,10,NVIDIA GH200,67.0,96.0,1,12200000000,124,10.409
gemma3:12b,3767,0.0,1.0,10,10,NVIDIA GH200,67.0,96.0,1,12200000000,111,7.422
gemma3:12b,3735,0.0,1.0,10,10,NVIDIA GH200,67.0,96.0,1,12200000000,88,6.033
gemma3:12b,3770,0.0,1.0,10,10,NVIDIA GH200,67.0,96.0,1,12200000000,123,7.552
gemma3:12b,3917,0.0,1.0,10,10,NVIDIA GH200,67.0,96.0,1,12200000000,90,4.949
gemma3:12b,3892,0.0,1.0,10,10,NVIDIA GH200,67.0,96.0,1,12200000000,112,5.441
gemma3:12b,3788,0.0,1.0,10,10,NVIDIA GH200,67.0,96.0,1,12200000000,274,16.1
gemma3:12b,4801,0.0,1.0,10,10,NVIDIA GH200,67.0,96.0,1,12200000000,90,4.096
gemma3:12b,3837,0.0,1.0,10,10,NVIDIA GH200,67.0,96.0,1,12200000000,123,5.621
gemma3:12b,4081,0.0,1.0,10,10,NVIDIA GH200,67.0,96.0,1,12200000000,67,3.411
gemma3:12b,4850,0.0,1.0,10,10,NVIDIA GH200,67.0,96.0,1,12200000000,86,3.764
gemma3:12b,5073,0.0,1.0,10,10,NVIDIA GH200,67.0,96.0,1,12200000000,71,2.443
gemma3:12b,5206,0.0,1.0,10,10,NVIDIA GH200,67.0,96.0,1,12200000000,253,4.309
gemma3:12b,1235,0.0,1.0,10,10,NVIDIA A100-SXM4-40GB,19.49,40.0,4,12200000000,48,2.571
gemma3:12b,1235,0.0,1.0,10,10,NVIDIA A100-SXM4-40GB,19.49,40.0,4,12200000000,48,2.359
gemma3:12b,1235,0.0,1.0,10,10,NVIDIA A100-SXM4-40GB,19.49,40.0,4,12200000000,55,2.651
gemma3:12b,1235,0.0,1.0,10,10,NVIDIA A100-SXM4-40GB,19.49,40.0,4,12200000000,48,2.137
gemma3:12b,1235,0.0,1.0,10,10,NVIDIA A100-SXM4-40GB,19.49,40.0,4,12200000000,48,2.988
gemma3:12b,1235,0.0,1.0,10,10,NVIDIA A100-SXM4-40GB,19.49,40.0,4,12200000000,48,3.35
gemma3:12b,1235,0.0,1.0,10,10,NVIDIA A100-SXM4-40GB,19.49,40.0,4,12200000000,48,3.393
gemma3:12b,1235,0.0,1.0,10,10,NVIDIA A100-SXM4-40GB,19.49,40.0,4,12200000000,48,3.154
gemma3:12b,1235,0.0,1.0,10,10,NVIDIA A100-SXM4-40GB,19.49,40.0,4,12200000000,48,3.211
gemma3:12b,1235,0.0,1.0,10,10,NVIDIA A100-SXM4-40GB,19.49,40.0,4,12200000000,48,2.75
gemma3:12b,1328,0.0,1.0,10,10,NVIDIA A100-SXM4-40GB,19.49,40.0,4,12200000000,84,3.149
gemma3:12b,1328,0.0,1.0,10,10,NVIDIA A100-SXM4-40GB,19.49,40.0,4,12200000000,84,3.07
gemma3:12b,1328,0.0,1.0,10,10,NVIDIA A100-SXM4-40GB,19.49,40.0,4,12200000000,87,3.381
gemma3:12b,1335,0.0,1.0,10,10,NVIDIA A100-SXM4-40GB,19.49,40.0,4,12200000000,94,3.437
gemma3:12b,1328,0.0,1.0,10,10,NVIDIA A100-SXM4-40GB,19.49,40.0,4,12200000000,87,4.036
gemma3:12b,1328,0.0,1.0,10,10,NVIDIA A100-SXM4-40GB,19.49,40.0,4,12200000000,87,4.124
gemma3:12b,1328,0.0,1.0,10,10,NVIDIA A100-SXM4-40GB,19.49,40.0,4,12200000000,87,4.156
gemma3:12b,1328,0.0,1.0,10,10,NVIDIA A100-SXM4-40GB,19.49,40.0,4,12200000000,87,4.161
gemma3:12b,1328,0.0,1.0,10,10,NVIDIA A100-SXM4-40GB,19.49,40.0,4,12200000000,87,4.172
gemma3:12b,1328,0.0,1.0,10,10,NVIDIA A100-SXM4-40GB,19.49,40.0,4,12200000000,87,3.979
gemma3:12b,1426,0.0,1.0,10,10,NVIDIA A100-SXM4-40GB,19.49,40.0,4,12200000000,59,2.853
gemma3:12b,1426,0.0,1.0,10,10,NVIDIA A100-SXM4-40GB,19.49,40.0,4,12200000000,70,2.921
gemma3:12b,1429,0.0,1.0,10,10,NVIDIA A100-SXM4-40GB,19.49,40.0,4,12200000000,62,2.907
gemma3:12b,1459,0.0,1.0,10,10,NVIDIA A100-SXM4-40GB,19.49,40.0,4,12200000000,70,3.02
gemma3:12b,1429,0.0,1.0,10,10,NVIDIA A100-SXM4-40GB,19.49,40.0,4,12200000000,62,3.505
gemma3:12b,1429,0.0,1.0,10,10,NVIDIA A100-SXM4-40GB,19.49,40.0,4,12200000000,60,3.708
gemma3:12b,1429,0.0,1.0,10,10,NVIDIA A100-SXM4-40GB,19.49,40.0,4,12200000000,62,3.72
gemma3:12b,1429,0.0,1.0,10,10,NVIDIA A100-SXM4-40GB,19.49,40.0,4,12200000000,62,3.727
gemma3:12b,2378,0.0,1.0,10,10,NVIDIA A100-SXM4-40GB,19.49,40.0,4,12200000000,52,3.25
gemma3:12b,1429,0.0,1.0,10,10,NVIDIA A100-SXM4-40GB,19.49,40.0,4,12200000000,62,3.995
gemma3:12b,2407,0.0,1.0,10,10,NVIDIA A100-SXM4-40GB,19.49,40.0,4,12200000000,54,3.262
gemma3:12b,2399,0.0,1.0,10,10,NVIDIA A100-SXM4-40GB,19.49,40.0,4,12200000000,76,3.741
gemma3:12b,2421,0.0,1.0,10,10,NVIDIA A100-SXM4-40GB,19.49,40.0,4,12200000000,91,4.399
gemma3:12b,1429,0.0,1.0,10,10,NVIDIA A100-SXM4-40GB,19.49,40.0,4,12200000000,96,5.541
gemma3:12b,2399,0.0,1.0,10,10,NVIDIA A100-SXM4-40GB,19.49,40.0,4,12200000000,76,5.027
gemma3:12b,2397,0.0,1.0,10,10,NVIDIA A100-SXM4-40GB,19.49,40.0,4,12200000000,50,4.523
gemma3:12b,2555,0.0,1.0,10,10,NVIDIA A100-SXM4-40GB,19.49,40.0,4,12200000000,59,2.768
gemma3:12b,2399,0.0,1.0,10,10,NVIDIA A100-SXM4-40GB,19.49,40.0,4,12200000000,76,4.984
gemma3:12b,2399,0.0,1.0,10,10,NVIDIA A100-SXM4-40GB,19.49,40.0,4,12200000000,76,4.98
gemma3:12b,2492,0.0,1.0,10,10,NVIDIA A100-SXM4-40GB,19.49,40.0,4,12200000000,114,4.492
gemma3:12b,2523,0.0,1.0,10,10,NVIDIA A100-SXM4-40GB,19.49,40.0,4,12200000000,98,4.354
gemma3:12b,2399,0.0,1.0,10,10,NVIDIA A100-SXM4-40GB,19.49,40.0,4,12200000000,94,5.195
gemma3:12b,2433,0.0,1.0,10,10,NVIDIA A100-SXM4-40GB,19.49,40.0,4,12200000000,52,3.6
gemma3:12b,2537,0.0,1.0,10,10,NVIDIA A100-SXM4-40GB,19.49,40.0,4,12200000000,125,4.872
gemma3:12b,2649,0.0,1.0,10,10,NVIDIA A100-SXM4-40GB,19.49,40.0,4,12200000000,47,3.235
gemma3:12b,2628,0.0,1.0,10,10,NVIDIA A100-SXM4-40GB,19.49,40.0,4,12200000000,75,3.76
gemma3:12b,2663,0.0,1.0,10,10,NVIDIA A100-SXM4-40GB,19.49,40.0,4,12200000000,55,3.637
gemma3:12b,2705,0.0,1.0,10,10,NVIDIA A100-SXM4-40GB,19.49,40.0,4,12200000000,69,3.114
gemma3:12b,2537,0.0,1.0,10,10,NVIDIA A100-SXM4-40GB,19.49,40.0,4,12200000000,131,5.245
gemma3:12b,2547,0.0,1.0,10,10,NVIDIA A100-SXM4-40GB,19.49,40.0,4,12200000000,105,3.745
gemma3:12b,2509,0.0,1.0,10,10,NVIDIA A100-SXM4-40GB,19.49,40.0,4,12200000000,116,6.261
gemma3:12b,2537,0.0,1.0,10,10,NVIDIA A100-SXM4-40GB,19.49,40.0,4,12200000000,123,5.934
gemma3:12b,3601,0.0,1.0,10,10,NVIDIA A100-SXM4-40GB,19.49,40.0,4,12200000000,57,2.749
gemma3:12b,2537,0.0,1.0,10,10,NVIDIA A100-SXM4-40GB,19.49,40.0,4,12200000000,131,6.05
gemma3:12b,3626,0.0,1.0,10,10,NVIDIA A100-SXM4-40GB,19.49,40.0,4,12200000000,54,4.285
gemma3:12b,2694,0.0,1.0,10,10,NVIDIA A100-SXM4-40GB,19.49,40.0,4,12200000000,60,3.524
gemma3:12b,3678,0.0,1.0,10,10,NVIDIA A100-SXM4-40GB,19.49,40.0,4,12200000000,73,4.307
gemma3:12b,2711,0.0,1.0,10,10,NVIDIA A100-SXM4-40GB,19.49,40.0,4,12200000000,91,4.32
gemma3:12b,3685,0.0,1.0,10,10,NVIDIA A100-SXM4-40GB,19.49,40.0,4,12200000000,98,3.416
gemma3:12b,2668,0.0,1.0,10,10,NVIDIA A100-SXM4-40GB,19.49,40.0,4,12200000000,69,5.123
gemma3:12b,2711,0.0,1.0,10,10,NVIDIA A100-SXM4-40GB,19.49,40.0,4,12200000000,91,5.376
gemma3:12b,2704,0.0,1.0,10,10,NVIDIA A100-SXM4-40GB,19.49,40.0,4,12200000000,97,5.635
gemma3:12b,3797,0.0,1.0,10,10,NVIDIA A100-SXM4-40GB,19.49,40.0,4,12200000000,94,3.392
gemma3:12b,3658,0.0,1.0,10,10,NVIDIA A100-SXM4-40GB,19.49,40.0,4,12200000000,66,4.668
gemma3:12b,3710,0.0,1.0,10,10,NVIDIA A100-SXM4-40GB,19.49,40.0,4,12200000000,83,4.684
gemma3:12b,3791,0.0,1.0,10,10,NVIDIA A100-SXM4-40GB,19.49,40.0,4,12200000000,92,4.917
gemma3:12b,3742,0.0,1.0,10,10,NVIDIA A100-SXM4-40GB,19.49,40.0,4,12200000000,97,5.312
gemma3:12b,3712,0.0,1.0,10,10,NVIDIA A100-SXM4-40GB,19.49,40.0,4,12200000000,86,5.004
gemma3:12b,3710,0.0,1.0,10,10,NVIDIA A100-SXM4-40GB,19.49,40.0,4,12200000000,87,5.152
gemma3:12b,4769,0.0,1.0,10,10,NVIDIA A100-SXM4-40GB,19.49,40.0,4,12200000000,133,4.201
gemma3:12b,3764,0.0,1.0,10,10,NVIDIA A100-SXM4-40GB,19.49,40.0,4,12200000000,70,4.839
gemma3:12b,3838,0.0,1.0,10,10,NVIDIA A100-SXM4-40GB,19.49,40.0,4,12200000000,98,4.938
gemma3:12b,3869,0.0,1.0,10,10,NVIDIA A100-SXM4-40GB,19.49,40.0,4,12200000000,67,4.868
gemma3:12b,3924,0.0,1.0,10,10,NVIDIA A100-SXM4-40GB,19.49,40.0,4,12200000000,88,5.154
gemma3:12b,3864,0.0,1.0,10,10,NVIDIA A100-SXM4-40GB,19.49,40.0,4,12200000000,66,3.202
gemma3:12b,3842,0.0,1.0,10,10,NVIDIA A100-SXM4-40GB,19.49,40.0,4,12200000000,76,4.997
gemma3:12b,3839,0.0,1.0,10,10,NVIDIA A100-SXM4-40GB,19.49,40.0,4,12200000000,111,5.429
gemma3:12b,4843,0.0,1.0,10,10,NVIDIA A100-SXM4-40GB,19.49,40.0,4,12200000000,56,5.288
gemma3:12b,3980,0.0,1.0,10,10,NVIDIA A100-SXM4-40GB,19.49,40.0,4,12200000000,73,3.131
gemma3:12b,4823,0.0,1.0,10,10,NVIDIA A100-SXM4-40GB,19.49,40.0,4,12200000000,98,4.186
gemma3:12b,4914,0.0,1.0,10,10,NVIDIA A100-SXM4-40GB,19.49,40.0,4,12200000000,104,7.573
gemma3:12b,4961,0.0,1.0,10,10,NVIDIA A100-SXM4-40GB,19.49,40.0,4,12200000000,56,3.365
gemma3:12b,4940,0.0,1.0,10,10,NVIDIA A100-SXM4-40GB,19.49,40.0,4,12200000000,129,4.746
gemma3:12b,5079,0.0,1.0,10,10,NVIDIA A100-SXM4-40GB,19.49,40.0,4,12200000000,98,3.987
gemma3:12b,5114,0.0,1.0,10,10,NVIDIA A100-SXM4-40GB,19.49,40.0,4,12200000000,109,4.41
gemma3:12b,6082,0.0,1.0,10,10,NVIDIA A100-SXM4-40GB,19.49,40.0,4,12200000000,54,3.704
gemma3:12b,6198,0.0,1.0,10,10,NVIDIA A100-SXM4-40GB,19.49,40.0,4,12200000000,56,3.822
gemma3:12b,6316,0.0,1.0,10,10,NVIDIA A100-SXM4-40GB,19.49,40.0,4,12200000000,56,3.799
gemma3:12b,7297,0.0,1.0,10,10,NVIDIA A100-SXM4-40GB,19.49,40.0,4,12200000000,54,4.274
gemma3:12b,7413,0.0,1.0,10,10,NVIDIA A100-SXM4-40GB,19.49,40.0,4,12200000000,56,4.283
gemma3:12b,7531,0.0,1.0,10,10,NVIDIA A100-SXM4-40GB,19.49,40.0,4,12200000000,56,4.347
gemma3:12b,8512,0.0,1.0,10,10,NVIDIA A100-SXM4-40GB,19.49,40.0,4,12200000000,54,4.466
gemma3:12b,8628,0.0,1.0,10,10,NVIDIA A100-SXM4-40GB,19.49,40.0,4,12200000000,54,4.478
gemma3:12b,8744,0.0,1.0,10,10,NVIDIA A100-SXM4-40GB,19.49,40.0,4,12200000000,56,4.392
gemma3:12b,9725,0.0,1.0,10,10,NVIDIA A100-SXM4-40GB,19.49,40.0,4,12200000000,54,4.513
gemma3:12b,9841,0.0,1.0,10,10,NVIDIA A100-SXM4-40GB,19.49,40.0,4,12200000000,54,4.443
gemma3:12b,9957,0.0,1.0,10,10,NVIDIA A100-SXM4-40GB,19.49,40.0,4,12200000000,54,4.452
gemma3:12b,10936,0.0,1.0,10,10,NVIDIA A100-SXM4-40GB,19.49,40.0,4,12200000000,54,4.464
gemma3:12b,11202,0.0,1.0,10,10,NVIDIA A100-SXM4-40GB,19.49,40.0,4,12200000000,54,4.505
gemma3:12b,1235,0.0,0.9,20,1,NVIDIA GH200,67.0,96.0,1,12200000000,48,1.169
gemma3:12b,1328,0.0,0.9,20,1,NVIDIA GH200,67.0,96.0,1,12200000000,87,1.483
gemma3:12b,1429,0.0,0.9,20,1,NVIDIA GH200,67.0,96.0,1,12200000000,60,1.274
gemma3:12b,2397,0.0,0.9,20,1,NVIDIA GH200,67.0,96.0,1,12200000000,50,1.387
gemma3:12b,2509,0.0,0.9,20,1,NVIDIA GH200,67.0,96.0,1,12200000000,116,2.135
gemma3:12b,2668,0.0,0.9,20,1,NVIDIA GH200,67.0,96.0,1,12200000000,69,1.594
gemma3:12b,1235,0.0,0.9,20,1,NVIDIA A100-SXM4-40GB,19.49,40.0,4,12200000000,48,2.047
gemma3:12b,1328,0.0,0.9,20,1,NVIDIA A100-SXM4-40GB,19.49,40.0,4,12200000000,84,2.485
gemma3:12b,1426,0.0,0.9,20,1,NVIDIA A100-SXM4-40GB,19.49,40.0,4,12200000000,72,2.294
gemma3:12b,2423,0.0,0.9,20,1,NVIDIA A100-SXM4-40GB,19.49,40.0,4,12200000000,119,3.544
gemma3:12b,2585,0.0,0.9,20,1,NVIDIA A100-SXM4-40GB,19.49,40.0,4,12200000000,59,2.603
gemma3:12b,2658,0.0,0.9,20,1,NVIDIA A100-SXM4-40GB,19.49,40.0,4,12200000000,62,2.563
gemma3:12b,3645,0.0,0.9,20,1,NVIDIA A100-SXM4-40GB,19.49,40.0,4,12200000000,139,4.211
gemma3:12b,1235,0.0,0.9,20,5,NVIDIA GH200,67.0,96.0,1,12200000000,48,2.849
gemma3:12b,1235,0.0,0.9,20,5,NVIDIA GH200,67.0,96.0,1,12200000000,48,2.836
gemma3:12b,1235,0.0,0.9,20,5,NVIDIA GH200,67.0,96.0,1,12200000000,48,2.767
gemma3:12b,1235,0.0,0.9,20,5,NVIDIA GH200,67.0,96.0,1,12200000000,48,2.14
gemma3:12b,1235,0.0,0.9,20,5,NVIDIA GH200,67.0,96.0,1,12200000000,48,2.012
gemma3:12b,1328,0.0,0.9,20,5,NVIDIA GH200,67.0,96.0,1,12200000000,84,3.636
gemma3:12b,1328,0.0,0.9,20,5,NVIDIA GH200,67.0,96.0,1,12200000000,84,3.657
gemma3:12b,1328,0.0,0.9,20,5,NVIDIA GH200,67.0,96.0,1,12200000000,84,3.574
gemma3:12b,1328,0.0,0.9,20,5,NVIDIA GH200,67.0,96.0,1,12200000000,86,3.716
gemma3:12b,1328,0.0,0.9,20,5,NVIDIA GH200,67.0,96.0,1,12200000000,87,3.225
gemma3:12b,1429,0.0,0.9,20,5,NVIDIA GH200,67.0,96.0,1,12200000000,62,3.213
gemma3:12b,1426,0.0,0.9,20,5,NVIDIA GH200,67.0,96.0,1,12200000000,72,3.465
gemma3:12b,1426,0.0,0.9,20,5,NVIDIA GH200,67.0,96.0,1,12200000000,70,3.422
gemma3:12b,1426,0.0,0.9,20,5,NVIDIA GH200,67.0,96.0,1,12200000000,70,3.454
gemma3:12b,1428,0.0,0.9,20,5,NVIDIA GH200,67.0,96.0,1,12200000000,72,3.404
gemma3:12b,2421,0.0,0.9,20,5,NVIDIA GH200,67.0,96.0,1,12200000000,46,3.911
gemma3:12b,2399,0.0,0.9,20,5,NVIDIA GH200,67.0,96.0,1,12200000000,76,5.137
gemma3:12b,2423,0.0,0.9,20,5,NVIDIA GH200,67.0,96.0,1,12200000000,94,5.958
gemma3:12b,2425,0.0,0.9,20,5,NVIDIA GH200,67.0,96.0,1,12200000000,94,5.882
gemma3:12b,2421,0.0,0.9,20,5,NVIDIA GH200,67.0,96.0,1,12200000000,117,7.525
gemma3:12b,2512,0.0,0.9,20,5,NVIDIA GH200,67.0,96.0,1,12200000000,84,5.069
gemma3:12b,2560,0.0,0.9,20,5,NVIDIA GH200,67.0,96.0,1,12200000000,59,4.025
gemma3:12b,2562,0.0,0.9,20,5,NVIDIA GH200,67.0,96.0,1,12200000000,74,4.708
gemma3:12b,2581,0.0,0.9,20,5,NVIDIA GH200,67.0,96.0,1,12200000000,58,4.038
gemma3:12b,2610,0.0,0.9,20,5,NVIDIA GH200,67.0,96.0,1,12200000000,40,3.19
gemma3:12b,2537,0.0,0.9,20,5,NVIDIA GH200,67.0,96.0,1,12200000000,123,7.653
gemma3:12b,2660,0.0,0.9,20,5,NVIDIA GH200,67.0,96.0,1,12200000000,65,4.168
gemma3:12b,2684,0.0,0.9,20,5,NVIDIA GH200,67.0,96.0,1,12200000000,48,2.695
gemma3:12b,2650,0.0,0.9,20,5,NVIDIA GH200,67.0,96.0,1,12200000000,84,4.101
gemma3:12b,2704,0.0,0.9,20,5,NVIDIA GH200,67.0,96.0,1,12200000000,95,4.296
gemma3:12b,3631,0.0,0.9,20,5,NVIDIA GH200,67.0,96.0,1,12200000000,58,2.992
gemma3:12b,3610,0.0,0.9,20,5,NVIDIA GH200,67.0,96.0,1,12200000000,88,4.789
gemma3:12b,3708,0.0,0.9,20,5,NVIDIA GH200,67.0,96.0,1,12200000000,98,3.488
gemma3:12b,3716,0.0,0.9,20,5,NVIDIA GH200,67.0,96.0,1,12200000000,123,3.721
gemma3:12b,3884,0.0,0.9,20,5,NVIDIA GH200,67.0,96.0,1,12200000000,112,2.354
gemma3:12b,1235,0.0,0.9,20,5,NVIDIA A100-SXM4-40GB,19.49,40.0,4,12200000000,48,1.784
gemma3:12b,1235,0.0,0.9,20,5,NVIDIA A100-SXM4-40GB,19.49,40.0,4,12200000000,48,1.849
gemma3:12b,1235,0.0,0.9,20,5,NVIDIA A100-SXM4-40GB,19.49,40.0,4,12200000000,48,2.654
gemma3:12b,1235,0.0,0.9,20,5,NVIDIA A100-SXM4-40GB,19.49,40.0,4,12200000000,54,2.455
gemma3:12b,1235,0.0,0.9,20,5,NVIDIA A100-SXM4-40GB,19.49,40.0,4,12200000000,48,1.862
gemma3:12b,1328,0.0,0.9,20,5,NVIDIA A100-SXM4-40GB,19.49,40.0,4,12200000000,87,2.287
gemma3:12b,1328,0.0,0.9,20,5,NVIDIA A100-SXM4-40GB,19.49,40.0,4,12200000000,64,2.004
gemma3:12b,1328,0.0,0.9,20,5,NVIDIA A100-SXM4-40GB,19.49,40.0,4,12200000000,64,2.021
gemma3:12b,1328,0.0,0.9,20,5,NVIDIA A100-SXM4-40GB,19.49,40.0,4,12200000000,83,3.33
gemma3:12b,1334,0.0,0.9,20,5,NVIDIA A100-SXM4-40GB,19.49,40.0,4,12200000000,97,3.454
gemma3:12b,1429,0.0,0.9,20,5,NVIDIA A100-SXM4-40GB,19.49,40.0,4,12200000000,62,2.012
gemma3:12b,1406,0.0,0.9,20,5,NVIDIA A100-SXM4-40GB,19.49,40.0,4,12200000000,62,1.955
gemma3:12b,1406,0.0,0.9,20,5,NVIDIA A100-SXM4-40GB,19.49,40.0,4,12200000000,62,1.978
gemma3:12b,2376,0.0,0.9,20,5,NVIDIA A100-SXM4-40GB,19.49,40.0,4,12200000000,52,2.216
gemma3:12b,2399,0.0,0.9,20,5,NVIDIA A100-SXM4-40GB,19.49,40.0,4,12200000000,76,2.538
gemma3:12b,1425,0.0,0.9,20,5,NVIDIA A100-SXM4-40GB,19.49,40.0,4,12200000000,64,2.939
gemma3:12b,1461,0.0,0.9,20,5,NVIDIA A100-SXM4-40GB,19.49,40.0,4,12200000000,72,2.881
gemma3:12b,2376,0.0,0.9,20,5,NVIDIA A100-SXM4-40GB,19.49,40.0,4,12200000000,52,2.253
gemma3:12b,2490,0.0,0.9,20,5,NVIDIA A100-SXM4-40GB,19.49,40.0,4,12200000000,72,2.569
gemma3:12b,2490,0.0,0.9,20,5,NVIDIA A100-SXM4-40GB,19.49,40.0,4,12200000000,53,2.296
gemma3:12b,2394,0.0,0.9,20,5,NVIDIA A100-SXM4-40GB,19.49,40.0,4,12200000000,50,3.344
gemma3:12b,2537,0.0,0.9,20,5,NVIDIA A100-SXM4-40GB,19.49,40.0,4,12200000000,125,3.305
gemma3:12b,2411,0.0,0.9,20,5,NVIDIA A100-SXM4-40GB,19.49,40.0,4,12200000000,54,3.244
gemma3:12b,2589,0.0,0.9,20,5,NVIDIA A100-SXM4-40GB,19.49,40.0,4,12200000000,70,2.612
gemma3:12b,2570,0.0,0.9,20,5,NVIDIA A100-SXM4-40GB,19.49,40.0,4,12200000000,90,2.97
gemma3:12b,2705,0.0,0.9,20,5,NVIDIA A100-SXM4-40GB,19.49,40.0,4,12200000000,83,2.728
gemma3:12b,2506,0.0,0.9,20,5,NVIDIA A100-SXM4-40GB,19.49,40.0,4,12200000000,50,3.519
gemma3:12b,3567,0.0,0.9,20,5,NVIDIA A100-SXM4-40GB,19.49,40.0,4,12200000000,71,2.972
gemma3:12b,3568,0.0,0.9,20,5,NVIDIA A100-SXM4-40GB,19.49,40.0,4,12200000000,68,3.008
gemma3:12b,3696,0.0,0.9,20,5,NVIDIA A100-SXM4-40GB,19.49,40.0,4,12200000000,74,3.049
gemma3:12b,2527,0.0,0.9,20,5,NVIDIA A100-SXM4-40GB,19.49,40.0,4,12200000000,118,5.828
gemma3:12b,3652,0.0,0.9,20,5,NVIDIA A100-SXM4-40GB,19.49,40.0,4,12200000000,60,2.854
gemma3:12b,3650,0.0,0.9,20,5,NVIDIA A100-SXM4-40GB,19.49,40.0,4,12200000000,61,2.891
gemma3:12b,2583,0.0,0.9,20,5,NVIDIA A100-SXM4-40GB,19.49,40.0,4,12200000000,104,4.668
gemma3:12b,3815,0.0,0.9,20,5,NVIDIA A100-SXM4-40GB,19.49,40.0,4,12200000000,76,3.094
gemma3:12b,3757,0.0,0.9,20,5,NVIDIA A100-SXM4-40GB,19.49,40.0,4,12200000000,98,3.355
gemma3:12b,3756,0.0,0.9,20,5,NVIDIA A100-SXM4-40GB,19.49,40.0,4,12200000000,75,3.107
gemma3:12b,3953,0.0,0.9,20,5,NVIDIA A100-SXM4-40GB,19.49,40.0,4,12200000000,78,3.133
gemma3:12b,2664,0.0,0.9,20,5,NVIDIA A100-SXM4-40GB,19.49,40.0,4,12200000000,150,6.111
gemma3:12b,3565,0.0,0.9,20,5,NVIDIA A100-SXM4-40GB,19.49,40.0,4,12200000000,126,4.281
gemma3:12b,3696,0.0,0.9,20,5,NVIDIA A100-SXM4-40GB,19.49,40.0,4,12200000000,79,3.301
gemma3:12b,4956,0.0,0.9,20,5,NVIDIA A100-SXM4-40GB,19.49,40.0,4,12200000000,94,3.682
gemma3:12b,3797,0.0,0.9,20,5,NVIDIA A100-SXM4-40GB,19.49,40.0,4,12200000000,132,4.363
gemma3:12b,3956,0.0,0.9,20,5,NVIDIA A100-SXM4-40GB,19.49,40.0,4,12200000000,79,3.528
gemma3:12b,4921,0.0,0.9,20,5,NVIDIA A100-SXM4-40GB,19.49,40.0,4,12200000000,161,5.143
gemma3:12b,1235,0.0,0.9,20,10,NVIDIA GH200,67.0,96.0,1,12200000000,48,4.229
gemma3:12b,1235,0.0,0.9,20,10,NVIDIA GH200,67.0,96.0,1,12200000000,48,4.229
gemma3:12b,1235,0.0,0.9,20,10,NVIDIA GH200,67.0,96.0,1,12200000000,48,4.242
gemma3:12b,1235,0.0,0.9,20,10,NVIDIA GH200,67.0,96.0,1,12200000000,48,4.035
gemma3:12b,1235,0.0,0.9,20,10,NVIDIA GH200,67.0,96.0,1,12200000000,48,3.979
gemma3:12b,1235,0.0,0.9,20,10,NVIDIA GH200,67.0,96.0,1,12200000000,48,4.246
gemma3:12b,1235,0.0,0.9,20,10,NVIDIA GH200,67.0,96.0,1,12200000000,48,4.059
gemma3:12b,1235,0.0,0.9,20,10,NVIDIA GH200,67.0,96.0,1,12200000000,48,3.467
gemma3:12b,1235,0.0,0.9,20,10,NVIDIA GH200,67.0,96.0,1,12200000000,48,4.002
gemma3:12b,1235,0.0,0.9,20,10,NVIDIA GH200,67.0,96.0,1,12200000000,48,2.9
gemma3:12b,1328,0.0,0.9,20,10,NVIDIA GH200,67.0,96.0,1,12200000000,83,5.162
gemma3:12b,1328,0.0,0.9,20,10,NVIDIA GH200,67.0,96.0,1,12200000000,84,5.209
gemma3:12b,1328,0.0,0.9,20,10,NVIDIA GH200,67.0,96.0,1,12200000000,84,5.209
gemma3:12b,1328,0.0,0.9,20,10,NVIDIA GH200,67.0,96.0,1,12200000000,86,5.227
gemma3:12b,1328,0.0,0.9,20,10,NVIDIA GH200,67.0,96.0,1,12200000000,84,5.187
gemma3:12b,1328,0.0,0.9,20,10,NVIDIA GH200,67.0,96.0,1,12200000000,86,5.276
gemma3:12b,1328,0.0,0.9,20,10,NVIDIA GH200,67.0,96.0,1,12200000000,87,5.277
gemma3:12b,1328,0.0,0.9,20,10,NVIDIA GH200,67.0,96.0,1,12200000000,86,5.299
gemma3:12b,1328,0.0,0.9,20,10,NVIDIA GH200,67.0,96.0,1,12200000000,86,5.364
gemma3:12b,1328,0.0,0.9,20,10,NVIDIA GH200,67.0,96.0,1,12200000000,88,5.353
gemma3:12b,1425,0.0,0.9,20,10,NVIDIA GH200,67.0,96.0,1,12200000000,60,4.758
gemma3:12b,1430,0.0,0.9,20,10,NVIDIA GH200,67.0,96.0,1,12200000000,59,4.615
gemma3:12b,1428,0.0,0.9,20,10,NVIDIA GH200,67.0,96.0,1,12200000000,63,4.87
gemma3:12b,1428,0.0,0.9,20,10,NVIDIA GH200,67.0,96.0,1,12200000000,63,4.781
gemma3:12b,1426,0.0,0.9,20,10,NVIDIA GH200,67.0,96.0,1,12200000000,70,4.944
gemma3:12b,1428,0.0,0.9,20,10,NVIDIA GH200,67.0,96.0,1,12200000000,70,4.9
gemma3:12b,1426,0.0,0.9,20,10,NVIDIA GH200,67.0,96.0,1,12200000000,71,5.298
gemma3:12b,1429,0.0,0.9,20,10,NVIDIA GH200,67.0,96.0,1,12200000000,72,5.186
gemma3:12b,1428,0.0,0.9,20,10,NVIDIA GH200,67.0,96.0,1,12200000000,72,5.167
gemma3:12b,1426,0.0,0.9,20,10,NVIDIA GH200,67.0,96.0,1,12200000000,99,9.989
gemma3:12b,2393,0.0,0.9,20,10,NVIDIA GH200,67.0,96.0,1,12200000000,52,6.678
gemma3:12b,2384,0.0,0.9,20,10,NVIDIA GH200,67.0,96.0,1,12200000000,50,6.5
gemma3:12b,2384,0.0,0.9,20,10,NVIDIA GH200,67.0,96.0,1,12200000000,50,6.521
gemma3:12b,2382,0.0,0.9,20,10,NVIDIA GH200,67.0,96.0,1,12200000000,52,6.659
gemma3:12b,2405,0.0,0.9,20,10,NVIDIA GH200,67.0,96.0,1,12200000000,50,6.144
gemma3:12b,2423,0.0,0.9,20,10,NVIDIA GH200,67.0,96.0,1,12200000000,48,6.225
gemma3:12b,2432,0.0,0.9,20,10,NVIDIA GH200,67.0,96.0,1,12200000000,77,5.984
gemma3:12b,2425,0.0,0.9,20,10,NVIDIA GH200,67.0,96.0,1,12200000000,119,10.882
gemma3:12b,2426,0.0,0.9,20,10,NVIDIA GH200,67.0,96.0,1,12200000000,119,10.87
gemma3:12b,2421,0.0,0.9,20,10,NVIDIA GH200,67.0,96.0,1,12200000000,117,11.061
gemma3:12b,2477,0.0,0.9,20,10,NVIDIA GH200,67.0,96.0,1,12200000000,67,7.086
gemma3:12b,2516,0.0,0.9,20,10,NVIDIA GH200,67.0,96.0,1,12200000000,86,8.246
gemma3:12b,2477,0.0,0.9,20,10,NVIDIA GH200,67.0,96.0,1,12200000000,97,8.972
gemma3:12b,2477,0.0,0.9,20,10,NVIDIA GH200,67.0,96.0,1,12200000000,101,9.236
gemma3:12b,2616,0.0,0.9,20,10,NVIDIA GH200,67.0,96.0,1,12200000000,14,2.44
gemma3:12b,2581,0.0,0.9,20,10,NVIDIA GH200,67.0,96.0,1,12200000000,59,6.116
gemma3:12b,2498,0.0,0.9,20,10,NVIDIA GH200,67.0,96.0,1,12200000000,134,11.086
gemma3:12b,2587,0.0,0.9,20,10,NVIDIA GH200,67.0,96.0,1,12200000000,76,6.806
gemma3:12b,2588,0.0,0.9,20,10,NVIDIA GH200,67.0,96.0,1,12200000000,74,6.921
gemma3:12b,2488,0.0,0.9,20,10,NVIDIA GH200,67.0,96.0,1,12200000000,144,12.465
gemma3:12b,2574,0.0,0.9,20,10,NVIDIA GH200,67.0,96.0,1,12200000000,77,7.584
gemma3:12b,2620,0.0,0.9,20,10,NVIDIA GH200,67.0,96.0,1,12200000000,81,6.644
gemma3:12b,2604,0.0,0.9,20,10,NVIDIA GH200,67.0,96.0,1,12200000000,95,7.142
gemma3:12b,2654,0.0,0.9,20,10,NVIDIA GH200,67.0,96.0,1,12200000000,75,5.642
gemma3:12b,2676,0.0,0.9,20,10,NVIDIA GH200,67.0,96.0,1,12200000000,85,6.47
gemma3:12b,2674,0.0,0.9,20,10,NVIDIA GH200,67.0,96.0,1,12200000000,87,5.903
gemma3:12b,2693,0.0,0.9,20,10,NVIDIA GH200,67.0,96.0,1,12200000000,90,6.901
gemma3:12b,2674,0.0,0.9,20,10,NVIDIA GH200,67.0,96.0,1,12200000000,102,7.435
gemma3:12b,3604,0.0,0.9,20,10,NVIDIA GH200,67.0,96.0,1,12200000000,70,5.911
gemma3:12b,3606,0.0,0.9,20,10,NVIDIA GH200,67.0,96.0,1,12200000000,79,6.283
gemma3:12b,3666,0.0,0.9,20,10,NVIDIA GH200,67.0,96.0,1,12200000000,97,6.754
gemma3:12b,3691,0.0,0.9,20,10,NVIDIA GH200,67.0,96.0,1,12200000000,98,6.717
gemma3:12b,3681,0.0,0.9,20,10,NVIDIA GH200,67.0,96.0,1,12200000000,100,6.698
gemma3:12b,3717,0.0,0.9,20,10,NVIDIA GH200,67.0,96.0,1,12200000000,87,6.61
gemma3:12b,3727,0.0,0.9,20,10,NVIDIA GH200,67.0,96.0,1,12200000000,119,8.117
gemma3:12b,3851,0.0,0.9,20,10,NVIDIA GH200,67.0,96.0,1,12200000000,88,6.443
gemma3:12b,3822,0.0,0.9,20,10,NVIDIA GH200,67.0,96.0,1,12200000000,100,6.745
gemma3:12b,3804,0.0,0.9,20,10,NVIDIA GH200,67.0,96.0,1,12200000000,127,7.929
gemma3:12b,3847,0.0,0.9,20,10,NVIDIA GH200,67.0,96.0,1,12200000000,127,6.48
gemma3:12b,3962,0.0,0.9,20,10,NVIDIA GH200,67.0,96.0,1,12200000000,97,4.1
gemma3:12b,3887,0.0,0.9,20,10,NVIDIA GH200,67.0,96.0,1,12200000000,162,6.382
gemma3:12b,3958,0.0,0.9,20,10,NVIDIA GH200,67.0,96.0,1,12200000000,121,5.291
gemma3:12b,4942,0.0,0.9,20,10,NVIDIA GH200,67.0,96.0,1,12200000000,98,4.915
gemma3:12b,4962,0.0,0.9,20,10,NVIDIA GH200,67.0,96.0,1,12200000000,156,6.198
gemma3:12b,5019,0.0,0.9,20,10,NVIDIA GH200,67.0,96.0,1,12200000000,211,4.843
gemma3:12b,1235,0.0,0.9,20,10,NVIDIA A100-SXM4-40GB,19.49,40.0,4,12200000000,48,2.595
gemma3:12b,1235,0.0,0.9,20,10,NVIDIA A100-SXM4-40GB,19.49,40.0,4,12200000000,48,2.437
gemma3:12b,1235,0.0,0.9,20,10,NVIDIA A100-SXM4-40GB,19.49,40.0,4,12200000000,48,2.611
gemma3:12b,1235,0.0,0.9,20,10,NVIDIA A100-SXM4-40GB,19.49,40.0,4,12200000000,48,3.283
gemma3:12b,1235,0.0,0.9,20,10,NVIDIA A100-SXM4-40GB,19.49,40.0,4,12200000000,48,3.094
gemma3:12b,1235,0.0,0.9,20,10,NVIDIA A100-SXM4-40GB,19.49,40.0,4,12200000000,48,3.032
gemma3:12b,1235,0.0,0.9,20,10,NVIDIA A100-SXM4-40GB,19.49,40.0,4,12200000000,63,2.682
gemma3:12b,1235,0.0,0.9,20,10,NVIDIA A100-SXM4-40GB,19.49,40.0,4,12200000000,48,3.389
gemma3:12b,1235,0.0,0.9,20,10,NVIDIA A100-SXM4-40GB,19.49,40.0,4,12200000000,48,3.409
gemma3:12b,1235,0.0,0.9,20,10,NVIDIA A100-SXM4-40GB,19.49,40.0,4,12200000000,48,2.677
gemma3:12b,1328,0.0,0.9,20,10,NVIDIA A100-SXM4-40GB,19.49,40.0,4,12200000000,87,3.345
gemma3:12b,1328,0.0,0.9,20,10,NVIDIA A100-SXM4-40GB,19.49,40.0,4,12200000000,87,3.365
gemma3:12b,1343,0.0,0.9,20,10,NVIDIA A100-SXM4-40GB,19.49,40.0,4,12200000000,75,2.849
gemma3:12b,1328,0.0,0.9,20,10,NVIDIA A100-SXM4-40GB,19.49,40.0,4,12200000000,89,3.313
gemma3:12b,1328,0.0,0.9,20,10,NVIDIA A100-SXM4-40GB,19.49,40.0,4,12200000000,84,4.072
gemma3:12b,1328,0.0,0.9,20,10,NVIDIA A100-SXM4-40GB,19.49,40.0,4,12200000000,87,4.183
gemma3:12b,1328,0.0,0.9,20,10,NVIDIA A100-SXM4-40GB,19.49,40.0,4,12200000000,89,4.19
gemma3:12b,1328,0.0,0.9,20,10,NVIDIA A100-SXM4-40GB,19.49,40.0,4,12200000000,84,4.112
gemma3:12b,1328,0.0,0.9,20,10,NVIDIA A100-SXM4-40GB,19.49,40.0,4,12200000000,82,4.075
gemma3:12b,1328,0.0,0.9,20,10,NVIDIA A100-SXM4-40GB,19.49,40.0,4,12200000000,87,4.231
gemma3:12b,1429,0.0,0.9,20,10,NVIDIA A100-SXM4-40GB,19.49,40.0,4,12200000000,60,2.898
gemma3:12b,1429,0.0,0.9,20,10,NVIDIA A100-SXM4-40GB,19.49,40.0,4,12200000000,62,2.916
gemma3:12b,1432,0.0,0.9,20,10,NVIDIA A100-SXM4-40GB,19.49,40.0,4,12200000000,70,2.943
gemma3:12b,1431,0.0,0.9,20,10,NVIDIA A100-SXM4-40GB,19.49,40.0,4,12200000000,72,2.848
gemma3:12b,1429,0.0,0.9,20,10,NVIDIA A100-SXM4-40GB,19.49,40.0,4,12200000000,62,3.709
gemma3:12b,1426,0.0,0.9,20,10,NVIDIA A100-SXM4-40GB,19.49,40.0,4,12200000000,70,3.818
gemma3:12b,1431,0.0,0.9,20,10,NVIDIA A100-SXM4-40GB,19.49,40.0,4,12200000000,70,3.716
gemma3:12b,1424,0.0,0.9,20,10,NVIDIA A100-SXM4-40GB,19.49,40.0,4,12200000000,59,3.715
gemma3:12b,1429,0.0,0.9,20,10,NVIDIA A100-SXM4-40GB,19.49,40.0,4,12200000000,62,3.642
gemma3:12b,1426,0.0,0.9,20,10,NVIDIA A100-SXM4-40GB,19.49,40.0,4,12200000000,70,3.843
gemma3:12b,2397,0.0,0.9,20,10,NVIDIA A100-SXM4-40GB,19.49,40.0,4,12200000000,50,3.38
gemma3:12b,2399,0.0,0.9,20,10,NVIDIA A100-SXM4-40GB,19.49,40.0,4,12200000000,76,3.739
gemma3:12b,2410,0.0,0.9,20,10,NVIDIA A100-SXM4-40GB,19.49,40.0,4,12200000000,54,3.413
gemma3:12b,2428,0.0,0.9,20,10,NVIDIA A100-SXM4-40GB,19.49,40.0,4,12200000000,127,5.294
gemma3:12b,2376,0.0,0.9,20,10,NVIDIA A100-SXM4-40GB,19.49,40.0,4,12200000000,52,4.572
gemma3:12b,2399,0.0,0.9,20,10,NVIDIA A100-SXM4-40GB,19.49,40.0,4,12200000000,76,5.166
gemma3:12b,2408,0.0,0.9,20,10,NVIDIA A100-SXM4-40GB,19.49,40.0,4,12200000000,79,5.088
gemma3:12b,2399,0.0,0.9,20,10,NVIDIA A100-SXM4-40GB,19.49,40.0,4,12200000000,76,5.06
gemma3:12b,2403,0.0,0.9,20,10,NVIDIA A100-SXM4-40GB,19.49,40.0,4,12200000000,79,4.967
gemma3:12b,2490,0.0,0.9,20,10,NVIDIA A100-SXM4-40GB,19.49,40.0,4,12200000000,144,5.273
gemma3:12b,2518,0.0,0.9,20,10,NVIDIA A100-SXM4-40GB,19.49,40.0,4,12200000000,145,4.903
gemma3:12b,2507,0.0,0.9,20,10,NVIDIA A100-SXM4-40GB,19.49,40.0,4,12200000000,137,5.051
gemma3:12b,2598,0.0,0.9,20,10,NVIDIA A100-SXM4-40GB,19.49,40.0,4,12200000000,65,2.921
gemma3:12b,2421,0.0,0.9,20,10,NVIDIA A100-SXM4-40GB,19.49,40.0,4,12200000000,117,7.592
gemma3:12b,2471,0.0,0.9,20,10,NVIDIA A100-SXM4-40GB,19.49,40.0,4,12200000000,59,4.841
gemma3:12b,2512,0.0,0.9,20,10,NVIDIA A100-SXM4-40GB,19.49,40.0,4,12200000000,63,4.43
gemma3:12b,2517,0.0,0.9,20,10,NVIDIA A100-SXM4-40GB,19.49,40.0,4,12200000000,66,4.982
gemma3:12b,2676,0.0,0.9,20,10,NVIDIA A100-SXM4-40GB,19.49,40.0,4,12200000000,77,4.214
gemma3:12b,2693,0.0,0.9,20,10,NVIDIA A100-SXM4-40GB,19.49,40.0,4,12200000000,85,4.191
gemma3:12b,2677,0.0,0.9,20,10,NVIDIA A100-SXM4-40GB,19.49,40.0,4,12200000000,74,3.904
gemma3:12b,2686,0.0,0.9,20,10,NVIDIA A100-SXM4-40GB,19.49,40.0,4,12200000000,80,4.101
gemma3:12b,2581,0.0,0.9,20,10,NVIDIA A100-SXM4-40GB,19.49,40.0,4,12200000000,66,3.14
gemma3:12b,2518,0.0,0.9,20,10,NVIDIA A100-SXM4-40GB,19.49,40.0,4,12200000000,109,6.55
gemma3:12b,2518,0.0,0.9,20,10,NVIDIA A100-SXM4-40GB,19.49,40.0,4,12200000000,145,7.502
gemma3:12b,3658,0.0,0.9,20,10,NVIDIA A100-SXM4-40GB,19.49,40.0,4,12200000000,69,3.009
gemma3:12b,3433,0.0,0.9,20,10,NVIDIA A100-SXM4-40GB,19.49,40.0,4,12200000000,62,4.107
gemma3:12b,3671,0.0,0.9,20,10,NVIDIA A100-SXM4-40GB,19.49,40.0,4,12200000000,129,3.839
gemma3:12b,2692,0.0,0.9,20,10,NVIDIA A100-SXM4-40GB,19.49,40.0,4,12200000000,70,3.914
gemma3:12b,2657,0.0,0.9,20,10,NVIDIA A100-SXM4-40GB,19.49,40.0,4,12200000000,98,4.741
gemma3:12b,3525,0.0,0.9,20,10,NVIDIA A100-SXM4-40GB,19.49,40.0,4,12200000000,61,3.173
gemma3:12b,2693,0.0,0.9,20,10,NVIDIA A100-SXM4-40GB,19.49,40.0,4,12200000000,84,4.371
gemma3:12b,3768,0.0,0.9,20,10,NVIDIA A100-SXM4-40GB,19.49,40.0,4,12200000000,124,3.87
gemma3:12b,3841,0.0,0.9,20,10,NVIDIA A100-SXM4-40GB,19.49,40.0,4,12200000000,135,3.981
gemma3:12b,3670,0.0,0.9,20,10,NVIDIA A100-SXM4-40GB,19.49,40.0,4,12200000000,120,3.786
gemma3:12b,4489,0.0,0.9,20,10,NVIDIA A100-SXM4-40GB,19.49,40.0,4,12200000000,65,3.375
gemma3:12b,3932,0.0,0.9,20,10,NVIDIA A100-SXM4-40GB,19.49,40.0,4,12200000000,113,3.658
gemma3:12b,4016,0.0,0.9,20,10,NVIDIA A100-SXM4-40GB,19.49,40.0,4,12200000000,133,4.065
gemma3:12b,5457,0.0,0.9,20,10,NVIDIA A100-SXM4-40GB,19.49,40.0,4,12200000000,65,3.711
gemma3:12b,5051,0.0,0.9,20,10,NVIDIA A100-SXM4-40GB,19.49,40.0,4,12200000000,117,4.07
gemma3:12b,6425,0.0,0.9,20,10,NVIDIA A100-SXM4-40GB,19.49,40.0,4,12200000000,65,4.214
gemma3:12b,7393,0.0,0.9,20,10,NVIDIA A100-SXM4-40GB,19.49,40.0,4,12200000000,65,4.596
gemma3:12b,8361,0.0,0.9,20,10,NVIDIA A100-SXM4-40GB,19.49,40.0,4,12200000000,65,4.751
gemma3:12b,9329,0.0,0.9,20,10,NVIDIA A100-SXM4-40GB,19.49,40.0,4,12200000000,65,4.76
gemma3:12b,10297,0.0,0.9,20,10,NVIDIA A100-SXM4-40GB,19.49,40.0,4,12200000000,5,3.796
gemma3:12b,1235,0.0,0.95,20,1,NVIDIA GH200,67.0,96.0,1,12200000000,48,1.195
gemma3:12b,1328,0.0,0.95,20,1,NVIDIA GH200,67.0,96.0,1,12200000000,86,1.509
gemma3:12b,1428,0.0,0.95,20,1,NVIDIA GH200,67.0,96.0,1,12200000000,70,1.378
gemma3:12b,2405,0.0,0.95,20,1,NVIDIA GH200,67.0,96.0,1,12200000000,79,1.701
gemma3:12b,2514,0.0,0.95,20,1,NVIDIA GH200,67.0,96.0,1,12200000000,64,1.525
gemma3:12b,1235,0.0,0.95,20,1,NVIDIA A100-SXM4-40GB,19.49,40.0,4,12200000000,48,1.983
gemma3:12b,1328,0.0,0.95,20,1,NVIDIA A100-SXM4-40GB,19.49,40.0,4,12200000000,87,2.509
gemma3:12b,1429,0.0,0.95,20,1,NVIDIA A100-SXM4-40GB,19.49,40.0,4,12200000000,60,2.147
gemma3:12b,2397,0.0,0.95,20,1,NVIDIA A100-SXM4-40GB,19.49,40.0,4,12200000000,50,2.325
gemma3:12b,2509,0.0,0.95,20,1,NVIDIA A100-SXM4-40GB,19.49,40.0,4,12200000000,116,3.488
gemma3:12b,2668,0.0,0.95,20,1,NVIDIA A100-SXM4-40GB,19.49,40.0,4,12200000000,69,2.669
gemma3:12b,1235,0.0,0.95,20,5,NVIDIA GH200,67.0,96.0,1,12200000000,48,2.79
gemma3:12b,1235,0.0,0.95,20,5,NVIDIA GH200,67.0,96.0,1,12200000000,48,2.829
gemma3:12b,1235,0.0,0.95,20,5,NVIDIA GH200,67.0,96.0,1,12200000000,48,2.389
gemma3:12b,1235,0.0,0.95,20,5,NVIDIA GH200,67.0,96.0,1,12200000000,48,2.399
gemma3:12b,1235,0.0,0.95,20,5,NVIDIA GH200,67.0,96.0,1,12200000000,48,2.726
gemma3:12b,1328,0.0,0.95,20,5,NVIDIA GH200,67.0,96.0,1,12200000000,82,3.609
gemma3:12b,1328,0.0,0.95,20,5,NVIDIA GH200,67.0,96.0,1,12200000000,83,3.616
gemma3:12b,1328,0.0,0.95,20,5,NVIDIA GH200,67.0,96.0,1,12200000000,87,3.736
gemma3:12b,1328,0.0,0.95,20,5,NVIDIA GH200,67.0,96.0,1,12200000000,87,3.729
gemma3:12b,1328,0.0,0.95,20,5,NVIDIA GH200,67.0,96.0,1,12200000000,87,3.778
gemma3:12b,1424,0.0,0.95,20,5,NVIDIA GH200,67.0,96.0,1,12200000000,61,3.277
gemma3:12b,1429,0.0,0.95,20,5,NVIDIA GH200,67.0,96.0,1,12200000000,60,3.08
gemma3:12b,1429,0.0,0.95,20,5,NVIDIA GH200,67.0,96.0,1,12200000000,62,3.149
gemma3:12b,1425,0.0,0.95,20,5,NVIDIA GH200,67.0,96.0,1,12200000000,74,3.424
gemma3:12b,1429,0.0,0.95,20,5,NVIDIA GH200,67.0,96.0,1,12200000000,60,2.617
gemma3:12b,2378,0.0,0.95,20,5,NVIDIA GH200,67.0,96.0,1,12200000000,50,4.039
gemma3:12b,2397,0.0,0.95,20,5,NVIDIA GH200,67.0,96.0,1,12200000000,50,4.038
gemma3:12b,2407,0.0,0.95,20,5,NVIDIA GH200,67.0,96.0,1,12200000000,50,3.814
gemma3:12b,2397,0.0,0.95,20,5,NVIDIA GH200,67.0,96.0,1,12200000000,50,3.145
gemma3:12b,2399,0.0,0.95,20,5,NVIDIA GH200,67.0,96.0,1,12200000000,76,4.316
gemma3:12b,2518,0.0,0.95,20,5,NVIDIA GH200,67.0,96.0,1,12200000000,93,4.873
gemma3:12b,2471,0.0,0.95,20,5,NVIDIA GH200,67.0,96.0,1,12200000000,100,5.326
gemma3:12b,2490,0.0,0.95,20,5,NVIDIA GH200,67.0,96.0,1,12200000000,133,7.181
gemma3:12b,2500,0.0,0.95,20,5,NVIDIA GH200,67.0,96.0,1,12200000000,143,7.36
gemma3:12b,2490,0.0,0.95,20,5,NVIDIA GH200,67.0,96.0,1,12200000000,144,7.423
gemma3:12b,2641,0.0,0.95,20,5,NVIDIA GH200,67.0,96.0,1,12200000000,68,4.727
gemma3:12b,2613,0.0,0.95,20,5,NVIDIA GH200,67.0,96.0,1,12200000000,90,5.236
gemma3:12b,2665,0.0,0.95,20,5,NVIDIA GH200,67.0,96.0,1,12200000000,86,4.75
gemma3:12b,2685,0.0,0.95,20,5,NVIDIA GH200,67.0,96.0,1,12200000000,80,4.612
gemma3:12b,2676,0.0,0.95,20,5,NVIDIA GH200,67.0,96.0,1,12200000000,84,4.578
gemma3:12b,3608,0.0,0.95,20,5,NVIDIA GH200,67.0,96.0,1,12200000000,109,5.582
gemma3:12b,3656,0.0,0.95,20,5,NVIDIA GH200,67.0,96.0,1,12200000000,84,5.202
gemma3:12b,3670,0.0,0.95,20,5,NVIDIA GH200,67.0,96.0,1,12200000000,89,5.446
gemma3:12b,3665,0.0,0.95,20,5,NVIDIA GH200,67.0,96.0,1,12200000000,136,8.208
gemma3:12b,3800,0.0,0.95,20,5,NVIDIA GH200,67.0,96.0,1,12200000000,78,4.447
gemma3:12b,3781,0.0,0.95,20,5,NVIDIA GH200,67.0,96.0,1,12200000000,88,4.762
gemma3:12b,3758,0.0,0.95,20,5,NVIDIA GH200,67.0,96.0,1,12200000000,127,8.103
gemma3:12b,3842,0.0,0.95,20,5,NVIDIA GH200,67.0,96.0,1,12200000000,132,6.545
gemma3:12b,3911,0.0,0.95,20,5,NVIDIA GH200,67.0,96.0,1,12200000000,86,4.875
gemma3:12b,3923,0.0,0.95,20,5,NVIDIA GH200,67.0,96.0,1,12200000000,126,7.296
gemma3:12b,3927,0.0,0.95,20,5,NVIDIA GH200,67.0,96.0,1,12200000000,140,5.9
gemma3:12b,4890,0.0,0.95,20,5,NVIDIA GH200,67.0,96.0,1,12200000000,58,3.391
gemma3:12b,4016,0.0,0.95,20,5,NVIDIA GH200,67.0,96.0,1,12200000000,130,5.745
gemma3:12b,5852,0.0,0.95,20,5,NVIDIA GH200,67.0,96.0,1,12200000000,93,4.245
gemma3:12b,5039,0.0,0.95,20,5,NVIDIA GH200,67.0,96.0,1,12200000000,73,4.009
gemma3:12b,5986,0.0,0.95,20,5,NVIDIA GH200,67.0,96.0,1,12200000000,93,4.255
gemma3:12b,5157,0.0,0.95,20,5,NVIDIA GH200,67.0,96.0,1,12200000000,74,3.812
gemma3:12b,6109,0.0,0.95,20,5,NVIDIA GH200,67.0,96.0,1,12200000000,91,4.398
gemma3:12b,5245,0.0,0.95,20,5,NVIDIA GH200,67.0,96.0,1,12200000000,76,2.862
gemma3:12b,7103,0.0,0.95,20,5,NVIDIA GH200,67.0,96.0,1,12200000000,94,4.893
gemma3:12b,6229,0.0,0.95,20,5,NVIDIA GH200,67.0,96.0,1,12200000000,135,6.083
gemma3:12b,7237,0.0,0.95,20,5,NVIDIA GH200,67.0,96.0,1,12200000000,77,2.929
gemma3:12b,8218,0.0,0.95,20,5,NVIDIA GH200,67.0,96.0,1,12200000000,148,3.77
gemma3:12b,1235,0.0,0.95,20,5,NVIDIA A100-SXM4-40GB,19.49,40.0,4,12200000000,48,1.901
gemma3:12b,1235,0.0,0.95,20,5,NVIDIA A100-SXM4-40GB,19.49,40.0,4,12200000000,48,1.875
gemma3:12b,1235,0.0,0.95,20,5,NVIDIA A100-SXM4-40GB,19.49,40.0,4,12200000000,48,1.847
gemma3:12b,1235,0.0,0.95,20,5,NVIDIA A100-SXM4-40GB,19.49,40.0,4,12200000000,48,2.62
gemma3:12b,1235,0.0,0.95,20,5,NVIDIA A100-SXM4-40GB,19.49,40.0,4,12200000000,48,2.209
gemma3:12b,1328,0.0,0.95,20,5,NVIDIA A100-SXM4-40GB,19.49,40.0,4,12200000000,89,2.363
gemma3:12b,1328,0.0,0.95,20,5,NVIDIA A100-SXM4-40GB,19.49,40.0,4,12200000000,87,2.337
gemma3:12b,1328,0.0,0.95,20,5,NVIDIA A100-SXM4-40GB,19.49,40.0,4,12200000000,87,2.367
gemma3:12b,1328,0.0,0.95,20,5,NVIDIA A100-SXM4-40GB,19.49,40.0,4,12200000000,84,3.29
gemma3:12b,1328,0.0,0.95,20,5,NVIDIA A100-SXM4-40GB,19.49,40.0,4,12200000000,87,3.362
gemma3:12b,1431,0.0,0.95,20,5,NVIDIA A100-SXM4-40GB,19.49,40.0,4,12200000000,70,2.124
gemma3:12b,1429,0.0,0.95,20,5,NVIDIA A100-SXM4-40GB,19.49,40.0,4,12200000000,60,1.978
gemma3:12b,1429,0.0,0.95,20,5,NVIDIA A100-SXM4-40GB,19.49,40.0,4,12200000000,60,2.001
gemma3:12b,2397,0.0,0.95,20,5,NVIDIA A100-SXM4-40GB,19.49,40.0,4,12200000000,50,2.189
gemma3:12b,1429,0.0,0.95,20,5,NVIDIA A100-SXM4-40GB,19.49,40.0,4,12200000000,60,2.852
gemma3:12b,1426,0.0,0.95,20,5,NVIDIA A100-SXM4-40GB,19.49,40.0,4,12200000000,70,3.025
gemma3:12b,2397,0.0,0.95,20,5,NVIDIA A100-SXM4-40GB,19.49,40.0,4,12200000000,50,2.212
gemma3:12b,2426,0.0,0.95,20,5,NVIDIA A100-SXM4-40GB,19.49,40.0,4,12200000000,127,3.305
gemma3:12b,2596,0.0,0.95,20,5,NVIDIA A100-SXM4-40GB,19.49,40.0,4,12200000000,50,2.192
gemma3:12b,2509,0.0,0.95,20,5,NVIDIA A100-SXM4-40GB,19.49,40.0,4,12200000000,114,3.117
gemma3:12b,2397,0.0,0.95,20,5,NVIDIA A100-SXM4-40GB,19.49,40.0,4,12200000000,50,3.364
gemma3:12b,2509,0.0,0.95,20,5,NVIDIA A100-SXM4-40GB,19.49,40.0,4,12200000000,127,3.488
gemma3:12b,2421,0.0,0.95,20,5,NVIDIA A100-SXM4-40GB,19.49,40.0,4,12200000000,114,5.33
gemma3:12b,2665,0.0,0.95,20,5,NVIDIA A100-SXM4-40GB,19.49,40.0,4,12200000000,69,2.507
gemma3:12b,2688,0.0,0.95,20,5,NVIDIA A100-SXM4-40GB,19.49,40.0,4,12200000000,71,2.74
gemma3:12b,2679,0.0,0.95,20,5,NVIDIA A100-SXM4-40GB,19.49,40.0,4,12200000000,48,2.27
gemma3:12b,2509,0.0,0.95,20,5,NVIDIA A100-SXM4-40GB,19.49,40.0,4,12200000000,70,3.796
gemma3:12b,3635,0.0,0.95,20,5,NVIDIA A100-SXM4-40GB,19.49,40.0,4,12200000000,50,2.674
gemma3:12b,2578,0.0,0.95,20,5,NVIDIA A100-SXM4-40GB,19.49,40.0,4,12200000000,59,3.669
gemma3:12b,3667,0.0,0.95,20,5,NVIDIA A100-SXM4-40GB,19.49,40.0,4,12200000000,114,3.535
gemma3:12b,2606,0.0,0.95,20,5,NVIDIA A100-SXM4-40GB,19.49,40.0,4,12200000000,120,4.896
gemma3:12b,2682,0.0,0.95,20,5,NVIDIA A100-SXM4-40GB,19.49,40.0,4,12200000000,70,3.028
gemma3:12b,3747,0.0,0.95,20,5,NVIDIA A100-SXM4-40GB,19.49,40.0,4,12200000000,128,3.983
gemma3:12b,3905,0.0,0.95,20,5,NVIDIA A100-SXM4-40GB,19.49,40.0,4,12200000000,52,2.914
gemma3:12b,3604,0.0,0.95,20,5,NVIDIA A100-SXM4-40GB,19.49,40.0,4,12200000000,62,4.461
gemma3:12b,3677,0.0,0.95,20,5,NVIDIA A100-SXM4-40GB,19.49,40.0,4,12200000000,174,6.353
gemma3:12b,4882,0.0,0.95,20,5,NVIDIA A100-SXM4-40GB,19.49,40.0,4,12200000000,52,3.347
gemma3:12b,4996,0.0,0.95,20,5,NVIDIA A100-SXM4-40GB,19.49,40.0,4,12200000000,127,4.526
gemma3:12b,5153,0.0,0.95,20,5,NVIDIA A100-SXM4-40GB,19.49,40.0,4,12200000000,52,3.402
gemma3:12b,6130,0.0,0.95,20,5,NVIDIA A100-SXM4-40GB,19.49,40.0,4,12200000000,52,3.822
gemma3:12b,6244,0.0,0.95,20,5,NVIDIA A100-SXM4-40GB,19.49,40.0,4,12200000000,52,3.895
gemma3:12b,6358,0.0,0.95,20,5,NVIDIA A100-SXM4-40GB,19.49,40.0,4,12200000000,52,3.941
gemma3:12b,7335,0.0,0.95,20,5,NVIDIA A100-SXM4-40GB,19.49,40.0,4,12200000000,52,4.338
gemma3:12b,7449,0.0,0.95,20,5,NVIDIA A100-SXM4-40GB,19.49,40.0,4,12200000000,52,4.365
gemma3:12b,7563,0.0,0.95,20,5,NVIDIA A100-SXM4-40GB,19.49,40.0,4,12200000000,52,4.474
gemma3:12b,8540,0.0,0.95,20,5,NVIDIA A100-SXM4-40GB,19.49,40.0,4,12200000000,52,4.509
gemma3:12b,8654,0.0,0.95,20,5,NVIDIA A100-SXM4-40GB,19.49,40.0,4,12200000000,85,5.045
gemma3:12b,1235,0.0,0.95,20,10,NVIDIA GH200,67.0,96.0,1,12200000000,48,4.189
gemma3:12b,1235,0.0,0.95,20,10,NVIDIA GH200,67.0,96.0,1,12200000000,48,4.232
gemma3:12b,1235,0.0,0.95,20,10,NVIDIA GH200,67.0,96.0,1,12200000000,48,4.159
gemma3:12b,1235,0.0,0.95,20,10,NVIDIA GH200,67.0,96.0,1,12200000000,48,3.98
gemma3:12b,1235,0.0,0.95,20,10,NVIDIA GH200,67.0,96.0,1,12200000000,48,4.185
gemma3:12b,1235,0.0,0.95,20,10,NVIDIA GH200,67.0,96.0,1,12200000000,48,4.198
gemma3:12b,1235,0.0,0.95,20,10,NVIDIA GH200,67.0,96.0,1,12200000000,48,3.407
gemma3:12b,1235,0.0,0.95,20,10,NVIDIA GH200,67.0,96.0,1,12200000000,48,3.542
gemma3:12b,1235,0.0,0.95,20,10,NVIDIA GH200,67.0,96.0,1,12200000000,49,3.9
gemma3:12b,1235,0.0,0.95,20,10,NVIDIA GH200,67.0,96.0,1,12200000000,48,3.079
gemma3:12b,1328,0.0,0.95,20,10,NVIDIA GH200,67.0,96.0,1,12200000000,81,5.025
gemma3:12b,1328,0.0,0.95,20,10,NVIDIA GH200,67.0,96.0,1,12200000000,87,5.182
gemma3:12b,1328,0.0,0.95,20,10,NVIDIA GH200,67.0,96.0,1,12200000000,84,5.094
gemma3:12b,1328,0.0,0.95,20,10,NVIDIA GH200,67.0,96.0,1,12200000000,87,5.213
gemma3:12b,1328,0.0,0.95,20,10,NVIDIA GH200,67.0,96.0,1,12200000000,86,5.217
gemma3:12b,1328,0.0,0.95,20,10,NVIDIA GH200,67.0,96.0,1,12200000000,87,5.218
gemma3:12b,1328,0.0,0.95,20,10,NVIDIA GH200,67.0,96.0,1,12200000000,86,5.218
gemma3:12b,1328,0.0,0.95,20,10,NVIDIA GH200,67.0,96.0,1,12200000000,86,5.262
gemma3:12b,1328,0.0,0.95,20,10,NVIDIA GH200,67.0,96.0,1,12200000000,89,5.247
gemma3:12b,1329,0.0,0.95,20,10,NVIDIA GH200,67.0,96.0,1,12200000000,89,5.292
gemma3:12b,1429,0.0,0.95,20,10,NVIDIA GH200,67.0,96.0,1,12200000000,60,4.684
gemma3:12b,1431,0.0,0.95,20,10,NVIDIA GH200,67.0,96.0,1,12200000000,62,4.63
gemma3:12b,1429,0.0,0.95,20,10,NVIDIA GH200,67.0,96.0,1,12200000000,62,4.807
gemma3:12b,1428,0.0,0.95,20,10,NVIDIA GH200,67.0,96.0,1,12200000000,62,4.727
gemma3:12b,1428,0.0,0.95,20,10,NVIDIA GH200,67.0,96.0,1,12200000000,62,4.704
gemma3:12b,1429,0.0,0.95,20,10,NVIDIA GH200,67.0,96.0,1,12200000000,62,4.704
gemma3:12b,1428,0.0,0.95,20,10,NVIDIA GH200,67.0,96.0,1,12200000000,62,4.684
gemma3:12b,1423,0.0,0.95,20,10,NVIDIA GH200,67.0,96.0,1,12200000000,72,4.993
gemma3:12b,1426,0.0,0.95,20,10,NVIDIA GH200,67.0,96.0,1,12200000000,70,4.903
gemma3:12b,1432,0.0,0.95,20,10,NVIDIA GH200,67.0,96.0,1,12200000000,72,4.752
gemma3:12b,2397,0.0,0.95,20,10,NVIDIA GH200,67.0,96.0,1,12200000000,50,6.62
gemma3:12b,2411,0.0,0.95,20,10,NVIDIA GH200,67.0,96.0,1,12200000000,50,6.337
gemma3:12b,2402,0.0,0.95,20,10,NVIDIA GH200,67.0,96.0,1,12200000000,52,6.371
gemma3:12b,2401,0.0,0.95,20,10,NVIDIA GH200,67.0,96.0,1,12200000000,50,6.648
gemma3:12b,2398,0.0,0.95,20,10,NVIDIA GH200,67.0,96.0,1,12200000000,76,9.665
gemma3:12b,2399,0.0,0.95,20,10,NVIDIA GH200,67.0,96.0,1,12200000000,76,9.664
gemma3:12b,2398,0.0,0.95,20,10,NVIDIA GH200,67.0,96.0,1,12200000000,76,9.663
gemma3:12b,2398,0.0,0.95,20,10,NVIDIA GH200,67.0,96.0,1,12200000000,76,9.666
gemma3:12b,2399,0.0,0.95,20,10,NVIDIA GH200,67.0,96.0,1,12200000000,76,9.667
gemma3:12b,2403,0.0,0.95,20,10,NVIDIA GH200,67.0,96.0,1,12200000000,79,9.478
gemma3:12b,3364,0.0,0.95,20,10,NVIDIA GH200,67.0,96.0,1,12200000000,47,7.252
gemma3:12b,3357,0.0,0.95,20,10,NVIDIA GH200,67.0,96.0,1,12200000000,46,7.228
gemma3:12b,2512,0.0,0.95,20,10,NVIDIA GH200,67.0,96.0,1,12200000000,63,6.585
gemma3:12b,2494,0.0,0.95,20,10,NVIDIA GH200,67.0,96.0,1,12200000000,91,9.665
gemma3:12b,2517,0.0,0.95,20,10,NVIDIA GH200,67.0,96.0,1,12200000000,93,8.037
gemma3:12b,2518,0.0,0.95,20,10,NVIDIA GH200,67.0,96.0,1,12200000000,93,8.036
gemma3:12b,2517,0.0,0.95,20,10,NVIDIA GH200,67.0,96.0,1,12200000000,93,8.068
gemma3:12b,2490,0.0,0.95,20,10,NVIDIA GH200,67.0,96.0,1,12200000000,144,13.391
gemma3:12b,2518,0.0,0.95,20,10,NVIDIA GH200,67.0,96.0,1,12200000000,119,10.467
gemma3:12b,3448,0.0,0.95,20,10,NVIDIA GH200,67.0,96.0,1,12200000000,81,6.481
gemma3:12b,3456,0.0,0.95,20,10,NVIDIA GH200,67.0,96.0,1,12200000000,89,8.705
gemma3:12b,2615,0.0,0.95,20,10,NVIDIA GH200,67.0,96.0,1,12200000000,83,7.723
gemma3:12b,2517,0.0,0.95,20,10,NVIDIA GH200,67.0,96.0,1,12200000000,180,15.23
gemma3:12b,2640,0.0,0.95,20,10,NVIDIA GH200,67.0,96.0,1,12200000000,68,7.171
gemma3:12b,2641,0.0,0.95,20,10,NVIDIA GH200,67.0,96.0,1,12200000000,77,8.041
gemma3:12b,3543,0.0,0.95,20,10,NVIDIA GH200,67.0,96.0,1,12200000000,52,5.759
gemma3:12b,2640,0.0,0.95,20,10,NVIDIA GH200,67.0,96.0,1,12200000000,86,8.532
gemma3:12b,2667,0.0,0.95,20,10,NVIDIA GH200,67.0,96.0,1,12200000000,79,7.242
gemma3:12b,2676,0.0,0.95,20,10,NVIDIA GH200,67.0,96.0,1,12200000000,97,7.981
gemma3:12b,3603,0.0,0.95,20,10,NVIDIA GH200,67.0,96.0,1,12200000000,74,5.38
gemma3:12b,3559,0.0,0.95,20,10,NVIDIA GH200,67.0,96.0,1,12200000000,128,7.521
gemma3:12b,2739,0.0,0.95,20,10,NVIDIA GH200,67.0,96.0,1,12200000000,92,5.742
gemma3:12b,4498,0.0,0.95,20,10,NVIDIA GH200,67.0,96.0,1,12200000000,119,6.278
gemma3:12b,3678,0.0,0.95,20,10,NVIDIA GH200,67.0,96.0,1,12200000000,102,4.936
gemma3:12b,3722,0.0,0.95,20,10,NVIDIA GH200,67.0,96.0,1,12200000000,80,3.639
gemma3:12b,3724,0.0,0.95,20,10,NVIDIA GH200,67.0,96.0,1,12200000000,95,4.467
gemma3:12b,3847,0.0,0.95,20,10,NVIDIA GH200,67.0,96.0,1,12200000000,75,3.196
gemma3:12b,3821,0.0,0.95,20,10,NVIDIA GH200,67.0,96.0,1,12200000000,104,3.613
gemma3:12b,3965,0.0,0.95,20,10,NVIDIA GH200,67.0,96.0,1,12200000000,93,3.489
gemma3:12b,4826,0.0,0.95,20,10,NVIDIA GH200,67.0,96.0,1,12200000000,115,3.934
gemma3:12b,4960,0.0,0.95,20,10,NVIDIA GH200,67.0,96.0,1,12200000000,92,2.455
gemma3:12b,5091,0.0,0.95,20,10,NVIDIA GH200,67.0,96.0,1,12200000000,94,2.5
gemma3:12b,5215,0.0,0.95,20,10,NVIDIA GH200,67.0,96.0,1,12200000000,94,2.524
gemma3:12b,6202,0.0,0.95,20,10,NVIDIA GH200,67.0,96.0,1,12200000000,94,2.769
gemma3:12b,6326,0.0,0.95,20,10,NVIDIA GH200,67.0,96.0,1,12200000000,92,2.785
gemma3:12b,6448,0.0,0.95,20,10,NVIDIA GH200,67.0,96.0,1,12200000000,94,2.834
gemma3:12b,7435,0.0,0.95,20,10,NVIDIA GH200,67.0,96.0,1,12200000000,92,3.062
gemma3:12b,7557,0.0,0.95,20,10,NVIDIA GH200,67.0,96.0,1,12200000000,92,3.086
gemma3:12b,7679,0.0,0.95,20,10,NVIDIA GH200,67.0,96.0,1,12200000000,94,3.225
gemma3:12b,8666,0.0,0.95,20,10,NVIDIA GH200,67.0,96.0,1,12200000000,94,3.238
gemma3:12b,8790,0.0,0.95,20,10,NVIDIA GH200,67.0,96.0,1,12200000000,92,3.217
gemma3:12b,8912,0.0,0.95,20,10,NVIDIA GH200,67.0,96.0,1,12200000000,45,2.602
gemma3:12b,1235,0.0,0.95,20,10,NVIDIA A100-SXM4-40GB,19.49,40.0,4,12200000000,48,2.656
gemma3:12b,1235,0.0,0.95,20,10,NVIDIA A100-SXM4-40GB,19.49,40.0,4,12200000000,48,2.653
gemma3:12b,1235,0.0,0.95,20,10,NVIDIA A100-SXM4-40GB,19.49,40.0,4,12200000000,48,2.635
gemma3:12b,1235,0.0,0.95,20,10,NVIDIA A100-SXM4-40GB,19.49,40.0,4,12200000000,48,2.419
gemma3:12b,1235,0.0,0.95,20,10,NVIDIA A100-SXM4-40GB,19.49,40.0,4,12200000000,48,3.317
gemma3:12b,1235,0.0,0.95,20,10,NVIDIA A100-SXM4-40GB,19.49,40.0,4,12200000000,48,3.265
gemma3:12b,1235,0.0,0.95,20,10,NVIDIA A100-SXM4-40GB,19.49,40.0,4,12200000000,48,2.978
gemma3:12b,1235,0.0,0.95,20,10,NVIDIA A100-SXM4-40GB,19.49,40.0,4,12200000000,48,2.887
gemma3:12b,1235,0.0,0.95,20,10,NVIDIA A100-SXM4-40GB,19.49,40.0,4,12200000000,48,2.814
gemma3:12b,1235,0.0,0.95,20,10,NVIDIA A100-SXM4-40GB,19.49,40.0,4,12200000000,48,2.321
gemma3:12b,1328,0.0,0.95,20,10,NVIDIA A100-SXM4-40GB,19.49,40.0,4,12200000000,64,2.852
gemma3:12b,1328,0.0,0.95,20,10,NVIDIA A100-SXM4-40GB,19.49,40.0,4,12200000000,87,3.163
gemma3:12b,1328,0.0,0.95,20,10,NVIDIA A100-SXM4-40GB,19.49,40.0,4,12200000000,84,3.245
gemma3:12b,1328,0.0,0.95,20,10,NVIDIA A100-SXM4-40GB,19.49,40.0,4,12200000000,87,3.335
gemma3:12b,1328,0.0,0.95,20,10,NVIDIA A100-SXM4-40GB,19.49,40.0,4,12200000000,83,4.137
gemma3:12b,1328,0.0,0.95,20,10,NVIDIA A100-SXM4-40GB,19.49,40.0,4,12200000000,84,4.09
gemma3:12b,1328,0.0,0.95,20,10,NVIDIA A100-SXM4-40GB,19.49,40.0,4,12200000000,84,4.085
gemma3:12b,1328,0.0,0.95,20,10,NVIDIA A100-SXM4-40GB,19.49,40.0,4,12200000000,89,4.272
gemma3:12b,1328,0.0,0.95,20,10,NVIDIA A100-SXM4-40GB,19.49,40.0,4,12200000000,87,4.069
gemma3:12b,1328,0.0,0.95,20,10,NVIDIA A100-SXM4-40GB,19.49,40.0,4,12200000000,87,4.205
gemma3:12b,1406,0.0,0.95,20,10,NVIDIA A100-SXM4-40GB,19.49,40.0,4,12200000000,63,2.897
gemma3:12b,1429,0.0,0.95,20,10,NVIDIA A100-SXM4-40GB,19.49,40.0,4,12200000000,96,3.024
gemma3:12b,1426,0.0,0.95,20,10,NVIDIA A100-SXM4-40GB,19.49,40.0,4,12200000000,70,3.088
gemma3:12b,1429,0.0,0.95,20,10,NVIDIA A100-SXM4-40GB,19.49,40.0,4,12200000000,72,3.087
gemma3:12b,1425,0.0,0.95,20,10,NVIDIA A100-SXM4-40GB,19.49,40.0,4,12200000000,61,3.771
gemma3:12b,1429,0.0,0.95,20,10,NVIDIA A100-SXM4-40GB,19.49,40.0,4,12200000000,62,3.642
gemma3:12b,1429,0.0,0.95,20,10,NVIDIA A100-SXM4-40GB,19.49,40.0,4,12200000000,62,3.674
gemma3:12b,1426,0.0,0.95,20,10,NVIDIA A100-SXM4-40GB,19.49,40.0,4,12200000000,70,3.805
gemma3:12b,1426,0.0,0.95,20,10,NVIDIA A100-SXM4-40GB,19.49,40.0,4,12200000000,70,3.84
gemma3:12b,1431,0.0,0.95,20,10,NVIDIA A100-SXM4-40GB,19.49,40.0,4,12200000000,72,3.841
gemma3:12b,2433,0.0,0.95,20,10,NVIDIA A100-SXM4-40GB,19.49,40.0,4,12200000000,52,2.933
gemma3:12b,2377,0.0,0.95,20,10,NVIDIA A100-SXM4-40GB,19.49,40.0,4,12200000000,75,3.723
gemma3:12b,2426,0.0,0.95,20,10,NVIDIA A100-SXM4-40GB,19.49,40.0,4,12200000000,119,4.698
gemma3:12b,2421,0.0,0.95,20,10,NVIDIA A100-SXM4-40GB,19.49,40.0,4,12200000000,117,4.747
gemma3:12b,2379,0.0,0.95,20,10,NVIDIA A100-SXM4-40GB,19.49,40.0,4,12200000000,50,4.542
gemma3:12b,2399,0.0,0.95,20,10,NVIDIA A100-SXM4-40GB,19.49,40.0,4,12200000000,73,5.065
gemma3:12b,2514,0.0,0.95,20,10,NVIDIA A100-SXM4-40GB,19.49,40.0,4,12200000000,106,4.303
gemma3:12b,2547,0.0,0.95,20,10,NVIDIA A100-SXM4-40GB,19.49,40.0,4,12200000000,116,4.686
gemma3:12b,2399,0.0,0.95,20,10,NVIDIA A100-SXM4-40GB,19.49,40.0,4,12200000000,76,5.419
gemma3:12b,2428,0.0,0.95,20,10,NVIDIA A100-SXM4-40GB,19.49,40.0,4,12200000000,88,5.228
gemma3:12b,2581,0.0,0.95,20,10,NVIDIA A100-SXM4-40GB,19.49,40.0,4,12200000000,48,3.429
gemma3:12b,2588,0.0,0.95,20,10,NVIDIA A100-SXM4-40GB,19.49,40.0,4,12200000000,56,3.589
gemma3:12b,2421,0.0,0.95,20,10,NVIDIA A100-SXM4-40GB,19.49,40.0,4,12200000000,117,7.74
gemma3:12b,2421,0.0,0.95,20,10,NVIDIA A100-SXM4-40GB,19.49,40.0,4,12200000000,122,7.85
gemma3:12b,2706,0.0,0.95,20,10,NVIDIA A100-SXM4-40GB,19.49,40.0,4,12200000000,50,3.468
gemma3:12b,2665,0.0,0.95,20,10,NVIDIA A100-SXM4-40GB,19.49,40.0,4,12200000000,92,4.242
gemma3:12b,2491,0.0,0.95,20,10,NVIDIA A100-SXM4-40GB,19.49,40.0,4,12200000000,77,5.23
gemma3:12b,2671,0.0,0.95,20,10,NVIDIA A100-SXM4-40GB,19.49,40.0,4,12200000000,68,3.868
gemma3:12b,2689,0.0,0.95,20,10,NVIDIA A100-SXM4-40GB,19.49,40.0,4,12200000000,70,3.87
gemma3:12b,2559,0.0,0.95,20,10,NVIDIA A100-SXM4-40GB,19.49,40.0,4,12200000000,67,4.928
gemma3:12b,2534,0.0,0.95,20,10,NVIDIA A100-SXM4-40GB,19.49,40.0,4,12200000000,92,5.693
gemma3:12b,3681,0.0,0.95,20,10,NVIDIA A100-SXM4-40GB,19.49,40.0,4,12200000000,52,2.703
gemma3:12b,2537,0.0,0.95,20,10,NVIDIA A100-SXM4-40GB,19.49,40.0,4,12200000000,121,6.368
gemma3:12b,2581,0.0,0.95,20,10,NVIDIA A100-SXM4-40GB,19.49,40.0,4,12200000000,66,4.023
gemma3:12b,2586,0.0,0.95,20,10,NVIDIA A100-SXM4-40GB,19.49,40.0,4,12200000000,66,5.076
gemma3:12b,2610,0.0,0.95,20,10,NVIDIA A100-SXM4-40GB,19.49,40.0,4,12200000000,46,3.831
gemma3:12b,3684,0.0,0.95,20,10,NVIDIA A100-SXM4-40GB,19.49,40.0,4,12200000000,14,3.377
gemma3:12b,3629,0.0,0.95,20,10,NVIDIA A100-SXM4-40GB,19.49,40.0,4,12200000000,95,4.712
gemma3:12b,3795,0.0,0.95,20,10,NVIDIA A100-SXM4-40GB,19.49,40.0,4,12200000000,118,3.742
gemma3:12b,2640,0.0,0.95,20,10,NVIDIA A100-SXM4-40GB,19.49,40.0,4,12200000000,69,4.994
gemma3:12b,2697,0.0,0.95,20,10,NVIDIA A100-SXM4-40GB,19.49,40.0,4,12200000000,72,3.212
gemma3:12b,2671,0.0,0.95,20,10,NVIDIA A100-SXM4-40GB,19.49,40.0,4,12200000000,123,5.617
gemma3:12b,2692,0.0,0.95,20,10,NVIDIA A100-SXM4-40GB,19.49,40.0,4,12200000000,67,5.528
gemma3:12b,3560,0.0,0.95,20,10,NVIDIA A100-SXM4-40GB,19.49,40.0,4,12200000000,64,3.884
gemma3:12b,2700,0.0,0.95,20,10,NVIDIA A100-SXM4-40GB,19.49,40.0,4,12200000000,74,5.71
gemma3:12b,3943,0.0,0.95,20,10,NVIDIA A100-SXM4-40GB,19.49,40.0,4,12200000000,50,2.734
gemma3:12b,3769,0.0,0.95,20,10,NVIDIA A100-SXM4-40GB,19.49,40.0,4,12200000000,93,3.213
gemma3:12b,3677,0.0,0.95,20,10,NVIDIA A100-SXM4-40GB,19.49,40.0,4,12200000000,75,3.125
gemma3:12b,4918,0.0,0.95,20,10,NVIDIA A100-SXM4-40GB,19.49,40.0,4,12200000000,52,3.137
gemma3:12b,3779,0.0,0.95,20,10,NVIDIA A100-SXM4-40GB,19.49,40.0,4,12200000000,81,3.09
gemma3:12b,5032,0.0,0.95,20,10,NVIDIA A100-SXM4-40GB,19.49,40.0,4,12200000000,52,3.24
gemma3:12b,3667,0.0,0.95,20,10,NVIDIA A100-SXM4-40GB,19.49,40.0,4,12200000000,90,6.882
gemma3:12b,3681,0.0,0.95,20,10,NVIDIA A100-SXM4-40GB,19.49,40.0,4,12200000000,89,6.903
gemma3:12b,3651,0.0,0.95,20,10,NVIDIA A100-SXM4-40GB,19.49,40.0,4,12200000000,109,7.361
gemma3:12b,5146,0.0,0.95,20,10,NVIDIA A100-SXM4-40GB,19.49,40.0,4,12200000000,118,4.316
gemma3:12b,3774,0.0,0.95,20,10,NVIDIA A100-SXM4-40GB,19.49,40.0,4,12200000000,92,4.921
gemma3:12b,3810,0.0,0.95,20,10,NVIDIA A100-SXM4-40GB,19.49,40.0,4,12200000000,94,5.31
gemma3:12b,6157,0.0,0.95,20,10,NVIDIA A100-SXM4-40GB,19.49,40.0,4,12200000000,50,3.685
gemma3:12b,3946,0.0,0.95,20,10,NVIDIA A100-SXM4-40GB,19.49,40.0,4,12200000000,99,5.796
gemma3:12b,4791,0.0,0.95,20,10,NVIDIA A100-SXM4-40GB,19.49,40.0,4,12200000000,120,6.169
gemma3:12b,6269,0.0,0.95,20,10,NVIDIA A100-SXM4-40GB,19.49,40.0,4,12200000000,50,3.76
gemma3:12b,6381,0.0,0.95,20,10,NVIDIA A100-SXM4-40GB,19.49,40.0,4,12200000000,52,3.805
gemma3:12b,7358,0.0,0.95,20,10,NVIDIA A100-SXM4-40GB,19.49,40.0,4,12200000000,50,4.28
gemma3:12b,7470,0.0,0.95,20,10,NVIDIA A100-SXM4-40GB,19.49,40.0,4,12200000000,118,5.227
gemma3:12b,7618,0.0,0.95,20,10,NVIDIA A100-SXM4-40GB,19.49,40.0,4,12200000000,50,4.268
gemma3:12b,8593,0.0,0.95,20,10,NVIDIA A100-SXM4-40GB,19.49,40.0,4,12200000000,50,4.395
gemma3:12b,1235,0.0,1.0,20,1,NVIDIA GH200,67.0,96.0,1,12200000000,48,1.219
gemma3:12b,1328,0.0,1.0,20,1,NVIDIA GH200,67.0,96.0,1,12200000000,84,1.523
gemma3:12b,1426,0.0,1.0,20,1,NVIDIA GH200,67.0,96.0,1,12200000000,87,1.582
gemma3:12b,2420,0.0,1.0,20,1,NVIDIA GH200,67.0,96.0,1,12200000000,98,1.989
gemma3:12b,2563,0.0,1.0,20,1,NVIDIA GH200,67.0,96.0,1,12200000000,110,2.061
gemma3:12b,1235,0.0,1.0,20,1,NVIDIA A100-SXM4-40GB,19.49,40.0,4,12200000000,48,2.05
gemma3:12b,1328,0.0,1.0,20,1,NVIDIA A100-SXM4-40GB,19.49,40.0,4,12200000000,87,2.54
gemma3:12b,1429,0.0,1.0,20,1,NVIDIA A100-SXM4-40GB,19.49,40.0,4,12200000000,62,2.16
gemma3:12b,2399,0.0,1.0,20,1,NVIDIA A100-SXM4-40GB,19.49,40.0,4,12200000000,76,2.765
gemma3:12b,2537,0.0,1.0,20,1,NVIDIA A100-SXM4-40GB,19.49,40.0,4,12200000000,123,3.58
gemma3:12b,2704,0.0,1.0,20,1,NVIDIA A100-SXM4-40GB,19.49,40.0,4,12200000000,67,2.765
gemma3:12b,3680,0.0,1.0,20,1,NVIDIA A100-SXM4-40GB,19.49,40.0,4,12200000000,57,2.964
gemma3:12b,3777,0.0,1.0,20,1,NVIDIA A100-SXM4-40GB,19.49,40.0,4,12200000000,82,3.521
gemma3:12b,3904,0.0,1.0,20,1,NVIDIA A100-SXM4-40GB,19.49,40.0,4,12200000000,115,3.907
gemma3:12b,1235,0.0,1.0,20,5,NVIDIA GH200,67.0,96.0,1,12200000000,48,2.819
gemma3:12b,1235,0.0,1.0,20,5,NVIDIA GH200,67.0,96.0,1,12200000000,48,2.791
gemma3:12b,1235,0.0,1.0,20,5,NVIDIA GH200,67.0,96.0,1,12200000000,48,2.71
gemma3:12b,1235,0.0,1.0,20,5,NVIDIA GH200,67.0,96.0,1,12200000000,48,2.807
gemma3:12b,1235,0.0,1.0,20,5,NVIDIA GH200,67.0,96.0,1,12200000000,48,2.163
gemma3:12b,1328,0.0,1.0,20,5,NVIDIA GH200,67.0,96.0,1,12200000000,84,3.6
gemma3:12b,1328,0.0,1.0,20,5,NVIDIA GH200,67.0,96.0,1,12200000000,83,3.639
gemma3:12b,1328,0.0,1.0,20,5,NVIDIA GH200,67.0,96.0,1,12200000000,84,3.596
gemma3:12b,1328,0.0,1.0,20,5,NVIDIA GH200,67.0,96.0,1,12200000000,86,3.654
gemma3:12b,1328,0.0,1.0,20,5,NVIDIA GH200,67.0,96.0,1,12200000000,87,3.688
gemma3:12b,1425,0.0,1.0,20,5,NVIDIA GH200,67.0,96.0,1,12200000000,60,3.174
gemma3:12b,1429,0.0,1.0,20,5,NVIDIA GH200,67.0,96.0,1,12200000000,62,3.166
gemma3:12b,1426,0.0,1.0,20,5,NVIDIA GH200,67.0,96.0,1,12200000000,70,3.346
gemma3:12b,1426,0.0,1.0,20,5,NVIDIA GH200,67.0,96.0,1,12200000000,70,3.294
gemma3:12b,1428,0.0,1.0,20,5,NVIDIA GH200,67.0,96.0,1,12200000000,70,3.286
gemma3:12b,2393,0.0,1.0,20,5,NVIDIA GH200,67.0,96.0,1,12200000000,50,3.89
gemma3:12b,2399,0.0,1.0,20,5,NVIDIA GH200,67.0,96.0,1,12200000000,76,4.907
gemma3:12b,2403,0.0,1.0,20,5,NVIDIA GH200,67.0,96.0,1,12200000000,79,4.823
gemma3:12b,2403,0.0,1.0,20,5,NVIDIA GH200,67.0,96.0,1,12200000000,79,4.789
gemma3:12b,2405,0.0,1.0,20,5,NVIDIA GH200,67.0,96.0,1,12200000000,79,4.783
gemma3:12b,2512,0.0,1.0,20,5,NVIDIA GH200,67.0,96.0,1,12200000000,64,3.802
gemma3:12b,2512,0.0,1.0,20,5,NVIDIA GH200,67.0,96.0,1,12200000000,64,3.802
gemma3:12b,2514,0.0,1.0,20,5,NVIDIA GH200,67.0,96.0,1,12200000000,71,3.923
gemma3:12b,2518,0.0,1.0,20,5,NVIDIA GH200,67.0,96.0,1,12200000000,93,4.357
gemma3:12b,2486,0.0,1.0,20,5,NVIDIA GH200,67.0,96.0,1,12200000000,134,5.451
gemma3:12b,2641,0.0,1.0,20,5,NVIDIA GH200,67.0,96.0,1,12200000000,68,2.373
gemma3:12b,2662,0.0,1.0,20,5,NVIDIA GH200,67.0,96.0,1,12200000000,84,2.615
gemma3:12b,3651,0.0,1.0,20,5,NVIDIA GH200,67.0,96.0,1,12200000000,113,2.347
gemma3:12b,3805,0.0,1.0,20,5,NVIDIA GH200,67.0,96.0,1,12200000000,109,2.328
gemma3:12b,3954,0.0,1.0,20,5,NVIDIA GH200,67.0,96.0,1,12200000000,113,2.54
gemma3:12b,4971,0.0,1.0,20,5,NVIDIA GH200,67.0,96.0,1,12200000000,155,3.085
gemma3:12b,1235,0.0,1.0,20,5,NVIDIA A100-SXM4-40GB,19.49,40.0,4,12200000000,48,1.909
gemma3:12b,1235,0.0,1.0,20,5,NVIDIA A100-SXM4-40GB,19.49,40.0,4,12200000000,48,1.852
gemma3:12b,1235,0.0,1.0,20,5,NVIDIA A100-SXM4-40GB,19.49,40.0,4,12200000000,48,1.988
gemma3:12b,1235,0.0,1.0,20,5,NVIDIA A100-SXM4-40GB,19.49,40.0,4,12200000000,48,2.682
gemma3:12b,1235,0.0,1.0,20,5,NVIDIA A100-SXM4-40GB,19.49,40.0,4,12200000000,48,2.388
gemma3:12b,1328,0.0,1.0,20,5,NVIDIA A100-SXM4-40GB,19.49,40.0,4,12200000000,87,2.355
gemma3:12b,1328,0.0,1.0,20,5,NVIDIA A100-SXM4-40GB,19.49,40.0,4,12200000000,84,2.225
gemma3:12b,1328,0.0,1.0,20,5,NVIDIA A100-SXM4-40GB,19.49,40.0,4,12200000000,87,2.471
gemma3:12b,1328,0.0,1.0,20,5,NVIDIA A100-SXM4-40GB,19.49,40.0,4,12200000000,84,3.265
gemma3:12b,1328,0.0,1.0,20,5,NVIDIA A100-SXM4-40GB,19.49,40.0,4,12200000000,84,3.249
gemma3:12b,1429,0.0,1.0,20,5,NVIDIA A100-SXM4-40GB,19.49,40.0,4,12200000000,60,1.964
gemma3:12b,1426,0.0,1.0,20,5,NVIDIA A100-SXM4-40GB,19.49,40.0,4,12200000000,70,2.066
gemma3:12b,1429,0.0,1.0,20,5,NVIDIA A100-SXM4-40GB,19.49,40.0,4,12200000000,60,2.058
gemma3:12b,2397,0.0,1.0,20,5,NVIDIA A100-SXM4-40GB,19.49,40.0,4,12200000000,50,2.253
gemma3:12b,1426,0.0,1.0,20,5,NVIDIA A100-SXM4-40GB,19.49,40.0,4,12200000000,70,3.028
gemma3:12b,1426,0.0,1.0,20,5,NVIDIA A100-SXM4-40GB,19.49,40.0,4,12200000000,72,3.032
gemma3:12b,2397,0.0,1.0,20,5,NVIDIA A100-SXM4-40GB,19.49,40.0,4,12200000000,50,2.248
gemma3:12b,2421,0.0,1.0,20,5,NVIDIA A100-SXM4-40GB,19.49,40.0,4,12200000000,117,3.125
gemma3:12b,2581,0.0,1.0,20,5,NVIDIA A100-SXM4-40GB,19.49,40.0,4,12200000000,50,2.243
gemma3:12b,2509,0.0,1.0,20,5,NVIDIA A100-SXM4-40GB,19.49,40.0,4,12200000000,116,3.293
gemma3:12b,2509,0.0,1.0,20,5,NVIDIA A100-SXM4-40GB,19.49,40.0,4,12200000000,116,3.38
gemma3:12b,2423,0.0,1.0,20,5,NVIDIA A100-SXM4-40GB,19.49,40.0,4,12200000000,94,4.31
gemma3:12b,2421,0.0,1.0,20,5,NVIDIA A100-SXM4-40GB,19.49,40.0,4,12200000000,116,4.667
gemma3:12b,2673,0.0,1.0,20,5,NVIDIA A100-SXM4-40GB,19.49,40.0,4,12200000000,51,2.253
gemma3:12b,2668,0.0,1.0,20,5,NVIDIA A100-SXM4-40GB,19.49,40.0,4,12200000000,69,2.484
gemma3:12b,2668,0.0,1.0,20,5,NVIDIA A100-SXM4-40GB,19.49,40.0,4,12200000000,69,2.608
gemma3:12b,2560,0.0,1.0,20,5,NVIDIA A100-SXM4-40GB,19.49,40.0,4,12200000000,58,3.702
gemma3:12b,2580,0.0,1.0,20,5,NVIDIA A100-SXM4-40GB,19.49,40.0,4,12200000000,58,3.45
gemma3:12b,3614,0.0,1.0,20,5,NVIDIA A100-SXM4-40GB,19.49,40.0,4,12200000000,106,3.641
gemma3:12b,2679,0.0,1.0,20,5,NVIDIA A100-SXM4-40GB,19.49,40.0,4,12200000000,60,3.812
gemma3:12b,3765,0.0,1.0,20,5,NVIDIA A100-SXM4-40GB,19.49,40.0,4,12200000000,75,3.078
gemma3:12b,2663,0.0,1.0,20,5,NVIDIA A100-SXM4-40GB,19.49,40.0,4,12200000000,65,3.904
gemma3:12b,3645,0.0,1.0,20,5,NVIDIA A100-SXM4-40GB,19.49,40.0,4,12200000000,68,4.729
gemma3:12b,3606,0.0,1.0,20,5,NVIDIA A100-SXM4-40GB,19.49,40.0,4,12200000000,110,6.424
gemma3:12b,3752,0.0,1.0,20,5,NVIDIA A100-SXM4-40GB,19.49,40.0,4,12200000000,102,3.785
gemma3:12b,1235,0.0,1.0,20,10,NVIDIA GH200,67.0,96.0,1,12200000000,48,4.171
gemma3:12b,1235,0.0,1.0,20,10,NVIDIA GH200,67.0,96.0,1,12200000000,48,4.186
gemma3:12b,1235,0.0,1.0,20,10,NVIDIA GH200,67.0,96.0,1,12200000000,49,4.144
gemma3:12b,1235,0.0,1.0,20,10,NVIDIA GH200,67.0,96.0,1,12200000000,48,4.146
gemma3:12b,1235,0.0,1.0,20,10,NVIDIA GH200,67.0,96.0,1,12200000000,48,3.66
gemma3:12b,1235,0.0,1.0,20,10,NVIDIA GH200,67.0,96.0,1,12200000000,48,3.785
gemma3:12b,1235,0.0,1.0,20,10,NVIDIA GH200,67.0,96.0,1,12200000000,48,3.302
gemma3:12b,1235,0.0,1.0,20,10,NVIDIA GH200,67.0,96.0,1,12200000000,48,3.117
gemma3:12b,1235,0.0,1.0,20,10,NVIDIA GH200,67.0,96.0,1,12200000000,48,3.322
gemma3:12b,1235,0.0,1.0,20,10,NVIDIA GH200,67.0,96.0,1,12200000000,63,5.827
gemma3:12b,1328,0.0,1.0,20,10,NVIDIA GH200,67.0,96.0,1,12200000000,63,4.719
gemma3:12b,1328,0.0,1.0,20,10,NVIDIA GH200,67.0,96.0,1,12200000000,84,5.467
gemma3:12b,1343,0.0,1.0,20,10,NVIDIA GH200,67.0,96.0,1,12200000000,75,2.905
gemma3:12b,1328,0.0,1.0,20,10,NVIDIA GH200,67.0,96.0,1,12200000000,84,5.398
gemma3:12b,1328,0.0,1.0,20,10,NVIDIA GH200,67.0,96.0,1,12200000000,84,5.377
gemma3:12b,1328,0.0,1.0,20,10,NVIDIA GH200,67.0,96.0,1,12200000000,84,5.419
gemma3:12b,1328,0.0,1.0,20,10,NVIDIA GH200,67.0,96.0,1,12200000000,87,5.581
gemma3:12b,1329,0.0,1.0,20,10,NVIDIA GH200,67.0,96.0,1,12200000000,89,5.619
gemma3:12b,1328,0.0,1.0,20,10,NVIDIA GH200,67.0,96.0,1,12200000000,87,5.591
gemma3:12b,1328,0.0,1.0,20,10,NVIDIA GH200,67.0,96.0,1,12200000000,88,5.66
gemma3:12b,1405,0.0,1.0,20,10,NVIDIA GH200,67.0,96.0,1,12200000000,63,4.918
gemma3:12b,1430,0.0,1.0,20,10,NVIDIA GH200,67.0,96.0,1,12200000000,59,4.738
gemma3:12b,1429,0.0,1.0,20,10,NVIDIA GH200,67.0,96.0,1,12200000000,62,4.905
gemma3:12b,1426,0.0,1.0,20,10,NVIDIA GH200,67.0,96.0,1,12200000000,70,5.17
gemma3:12b,1426,0.0,1.0,20,10,NVIDIA GH200,67.0,96.0,1,12200000000,70,5.178
gemma3:12b,1426,0.0,1.0,20,10,NVIDIA GH200,67.0,96.0,1,12200000000,70,5.179
gemma3:12b,1426,0.0,1.0,20,10,NVIDIA GH200,67.0,96.0,1,12200000000,70,5.159
gemma3:12b,1432,0.0,1.0,20,10,NVIDIA GH200,67.0,96.0,1,12200000000,70,5.162
gemma3:12b,1429,0.0,1.0,20,10,NVIDIA GH200,67.0,96.0,1,12200000000,72,5.383
gemma3:12b,1432,0.0,1.0,20,10,NVIDIA GH200,67.0,96.0,1,12200000000,86,9.588
gemma3:12b,2376,0.0,1.0,20,10,NVIDIA GH200,67.0,96.0,1,12200000000,52,6.779
gemma3:12b,2382,0.0,1.0,20,10,NVIDIA GH200,67.0,96.0,1,12200000000,50,6.249
gemma3:12b,2408,0.0,1.0,20,10,NVIDIA GH200,67.0,96.0,1,12200000000,50,5.568
gemma3:12b,2399,0.0,1.0,20,10,NVIDIA GH200,67.0,96.0,1,12200000000,76,8.648
gemma3:12b,2403,0.0,1.0,20,10,NVIDIA GH200,67.0,96.0,1,12200000000,79,8.537
gemma3:12b,2403,0.0,1.0,20,10,NVIDIA GH200,67.0,96.0,1,12200000000,79,8.481
gemma3:12b,2403,0.0,1.0,20,10,NVIDIA GH200,67.0,96.0,1,12200000000,79,8.481
gemma3:12b,2403,0.0,1.0,20,10,NVIDIA GH200,67.0,96.0,1,12200000000,79,8.481
gemma3:12b,2409,0.0,1.0,20,10,NVIDIA GH200,67.0,96.0,1,12200000000,78,8.34
gemma3:12b,2426,0.0,1.0,20,10,NVIDIA GH200,67.0,96.0,1,12200000000,54,4.212
gemma3:12b,3361,0.0,1.0,20,10,NVIDIA GH200,67.0,96.0,1,12200000000,46,7.038
gemma3:12b,2471,0.0,1.0,20,10,NVIDIA GH200,67.0,96.0,1,12200000000,93,8.952
gemma3:12b,2512,0.0,1.0,20,10,NVIDIA GH200,67.0,96.0,1,12200000000,64,6.376
gemma3:12b,2512,0.0,1.0,20,10,NVIDIA GH200,67.0,96.0,1,12200000000,64,6.376
gemma3:12b,2512,0.0,1.0,20,10,NVIDIA GH200,67.0,96.0,1,12200000000,64,6.376
gemma3:12b,2512,0.0,1.0,20,10,NVIDIA GH200,67.0,96.0,1,12200000000,64,6.401
gemma3:12b,2517,0.0,1.0,20,10,NVIDIA GH200,67.0,96.0,1,12200000000,66,6.51
gemma3:12b,2475,0.0,1.0,20,10,NVIDIA GH200,67.0,96.0,1,12200000000,122,10.042
gemma3:12b,2523,0.0,1.0,20,10,NVIDIA GH200,67.0,96.0,1,12200000000,94,7.612
gemma3:12b,2518,0.0,1.0,20,10,NVIDIA GH200,67.0,96.0,1,12200000000,109,9.07
gemma3:12b,3452,0.0,1.0,20,10,NVIDIA GH200,67.0,96.0,1,12200000000,87,5.552
gemma3:12b,2594,0.0,1.0,20,10,NVIDIA GH200,67.0,96.0,1,12200000000,81,5.243
gemma3:12b,2639,0.0,1.0,20,10,NVIDIA GH200,67.0,96.0,1,12200000000,62,4.496
gemma3:12b,2647,0.0,1.0,20,10,NVIDIA GH200,67.0,96.0,1,12200000000,72,5.856
gemma3:12b,2657,0.0,1.0,20,10,NVIDIA GH200,67.0,96.0,1,12200000000,83,5.495
gemma3:12b,3553,0.0,1.0,20,10,NVIDIA GH200,67.0,96.0,1,12200000000,100,5.617
gemma3:12b,3606,0.0,1.0,20,10,NVIDIA GH200,67.0,96.0,1,12200000000,74,3.812
gemma3:12b,3580,0.0,1.0,20,10,NVIDIA GH200,67.0,96.0,1,12200000000,84,4.514
gemma3:12b,3624,0.0,1.0,20,10,NVIDIA GH200,67.0,96.0,1,12200000000,71,5.273
gemma3:12b,3708,0.0,1.0,20,10,NVIDIA GH200,67.0,96.0,1,12200000000,116,5.97
gemma3:12b,3738,0.0,1.0,20,10,NVIDIA GH200,67.0,96.0,1,12200000000,97,3.278
gemma3:12b,3723,0.0,1.0,20,10,NVIDIA GH200,67.0,96.0,1,12200000000,152,8.48
gemma3:12b,4546,0.0,1.0,20,10,NVIDIA GH200,67.0,96.0,1,12200000000,167,8.746
gemma3:12b,3880,0.0,1.0,20,10,NVIDIA GH200,67.0,96.0,1,12200000000,112,4.767
gemma3:12b,3866,0.0,1.0,20,10,NVIDIA GH200,67.0,96.0,1,12200000000,135,5.305
gemma3:12b,3915,0.0,1.0,20,10,NVIDIA GH200,67.0,96.0,1,12200000000,164,3.795
gemma3:12b,4961,0.0,1.0,20,10,NVIDIA GH200,67.0,96.0,1,12200000000,96,2.606
gemma3:12b,1235,0.0,1.0,20,10,NVIDIA A100-SXM4-40GB,19.49,40.0,4,12200000000,48,2.565
gemma3:12b,1235,0.0,1.0,20,10,NVIDIA A100-SXM4-40GB,19.49,40.0,4,12200000000,48,2.537
gemma3:12b,1235,0.0,1.0,20,10,NVIDIA A100-SXM4-40GB,19.49,40.0,4,12200000000,48,2.597
gemma3:12b,1235,0.0,1.0,20,10,NVIDIA A100-SXM4-40GB,19.49,40.0,4,12200000000,48,2.334
gemma3:12b,1235,0.0,1.0,20,10,NVIDIA A100-SXM4-40GB,19.49,40.0,4,12200000000,48,3.286
gemma3:12b,1235,0.0,1.0,20,10,NVIDIA A100-SXM4-40GB,19.49,40.0,4,12200000000,48,3.083
gemma3:12b,1235,0.0,1.0,20,10,NVIDIA A100-SXM4-40GB,19.49,40.0,4,12200000000,48,2.634
gemma3:12b,1235,0.0,1.0,20,10,NVIDIA A100-SXM4-40GB,19.49,40.0,4,12200000000,48,3.311
gemma3:12b,1235,0.0,1.0,20,10,NVIDIA A100-SXM4-40GB,19.49,40.0,4,12200000000,48,3.134
gemma3:12b,1235,0.0,1.0,20,10,NVIDIA A100-SXM4-40GB,19.49,40.0,4,12200000000,48,3.338
gemma3:12b,1328,0.0,1.0,20,10,NVIDIA A100-SXM4-40GB,19.49,40.0,4,12200000000,87,3.375
gemma3:12b,1328,0.0,1.0,20,10,NVIDIA A100-SXM4-40GB,19.49,40.0,4,12200000000,87,3.365
gemma3:12b,1328,0.0,1.0,20,10,NVIDIA A100-SXM4-40GB,19.49,40.0,4,12200000000,87,3.29
gemma3:12b,1328,0.0,1.0,20,10,NVIDIA A100-SXM4-40GB,19.49,40.0,4,12200000000,87,3.278
gemma3:12b,1328,0.0,1.0,20,10,NVIDIA A100-SXM4-40GB,19.49,40.0,4,12200000000,84,4.079
gemma3:12b,1328,0.0,1.0,20,10,NVIDIA A100-SXM4-40GB,19.49,40.0,4,12200000000,87,4.228
gemma3:12b,1328,0.0,1.0,20,10,NVIDIA A100-SXM4-40GB,19.49,40.0,4,12200000000,82,4.091
gemma3:12b,1328,0.0,1.0,20,10,NVIDIA A100-SXM4-40GB,19.49,40.0,4,12200000000,87,4.152
gemma3:12b,1328,0.0,1.0,20,10,NVIDIA A100-SXM4-40GB,19.49,40.0,4,12200000000,84,4.12
gemma3:12b,1328,0.0,1.0,20,10,NVIDIA A100-SXM4-40GB,19.49,40.0,4,12200000000,87,4.221
gemma3:12b,1429,0.0,1.0,20,10,NVIDIA A100-SXM4-40GB,19.49,40.0,4,12200000000,60,2.86
gemma3:12b,1429,0.0,1.0,20,10,NVIDIA A100-SXM4-40GB,19.49,40.0,4,12200000000,60,2.83
gemma3:12b,1429,0.0,1.0,20,10,NVIDIA A100-SXM4-40GB,19.49,40.0,4,12200000000,60,2.882
gemma3:12b,1429,0.0,1.0,20,10,NVIDIA A100-SXM4-40GB,19.49,40.0,4,12200000000,72,2.997
gemma3:12b,1429,0.0,1.0,20,10,NVIDIA A100-SXM4-40GB,19.49,40.0,4,12200000000,62,3.712
gemma3:12b,1429,0.0,1.0,20,10,NVIDIA A100-SXM4-40GB,19.49,40.0,4,12200000000,62,3.746
gemma3:12b,1426,0.0,1.0,20,10,NVIDIA A100-SXM4-40GB,19.49,40.0,4,12200000000,70,3.894
gemma3:12b,1424,0.0,1.0,20,10,NVIDIA A100-SXM4-40GB,19.49,40.0,4,12200000000,59,3.804
gemma3:12b,1429,0.0,1.0,20,10,NVIDIA A100-SXM4-40GB,19.49,40.0,4,12200000000,60,3.653
gemma3:12b,1426,0.0,1.0,20,10,NVIDIA A100-SXM4-40GB,19.49,40.0,4,12200000000,70,3.88
gemma3:12b,2397,0.0,1.0,20,10,NVIDIA A100-SXM4-40GB,19.49,40.0,4,12200000000,50,3.317
gemma3:12b,2397,0.0,1.0,20,10,NVIDIA A100-SXM4-40GB,19.49,40.0,4,12200000000,50,3.338
gemma3:12b,2397,0.0,1.0,20,10,NVIDIA A100-SXM4-40GB,19.49,40.0,4,12200000000,50,3.306
gemma3:12b,2426,0.0,1.0,20,10,NVIDIA A100-SXM4-40GB,19.49,40.0,4,12200000000,119,5.021
gemma3:12b,2376,0.0,1.0,20,10,NVIDIA A100-SXM4-40GB,19.49,40.0,4,12200000000,50,4.482
gemma3:12b,2397,0.0,1.0,20,10,NVIDIA A100-SXM4-40GB,19.49,40.0,4,12200000000,50,4.491
gemma3:12b,2509,0.0,1.0,20,10,NVIDIA A100-SXM4-40GB,19.49,40.0,4,12200000000,72,3.919
gemma3:12b,2399,0.0,1.0,20,10,NVIDIA A100-SXM4-40GB,19.49,40.0,4,12200000000,76,5.136
gemma3:12b,2399,0.0,1.0,20,10,NVIDIA A100-SXM4-40GB,19.49,40.0,4,12200000000,76,5.159
gemma3:12b,2588,0.0,1.0,20,10,NVIDIA A100-SXM4-40GB,19.49,40.0,4,12200000000,50,2.555
gemma3:12b,2509,0.0,1.0,20,10,NVIDIA A100-SXM4-40GB,19.49,40.0,4,12200000000,121,4.81
gemma3:12b,2509,0.0,1.0,20,10,NVIDIA A100-SXM4-40GB,19.49,40.0,4,12200000000,116,5.692
gemma3:12b,2421,0.0,1.0,20,10,NVIDIA A100-SXM4-40GB,19.49,40.0,4,12200000000,116,7.395
gemma3:12b,2421,0.0,1.0,20,10,NVIDIA A100-SXM4-40GB,19.49,40.0,4,12200000000,117,7.462
gemma3:12b,2680,0.0,1.0,20,10,NVIDIA A100-SXM4-40GB,19.49,40.0,4,12200000000,56,3.563
gemma3:12b,2608,0.0,1.0,20,10,NVIDIA A100-SXM4-40GB,19.49,40.0,4,12200000000,98,4.449
gemma3:12b,2673,0.0,1.0,20,10,NVIDIA A100-SXM4-40GB,19.49,40.0,4,12200000000,69,3.606
gemma3:12b,2668,0.0,1.0,20,10,NVIDIA A100-SXM4-40GB,19.49,40.0,4,12200000000,69,2.819
gemma3:12b,2580,0.0,1.0,20,10,NVIDIA A100-SXM4-40GB,19.49,40.0,4,12200000000,69,3.314
gemma3:12b,2488,0.0,1.0,20,10,NVIDIA A100-SXM4-40GB,19.49,40.0,4,12200000000,116,6.3
gemma3:12b,2509,0.0,1.0,20,10,NVIDIA A100-SXM4-40GB,19.49,40.0,4,12200000000,116,6.254
gemma3:12b,2581,0.0,1.0,20,10,NVIDIA A100-SXM4-40GB,19.49,40.0,4,12200000000,66,3.209
gemma3:12b,2537,0.0,1.0,20,10,NVIDIA A100-SXM4-40GB,19.49,40.0,4,12200000000,123,7.268
gemma3:12b,2537,0.0,1.0,20,10,NVIDIA A100-SXM4-40GB,19.49,40.0,4,12200000000,123,7.284
gemma3:12b,3584,0.0,1.0,20,10,NVIDIA A100-SXM4-40GB,19.49,40.0,4,12200000000,93,3.363
gemma3:12b,3626,0.0,1.0,20,10,NVIDIA A100-SXM4-40GB,19.49,40.0,4,12200000000,95,3.529
gemma3:12b,2668,0.0,1.0,20,10,NVIDIA A100-SXM4-40GB,19.49,40.0,4,12200000000,69,5.151
gemma3:12b,2692,0.0,1.0,20,10,NVIDIA A100-SXM4-40GB,19.49,40.0,4,12200000000,67,5.158
gemma3:12b,2690,0.0,1.0,20,10,NVIDIA A100-SXM4-40GB,19.49,40.0,4,12200000000,86,5.415
gemma3:12b,3735,0.0,1.0,20,10,NVIDIA A100-SXM4-40GB,19.49,40.0,4,12200000000,104,3.538
gemma3:12b,2647,0.0,1.0,20,10,NVIDIA A100-SXM4-40GB,19.49,40.0,4,12200000000,90,5.534
gemma3:12b,2704,0.0,1.0,20,10,NVIDIA A100-SXM4-40GB,19.49,40.0,4,12200000000,87,5.92
gemma3:12b,2704,0.0,1.0,20,10,NVIDIA A100-SXM4-40GB,19.49,40.0,4,12200000000,95,6.12
gemma3:12b,3667,0.0,1.0,20,10,NVIDIA A100-SXM4-40GB,19.49,40.0,4,12200000000,90,3.448
gemma3:12b,3679,0.0,1.0,20,10,NVIDIA A100-SXM4-40GB,19.49,40.0,4,12200000000,72,6.22
gemma3:12b,3708,0.0,1.0,20,10,NVIDIA A100-SXM4-40GB,19.49,40.0,4,12200000000,98,6.806
gemma3:12b,3684,0.0,1.0,20,10,NVIDIA A100-SXM4-40GB,19.49,40.0,4,12200000000,145,7.892
gemma3:12b,3778,0.0,1.0,20,10,NVIDIA A100-SXM4-40GB,19.49,40.0,4,12200000000,133,4.76
gemma3:12b,3925,0.0,1.0,20,10,NVIDIA A100-SXM4-40GB,19.49,40.0,4,12200000000,65,3.034
gemma3:12b,1235,0.0,0.9,50,1,NVIDIA GH200,67.0,96.0,1,12200000000,48,1.258
gemma3:12b,1328,0.0,0.9,50,1,NVIDIA GH200,67.0,96.0,1,12200000000,87,1.628
gemma3:12b,1429,0.0,0.9,50,1,NVIDIA GH200,67.0,96.0,1,12200000000,60,1.359
gemma3:12b,2397,0.0,0.9,50,1,NVIDIA GH200,67.0,96.0,1,12200000000,76,1.773
gemma3:12b,2516,0.0,0.9,50,1,NVIDIA GH200,67.0,96.0,1,12200000000,109,2.199
gemma3:12b,2655,0.0,0.9,50,1,NVIDIA GH200,67.0,96.0,1,12200000000,89,1.902
gemma3:12b,1235,0.0,0.9,50,1,NVIDIA A100-SXM4-40GB,19.49,40.0,4,12200000000,48,2.012
gemma3:12b,1328,0.0,0.9,50,1,NVIDIA A100-SXM4-40GB,19.49,40.0,4,12200000000,84,2.483
gemma3:12b,1426,0.0,0.9,50,1,NVIDIA A100-SXM4-40GB,19.49,40.0,4,12200000000,84,2.465
gemma3:12b,2435,0.0,0.9,50,1,NVIDIA A100-SXM4-40GB,19.49,40.0,4,12200000000,119,3.55
gemma3:12b,2597,0.0,0.9,50,1,NVIDIA A100-SXM4-40GB,19.49,40.0,4,12200000000,64,2.662
gemma3:12b,2706,0.0,0.9,50,1,NVIDIA A100-SXM4-40GB,19.49,40.0,4,12200000000,71,2.938
gemma3:12b,3685,0.0,0.9,50,1,NVIDIA A100-SXM4-40GB,19.49,40.0,4,12200000000,105,3.677
gemma3:12b,1235,0.0,0.9,50,5,NVIDIA GH200,67.0,96.0,1,12200000000,48,2.072
gemma3:12b,1235,0.0,0.9,50,5,NVIDIA GH200,67.0,96.0,1,12200000000,48,1.883
gemma3:12b,1235,0.0,0.9,50,5,NVIDIA GH200,67.0,96.0,1,12200000000,48,1.812
gemma3:12b,1235,0.0,0.9,50,5,NVIDIA GH200,67.0,96.0,1,12200000000,48,2.821
gemma3:12b,1235,0.0,0.9,50,5,NVIDIA GH200,67.0,96.0,1,12200000000,48,2.228
gemma3:12b,1328,0.0,0.9,50,5,NVIDIA GH200,67.0,96.0,1,12200000000,82,4.077
gemma3:12b,1328,0.0,0.9,50,5,NVIDIA GH200,67.0,96.0,1,12200000000,87,4.084
gemma3:12b,1328,0.0,0.9,50,5,NVIDIA GH200,67.0,96.0,1,12200000000,87,4.078
gemma3:12b,1328,0.0,0.9,50,5,NVIDIA GH200,67.0,96.0,1,12200000000,63,3.264
gemma3:12b,1328,0.0,0.9,50,5,NVIDIA GH200,67.0,96.0,1,12200000000,87,4.05
gemma3:12b,1424,0.0,0.9,50,5,NVIDIA GH200,67.0,96.0,1,12200000000,61,3.009
gemma3:12b,1429,0.0,0.9,50,5,NVIDIA GH200,67.0,96.0,1,12200000000,60,2.818
gemma3:12b,1429,0.0,0.9,50,5,NVIDIA GH200,67.0,96.0,1,12200000000,96,4.808
gemma3:12b,1405,0.0,0.9,50,5,NVIDIA GH200,67.0,96.0,1,12200000000,63,3.883
gemma3:12b,2378,0.0,0.9,50,5,NVIDIA GH200,67.0,96.0,1,12200000000,50,3.257
gemma3:12b,2397,0.0,0.9,50,5,NVIDIA GH200,67.0,96.0,1,12200000000,50,3.255
gemma3:12b,1429,0.0,0.9,50,5,NVIDIA GH200,67.0,96.0,1,12200000000,60,4.0
gemma3:12b,2433,0.0,0.9,50,5,NVIDIA GH200,67.0,96.0,1,12200000000,50,4.079
gemma3:12b,2376,0.0,0.9,50,5,NVIDIA GH200,67.0,96.0,1,12200000000,52,4.12
gemma3:12b,2471,0.0,0.9,50,5,NVIDIA GH200,67.0,96.0,1,12200000000,67,4.399
gemma3:12b,2397,0.0,0.9,50,5,NVIDIA GH200,67.0,96.0,1,12200000000,73,4.587
gemma3:12b,2490,0.0,0.9,50,5,NVIDIA GH200,67.0,96.0,1,12200000000,141,7.478
gemma3:12b,2513,0.0,0.9,50,5,NVIDIA GH200,67.0,96.0,1,12200000000,63,2.388
gemma3:12b,2471,0.0,0.9,50,5,NVIDIA GH200,67.0,96.0,1,12200000000,101,5.653
gemma3:12b,2526,0.0,0.9,50,5,NVIDIA GH200,67.0,96.0,1,12200000000,136,6.85
gemma3:12b,2568,0.0,0.9,50,5,NVIDIA GH200,67.0,96.0,1,12200000000,122,6.879
gemma3:12b,3479,0.0,0.9,50,5,NVIDIA GH200,67.0,96.0,1,12200000000,46,4.181
gemma3:12b,2673,0.0,0.9,50,5,NVIDIA GH200,67.0,96.0,1,12200000000,77,6.085
gemma3:12b,2704,0.0,0.9,50,5,NVIDIA GH200,67.0,96.0,1,12200000000,70,5.323
gemma3:12b,3570,0.0,0.9,50,5,NVIDIA GH200,67.0,96.0,1,12200000000,73,4.723
gemma3:12b,2602,0.0,0.9,50,5,NVIDIA GH200,67.0,96.0,1,12200000000,112,7.147
gemma3:12b,3568,0.0,0.9,50,5,NVIDIA GH200,67.0,96.0,1,12200000000,98,5.816
gemma3:12b,3655,0.0,0.9,50,5,NVIDIA GH200,67.0,96.0,1,12200000000,91,5.843
gemma3:12b,3667,0.0,0.9,50,5,NVIDIA GH200,67.0,96.0,1,12200000000,116,6.262
gemma3:12b,4536,0.0,0.9,50,5,NVIDIA GH200,67.0,96.0,1,12200000000,88,4.79
gemma3:12b,3622,0.0,0.9,50,5,NVIDIA GH200,67.0,96.0,1,12200000000,81,4.684
gemma3:12b,3813,0.0,0.9,50,5,NVIDIA GH200,67.0,96.0,1,12200000000,114,4.144
gemma3:12b,3717,0.0,0.9,50,5,NVIDIA GH200,67.0,96.0,1,12200000000,132,4.236
gemma3:12b,3787,0.0,0.9,50,5,NVIDIA GH200,67.0,96.0,1,12200000000,193,6.867
gemma3:12b,3957,0.0,0.9,50,5,NVIDIA GH200,67.0,96.0,1,12200000000,125,2.791
gemma3:12b,1235,0.0,0.9,50,5,NVIDIA A100-SXM4-40GB,19.49,40.0,4,12200000000,48,1.945
gemma3:12b,1235,0.0,0.9,50,5,NVIDIA A100-SXM4-40GB,19.49,40.0,4,12200000000,57,2.104
gemma3:12b,1235,0.0,0.9,50,5,NVIDIA A100-SXM4-40GB,19.49,40.0,4,12200000000,48,1.893
gemma3:12b,1235,0.0,0.9,50,5,NVIDIA A100-SXM4-40GB,19.49,40.0,4,12200000000,48,2.653
gemma3:12b,1235,0.0,0.9,50,5,NVIDIA A100-SXM4-40GB,19.49,40.0,4,12200000000,48,2.458
gemma3:12b,1328,0.0,0.9,50,5,NVIDIA A100-SXM4-40GB,19.49,40.0,4,12200000000,84,2.348
gemma3:12b,1328,0.0,0.9,50,5,NVIDIA A100-SXM4-40GB,19.49,40.0,4,12200000000,64,2.046
gemma3:12b,1337,0.0,0.9,50,5,NVIDIA A100-SXM4-40GB,19.49,40.0,4,12200000000,89,2.523
gemma3:12b,1328,0.0,0.9,50,5,NVIDIA A100-SXM4-40GB,19.49,40.0,4,12200000000,84,3.304
gemma3:12b,1426,0.0,0.9,50,5,NVIDIA A100-SXM4-40GB,19.49,40.0,4,12200000000,70,2.246
gemma3:12b,1328,0.0,0.9,50,5,NVIDIA A100-SXM4-40GB,19.49,40.0,4,12200000000,87,3.36
gemma3:12b,1406,0.0,0.9,50,5,NVIDIA A100-SXM4-40GB,19.49,40.0,4,12200000000,62,2.013
gemma3:12b,1440,0.0,0.9,50,5,NVIDIA A100-SXM4-40GB,19.49,40.0,4,12200000000,64,2.157
gemma3:12b,2376,0.0,0.9,50,5,NVIDIA A100-SXM4-40GB,19.49,40.0,4,12200000000,52,2.194
gemma3:12b,1429,0.0,0.9,50,5,NVIDIA A100-SXM4-40GB,19.49,40.0,4,12200000000,62,2.923
gemma3:12b,2412,0.0,0.9,50,5,NVIDIA A100-SXM4-40GB,19.49,40.0,4,12200000000,73,2.608
gemma3:12b,1426,0.0,0.9,50,5,NVIDIA A100-SXM4-40GB,19.49,40.0,4,12200000000,72,3.121
gemma3:12b,2421,0.0,0.9,50,5,NVIDIA A100-SXM4-40GB,19.49,40.0,4,12200000000,117,3.464
gemma3:12b,2490,0.0,0.9,50,5,NVIDIA A100-SXM4-40GB,19.49,40.0,4,12200000000,53,2.265
gemma3:12b,2581,0.0,0.9,50,5,NVIDIA A100-SXM4-40GB,19.49,40.0,4,12200000000,50,2.384
gemma3:12b,2547,0.0,0.9,50,5,NVIDIA A100-SXM4-40GB,19.49,40.0,4,12200000000,127,3.543
gemma3:12b,2399,0.0,0.9,50,5,NVIDIA A100-SXM4-40GB,19.49,40.0,4,12200000000,76,3.898
gemma3:12b,2423,0.0,0.9,50,5,NVIDIA A100-SXM4-40GB,19.49,40.0,4,12200000000,88,3.993
gemma3:12b,2570,0.0,0.9,50,5,NVIDIA A100-SXM4-40GB,19.49,40.0,4,12200000000,93,3.026
gemma3:12b,2673,0.0,0.9,50,5,NVIDIA A100-SXM4-40GB,19.49,40.0,4,12200000000,62,2.508
gemma3:12b,2717,0.0,0.9,50,5,NVIDIA A100-SXM4-40GB,19.49,40.0,4,12200000000,91,2.988
gemma3:12b,3541,0.0,0.9,50,5,NVIDIA A100-SXM4-40GB,19.49,40.0,4,12200000000,77,2.948
gemma3:12b,2554,0.0,0.9,50,5,NVIDIA A100-SXM4-40GB,19.49,40.0,4,12200000000,56,3.54
gemma3:12b,3625,0.0,0.9,50,5,NVIDIA A100-SXM4-40GB,19.49,40.0,4,12200000000,120,3.931
gemma3:12b,3716,0.0,0.9,50,5,NVIDIA A100-SXM4-40GB,19.49,40.0,4,12200000000,86,3.345
gemma3:12b,2537,0.0,0.9,50,5,NVIDIA A100-SXM4-40GB,19.49,40.0,4,12200000000,131,6.119
gemma3:12b,2655,0.0,0.9,50,5,NVIDIA A100-SXM4-40GB,19.49,40.0,4,12200000000,70,3.924
gemma3:12b,3759,0.0,0.9,50,5,NVIDIA A100-SXM4-40GB,19.49,40.0,4,12200000000,113,3.805
gemma3:12b,3816,0.0,0.9,50,5,NVIDIA A100-SXM4-40GB,19.49,40.0,4,12200000000,149,4.202
gemma3:12b,2711,0.0,0.9,50,5,NVIDIA A100-SXM4-40GB,19.49,40.0,4,12200000000,90,4.72
gemma3:12b,3650,0.0,0.9,50,5,NVIDIA A100-SXM4-40GB,19.49,40.0,4,12200000000,82,3.503
gemma3:12b,3709,0.0,0.9,50,5,NVIDIA A100-SXM4-40GB,19.49,40.0,4,12200000000,83,3.438
gemma3:12b,3839,0.0,0.9,50,5,NVIDIA A100-SXM4-40GB,19.49,40.0,4,12200000000,73,3.395
gemma3:12b,3954,0.0,0.9,50,5,NVIDIA A100-SXM4-40GB,19.49,40.0,4,12200000000,77,3.507
gemma3:12b,4938,0.0,0.9,50,5,NVIDIA A100-SXM4-40GB,19.49,40.0,4,12200000000,110,4.334
gemma3:12b,1235,0.0,0.9,50,10,NVIDIA GH200,67.0,96.0,1,12200000000,48,4.158
gemma3:12b,1235,0.0,0.9,50,10,NVIDIA GH200,67.0,96.0,1,12200000000,48,4.209
gemma3:12b,1235,0.0,0.9,50,10,NVIDIA GH200,67.0,96.0,1,12200000000,48,4.166
gemma3:12b,1235,0.0,0.9,50,10,NVIDIA GH200,67.0,96.0,1,12200000000,48,4.168
gemma3:12b,1235,0.0,0.9,50,10,NVIDIA GH200,67.0,96.0,1,12200000000,48,3.932
gemma3:12b,1235,0.0,0.9,50,10,NVIDIA GH200,67.0,96.0,1,12200000000,48,3.864
gemma3:12b,1235,0.0,0.9,50,10,NVIDIA GH200,67.0,96.0,1,12200000000,48,4.167
gemma3:12b,1235,0.0,0.9,50,10,NVIDIA GH200,67.0,96.0,1,12200000000,48,4.096
gemma3:12b,1235,0.0,0.9,50,10,NVIDIA GH200,67.0,96.0,1,12200000000,48,3.367
gemma3:12b,1235,0.0,0.9,50,10,NVIDIA GH200,67.0,96.0,1,12200000000,48,3.96
gemma3:12b,1328,0.0,0.9,50,10,NVIDIA GH200,67.0,96.0,1,12200000000,63,4.65
gemma3:12b,1328,0.0,0.9,50,10,NVIDIA GH200,67.0,96.0,1,12200000000,64,4.718
gemma3:12b,1328,0.0,0.9,50,10,NVIDIA GH200,67.0,96.0,1,12200000000,81,5.663
gemma3:12b,1328,0.0,0.9,50,10,NVIDIA GH200,67.0,96.0,1,12200000000,84,5.727
gemma3:12b,1328,0.0,0.9,50,10,NVIDIA GH200,67.0,96.0,1,12200000000,84,5.714
gemma3:12b,1328,0.0,0.9,50,10,NVIDIA GH200,67.0,96.0,1,12200000000,84,5.734
gemma3:12b,1328,0.0,0.9,50,10,NVIDIA GH200,67.0,96.0,1,12200000000,84,5.803
gemma3:12b,1328,0.0,0.9,50,10,NVIDIA GH200,67.0,96.0,1,12200000000,84,5.766
gemma3:12b,1328,0.0,0.9,50,10,NVIDIA GH200,67.0,96.0,1,12200000000,87,5.888
gemma3:12b,1328,0.0,0.9,50,10,NVIDIA GH200,67.0,96.0,1,12200000000,89,5.906
gemma3:12b,1405,0.0,0.9,50,10,NVIDIA GH200,67.0,96.0,1,12200000000,63,4.952
gemma3:12b,1406,0.0,0.9,50,10,NVIDIA GH200,67.0,96.0,1,12200000000,62,4.837
gemma3:12b,1426,0.0,0.9,50,10,NVIDIA GH200,67.0,96.0,1,12200000000,66,5.545
gemma3:12b,1426,0.0,0.9,50,10,NVIDIA GH200,67.0,96.0,1,12200000000,70,5.542
gemma3:12b,1426,0.0,0.9,50,10,NVIDIA GH200,67.0,96.0,1,12200000000,70,5.494
gemma3:12b,1426,0.0,0.9,50,10,NVIDIA GH200,67.0,96.0,1,12200000000,70,5.494
gemma3:12b,1423,0.0,0.9,50,10,NVIDIA GH200,67.0,96.0,1,12200000000,72,5.66
gemma3:12b,1431,0.0,0.9,50,10,NVIDIA GH200,67.0,96.0,1,12200000000,70,5.44
gemma3:12b,1426,0.0,0.9,50,10,NVIDIA GH200,67.0,96.0,1,12200000000,72,5.632
gemma3:12b,1429,0.0,0.9,50,10,NVIDIA GH200,67.0,96.0,1,12200000000,72,5.5
gemma3:12b,2376,0.0,0.9,50,10,NVIDIA GH200,67.0,96.0,1,12200000000,52,6.777
gemma3:12b,2376,0.0,0.9,50,10,NVIDIA GH200,67.0,96.0,1,12200000000,52,6.754
gemma3:12b,2402,0.0,0.9,50,10,NVIDIA GH200,67.0,96.0,1,12200000000,48,6.75
gemma3:12b,2400,0.0,0.9,50,10,NVIDIA GH200,67.0,96.0,1,12200000000,50,6.939
gemma3:12b,2405,0.0,0.9,50,10,NVIDIA GH200,67.0,96.0,1,12200000000,52,6.804
gemma3:12b,2403,0.0,0.9,50,10,NVIDIA GH200,67.0,96.0,1,12200000000,56,6.98
gemma3:12b,2403,0.0,0.9,50,10,NVIDIA GH200,67.0,96.0,1,12200000000,79,10.37
gemma3:12b,2403,0.0,0.9,50,10,NVIDIA GH200,67.0,96.0,1,12200000000,79,10.403
gemma3:12b,2408,0.0,0.9,50,10,NVIDIA GH200,67.0,96.0,1,12200000000,79,10.389
gemma3:12b,2408,0.0,0.9,50,10,NVIDIA GH200,67.0,96.0,1,12200000000,79,10.373
gemma3:12b,3353,0.0,0.9,50,10,NVIDIA GH200,67.0,96.0,1,12200000000,46,6.898
gemma3:12b,3360,0.0,0.9,50,10,NVIDIA GH200,67.0,96.0,1,12200000000,46,6.817
gemma3:12b,3362,0.0,0.9,50,10,NVIDIA GH200,67.0,96.0,1,12200000000,46,6.762
gemma3:12b,2471,0.0,0.9,50,10,NVIDIA GH200,67.0,96.0,1,12200000000,92,10.162
gemma3:12b,2512,0.0,0.9,50,10,NVIDIA GH200,67.0,96.0,1,12200000000,64,7.143
gemma3:12b,2512,0.0,0.9,50,10,NVIDIA GH200,67.0,96.0,1,12200000000,64,7.122
gemma3:12b,2471,0.0,0.9,50,10,NVIDIA GH200,67.0,96.0,1,12200000000,117,12.64
gemma3:12b,2517,0.0,0.9,50,10,NVIDIA GH200,67.0,96.0,1,12200000000,66,7.202
gemma3:12b,2517,0.0,0.9,50,10,NVIDIA GH200,67.0,96.0,1,12200000000,74,7.351
gemma3:12b,2493,0.0,0.9,50,10,NVIDIA GH200,67.0,96.0,1,12200000000,142,12.531
gemma3:12b,3444,0.0,0.9,50,10,NVIDIA GH200,67.0,96.0,1,12200000000,81,6.428
gemma3:12b,3451,0.0,0.9,50,10,NVIDIA GH200,67.0,96.0,1,12200000000,84,6.726
gemma3:12b,3453,0.0,0.9,50,10,NVIDIA GH200,67.0,96.0,1,12200000000,84,6.763
gemma3:12b,2593,0.0,0.9,50,10,NVIDIA GH200,67.0,96.0,1,12200000000,113,8.438
gemma3:12b,2630,0.0,0.9,50,10,NVIDIA GH200,67.0,96.0,1,12200000000,81,6.047
gemma3:12b,2677,0.0,0.9,50,10,NVIDIA GH200,67.0,96.0,1,12200000000,77,6.875
gemma3:12b,3551,0.0,0.9,50,10,NVIDIA GH200,67.0,96.0,1,12200000000,107,7.552
gemma3:12b,3539,0.0,0.9,50,10,NVIDIA GH200,67.0,96.0,1,12200000000,120,8.087
gemma3:12b,3549,0.0,0.9,50,10,NVIDIA GH200,67.0,96.0,1,12200000000,126,7.964
gemma3:12b,3611,0.0,0.9,50,10,NVIDIA GH200,67.0,96.0,1,12200000000,80,5.358
gemma3:12b,3659,0.0,0.9,50,10,NVIDIA GH200,67.0,96.0,1,12200000000,80,4.806
gemma3:12b,3616,0.0,0.9,50,10,NVIDIA GH200,67.0,96.0,1,12200000000,128,7.515
gemma3:12b,3735,0.0,0.9,50,10,NVIDIA GH200,67.0,96.0,1,12200000000,82,4.786
gemma3:12b,4551,0.0,0.9,50,10,NVIDIA GH200,67.0,96.0,1,12200000000,127,7.03
gemma3:12b,3785,0.0,0.9,50,10,NVIDIA GH200,67.0,96.0,1,12200000000,97,4.732
gemma3:12b,3780,0.0,0.9,50,10,NVIDIA GH200,67.0,96.0,1,12200000000,123,5.913
gemma3:12b,3862,0.0,0.9,50,10,NVIDIA GH200,67.0,96.0,1,12200000000,90,4.359
gemma3:12b,4857,0.0,0.9,50,10,NVIDIA GH200,67.0,96.0,1,12200000000,70,2.824
gemma3:12b,3943,0.0,0.9,50,10,NVIDIA GH200,67.0,96.0,1,12200000000,107,4.098
gemma3:12b,3925,0.0,0.9,50,10,NVIDIA GH200,67.0,96.0,1,12200000000,154,6.704
gemma3:12b,4954,0.0,0.9,50,10,NVIDIA GH200,67.0,96.0,1,12200000000,98,2.893
gemma3:12b,5097,0.0,0.9,50,10,NVIDIA GH200,67.0,96.0,1,12200000000,119,2.934
gemma3:12b,1235,0.0,0.9,50,10,NVIDIA A100-SXM4-40GB,19.49,40.0,4,12200000000,48,2.611
gemma3:12b,1235,0.0,0.9,50,10,NVIDIA A100-SXM4-40GB,19.49,40.0,4,12200000000,48,2.616
gemma3:12b,1235,0.0,0.9,50,10,NVIDIA A100-SXM4-40GB,19.49,40.0,4,12200000000,48,2.391
gemma3:12b,1235,0.0,0.9,50,10,NVIDIA A100-SXM4-40GB,19.49,40.0,4,12200000000,48,2.415
gemma3:12b,1235,0.0,0.9,50,10,NVIDIA A100-SXM4-40GB,19.49,40.0,4,12200000000,48,3.247
gemma3:12b,1235,0.0,0.9,50,10,NVIDIA A100-SXM4-40GB,19.49,40.0,4,12200000000,48,3.208
gemma3:12b,1235,0.0,0.9,50,10,NVIDIA A100-SXM4-40GB,19.49,40.0,4,12200000000,48,3.396
gemma3:12b,1235,0.0,0.9,50,10,NVIDIA A100-SXM4-40GB,19.49,40.0,4,12200000000,48,3.446
gemma3:12b,1235,0.0,0.9,50,10,NVIDIA A100-SXM4-40GB,19.49,40.0,4,12200000000,48,2.46
gemma3:12b,1235,0.0,0.9,50,10,NVIDIA A100-SXM4-40GB,19.49,40.0,4,12200000000,48,3.122
gemma3:12b,1328,0.0,0.9,50,10,NVIDIA A100-SXM4-40GB,19.49,40.0,4,12200000000,87,3.294
gemma3:12b,1328,0.0,0.9,50,10,NVIDIA A100-SXM4-40GB,19.49,40.0,4,12200000000,87,3.291
gemma3:12b,1328,0.0,0.9,50,10,NVIDIA A100-SXM4-40GB,19.49,40.0,4,12200000000,87,3.28
gemma3:12b,1328,0.0,0.9,50,10,NVIDIA A100-SXM4-40GB,19.49,40.0,4,12200000000,88,3.297
gemma3:12b,1328,0.0,0.9,50,10,NVIDIA A100-SXM4-40GB,19.49,40.0,4,12200000000,84,4.017
gemma3:12b,1328,0.0,0.9,50,10,NVIDIA A100-SXM4-40GB,19.49,40.0,4,12200000000,83,4.046
gemma3:12b,1328,0.0,0.9,50,10,NVIDIA A100-SXM4-40GB,19.49,40.0,4,12200000000,87,4.199
gemma3:12b,1328,0.0,0.9,50,10,NVIDIA A100-SXM4-40GB,19.49,40.0,4,12200000000,87,4.206
gemma3:12b,1328,0.0,0.9,50,10,NVIDIA A100-SXM4-40GB,19.49,40.0,4,12200000000,87,4.171
gemma3:12b,1328,0.0,0.9,50,10,NVIDIA A100-SXM4-40GB,19.49,40.0,4,12200000000,84,3.01
gemma3:12b,1429,0.0,0.9,50,10,NVIDIA A100-SXM4-40GB,19.49,40.0,4,12200000000,60,2.84
gemma3:12b,1430,0.0,0.9,50,10,NVIDIA A100-SXM4-40GB,19.49,40.0,4,12200000000,59,2.824
gemma3:12b,1429,0.0,0.9,50,10,NVIDIA A100-SXM4-40GB,19.49,40.0,4,12200000000,62,2.904
gemma3:12b,1429,0.0,0.9,50,10,NVIDIA A100-SXM4-40GB,19.49,40.0,4,12200000000,72,3.071
gemma3:12b,1426,0.0,0.9,50,10,NVIDIA A100-SXM4-40GB,19.49,40.0,4,12200000000,59,3.656
gemma3:12b,1425,0.0,0.9,50,10,NVIDIA A100-SXM4-40GB,19.49,40.0,4,12200000000,60,3.606
gemma3:12b,1426,0.0,0.9,50,10,NVIDIA A100-SXM4-40GB,19.49,40.0,4,12200000000,70,3.459
gemma3:12b,1429,0.0,0.9,50,10,NVIDIA A100-SXM4-40GB,19.49,40.0,4,12200000000,60,3.622
gemma3:12b,1429,0.0,0.9,50,10,NVIDIA A100-SXM4-40GB,19.49,40.0,4,12200000000,60,3.651
gemma3:12b,2382,0.0,0.9,50,10,NVIDIA A100-SXM4-40GB,19.49,40.0,4,12200000000,50,3.278
gemma3:12b,2397,0.0,0.9,50,10,NVIDIA A100-SXM4-40GB,19.49,40.0,4,12200000000,73,3.681
gemma3:12b,2399,0.0,0.9,50,10,NVIDIA A100-SXM4-40GB,19.49,40.0,4,12200000000,75,3.667
gemma3:12b,1429,0.0,0.9,50,10,NVIDIA A100-SXM4-40GB,19.49,40.0,4,12200000000,96,5.079
gemma3:12b,2426,0.0,0.9,50,10,NVIDIA A100-SXM4-40GB,19.49,40.0,4,12200000000,93,3.758
gemma3:12b,2378,0.0,0.9,50,10,NVIDIA A100-SXM4-40GB,19.49,40.0,4,12200000000,52,4.568
gemma3:12b,2393,0.0,0.9,50,10,NVIDIA A100-SXM4-40GB,19.49,40.0,4,12200000000,50,4.516
gemma3:12b,2562,0.0,0.9,50,10,NVIDIA A100-SXM4-40GB,19.49,40.0,4,12200000000,67,2.686
gemma3:12b,2397,0.0,0.9,50,10,NVIDIA A100-SXM4-40GB,19.49,40.0,4,12200000000,50,4.476
gemma3:12b,2397,0.0,0.9,50,10,NVIDIA A100-SXM4-40GB,19.49,40.0,4,12200000000,52,4.548
gemma3:12b,2433,0.0,0.9,50,10,NVIDIA A100-SXM4-40GB,19.49,40.0,4,12200000000,50,3.224
gemma3:12b,2494,0.0,0.9,50,10,NVIDIA A100-SXM4-40GB,19.49,40.0,4,12200000000,98,4.361
gemma3:12b,2532,0.0,0.9,50,10,NVIDIA A100-SXM4-40GB,19.49,40.0,4,12200000000,97,4.097
gemma3:12b,2643,0.0,0.9,50,10,NVIDIA A100-SXM4-40GB,19.49,40.0,4,12200000000,69,2.586
gemma3:12b,2421,0.0,0.9,50,10,NVIDIA A100-SXM4-40GB,19.49,40.0,4,12200000000,117,7.518
gemma3:12b,2634,0.0,0.9,50,10,NVIDIA A100-SXM4-40GB,19.49,40.0,4,12200000000,55,3.632
gemma3:12b,2674,0.0,0.9,50,10,NVIDIA A100-SXM4-40GB,19.49,40.0,4,12200000000,75,3.822
gemma3:12b,2545,0.0,0.9,50,10,NVIDIA A100-SXM4-40GB,19.49,40.0,4,12200000000,70,5.067
gemma3:12b,2505,0.0,0.9,50,10,NVIDIA A100-SXM4-40GB,19.49,40.0,4,12200000000,114,6.097
gemma3:12b,2492,0.0,0.9,50,10,NVIDIA A100-SXM4-40GB,19.49,40.0,4,12200000000,117,6.193
gemma3:12b,2581,0.0,0.9,50,10,NVIDIA A100-SXM4-40GB,19.49,40.0,4,12200000000,66,3.145
gemma3:12b,3582,0.0,0.9,50,10,NVIDIA A100-SXM4-40GB,19.49,40.0,4,12200000000,48,2.754
gemma3:12b,2511,0.0,0.9,50,10,NVIDIA A100-SXM4-40GB,19.49,40.0,4,12200000000,111,7.044
gemma3:12b,2509,0.0,0.9,50,10,NVIDIA A100-SXM4-40GB,19.49,40.0,4,12200000000,115,7.177
gemma3:12b,3671,0.0,0.9,50,10,NVIDIA A100-SXM4-40GB,19.49,40.0,4,12200000000,48,2.848
gemma3:12b,2662,0.0,0.9,50,10,NVIDIA A100-SXM4-40GB,19.49,40.0,4,12200000000,34,4.248
gemma3:12b,2652,0.0,0.9,50,10,NVIDIA A100-SXM4-40GB,19.49,40.0,4,12200000000,64,4.994
gemma3:12b,2692,0.0,0.9,50,10,NVIDIA A100-SXM4-40GB,19.49,40.0,4,12200000000,70,5.012
gemma3:12b,2664,0.0,0.9,50,10,NVIDIA A100-SXM4-40GB,19.49,40.0,4,12200000000,62,4.225
gemma3:12b,2666,0.0,0.9,50,10,NVIDIA A100-SXM4-40GB,19.49,40.0,4,12200000000,69,4.277
gemma3:12b,2642,0.0,0.9,50,10,NVIDIA A100-SXM4-40GB,19.49,40.0,4,12200000000,119,6.284
gemma3:12b,3749,0.0,0.9,50,10,NVIDIA A100-SXM4-40GB,19.49,40.0,4,12200000000,48,2.844
gemma3:12b,3624,0.0,0.9,50,10,NVIDIA A100-SXM4-40GB,19.49,40.0,4,12200000000,73,4.865
gemma3:12b,3619,0.0,0.9,50,10,NVIDIA A100-SXM4-40GB,19.49,40.0,4,12200000000,66,4.694
gemma3:12b,3640,0.0,0.9,50,10,NVIDIA A100-SXM4-40GB,19.49,40.0,4,12200000000,98,5.06
gemma3:12b,3669,0.0,0.9,50,10,NVIDIA A100-SXM4-40GB,19.49,40.0,4,12200000000,83,4.807
gemma3:12b,4690,0.0,0.9,50,10,NVIDIA A100-SXM4-40GB,19.49,40.0,4,12200000000,86,3.802
gemma3:12b,3738,0.0,0.9,50,10,NVIDIA A100-SXM4-40GB,19.49,40.0,4,12200000000,70,3.178
gemma3:12b,3725,0.0,0.9,50,10,NVIDIA A100-SXM4-40GB,19.49,40.0,4,12200000000,76,3.043
gemma3:12b,4817,0.0,0.9,50,10,NVIDIA A100-SXM4-40GB,19.49,40.0,4,12200000000,86,3.756
gemma3:12b,3838,0.0,0.9,50,10,NVIDIA A100-SXM4-40GB,19.49,40.0,4,12200000000,64,3.168
gemma3:12b,3841,0.0,0.9,50,10,NVIDIA A100-SXM4-40GB,19.49,40.0,4,12200000000,89,3.349
gemma3:12b,4933,0.0,0.9,50,10,NVIDIA A100-SXM4-40GB,19.49,40.0,4,12200000000,88,3.906
gemma3:12b,4804,0.0,0.9,50,10,NVIDIA A100-SXM4-40GB,19.49,40.0,4,12200000000,54,3.317
gemma3:12b,4823,0.0,0.9,50,10,NVIDIA A100-SXM4-40GB,19.49,40.0,4,12200000000,131,4.434
gemma3:12b,5914,0.0,0.9,50,10,NVIDIA A100-SXM4-40GB,19.49,40.0,4,12200000000,88,4.219
gemma3:12b,4885,0.0,0.9,50,10,NVIDIA A100-SXM4-40GB,19.49,40.0,4,12200000000,59,3.513
gemma3:12b,4973,0.0,0.9,50,10,NVIDIA A100-SXM4-40GB,19.49,40.0,4,12200000000,77,3.614
gemma3:12b,4958,0.0,0.9,50,10,NVIDIA A100-SXM4-40GB,19.49,40.0,4,12200000000,51,3.481
gemma3:12b,6032,0.0,0.9,50,10,NVIDIA A100-SXM4-40GB,19.49,40.0,4,12200000000,88,4.385
gemma3:12b,5917,0.0,0.9,50,10,NVIDIA A100-SXM4-40GB,19.49,40.0,4,12200000000,92,4.394
gemma3:12b,6150,0.0,0.9,50,10,NVIDIA A100-SXM4-40GB,19.49,40.0,4,12200000000,88,4.396
gemma3:12b,7131,0.0,0.9,50,10,NVIDIA A100-SXM4-40GB,19.49,40.0,4,12200000000,88,4.832
gemma3:12b,7249,0.0,0.9,50,10,NVIDIA A100-SXM4-40GB,19.49,40.0,4,12200000000,88,4.783
gemma3:12b,7367,0.0,0.9,50,10,NVIDIA A100-SXM4-40GB,19.49,40.0,4,12200000000,88,4.931
gemma3:12b,8348,0.0,0.9,50,10,NVIDIA A100-SXM4-40GB,19.49,40.0,4,12200000000,86,4.979
gemma3:12b,8464,0.0,0.9,50,10,NVIDIA A100-SXM4-40GB,19.49,40.0,4,12200000000,86,5.04
gemma3:12b,8580,0.0,0.9,50,10,NVIDIA A100-SXM4-40GB,19.49,40.0,4,12200000000,88,4.946
gemma3:12b,9561,0.0,0.9,50,10,NVIDIA A100-SXM4-40GB,19.49,40.0,4,12200000000,86,4.986
gemma3:12b,9677,0.0,0.9,50,10,NVIDIA A100-SXM4-40GB,19.49,40.0,4,12200000000,5,3.567
gemma3:12b,1235,0.0,0.95,50,1,NVIDIA GH200,67.0,96.0,1,12200000000,48,1.25
gemma3:12b,1328,0.0,0.95,50,1,NVIDIA GH200,67.0,96.0,1,12200000000,87,1.621
gemma3:12b,1429,0.0,0.95,50,1,NVIDIA GH200,67.0,96.0,1,12200000000,62,1.378
gemma3:12b,2399,0.0,0.95,50,1,NVIDIA GH200,67.0,96.0,1,12200000000,63,1.593
gemma3:12b,2505,0.0,0.95,50,1,NVIDIA GH200,67.0,96.0,1,12200000000,119,2.297
gemma3:12b,2666,0.0,0.95,50,1,NVIDIA GH200,67.0,96.0,1,12200000000,125,2.347
gemma3:12b,3698,0.0,0.95,50,1,NVIDIA GH200,67.0,96.0,1,12200000000,104,2.341
gemma3:12b,1235,0.0,0.95,50,1,NVIDIA A100-SXM4-40GB,19.49,40.0,4,12200000000,48,1.992
gemma3:12b,1328,0.0,0.95,50,1,NVIDIA A100-SXM4-40GB,19.49,40.0,4,12200000000,87,2.557
gemma3:12b,1429,0.0,0.95,50,1,NVIDIA A100-SXM4-40GB,19.49,40.0,4,12200000000,60,2.137
gemma3:12b,2397,0.0,0.95,50,1,NVIDIA A100-SXM4-40GB,19.49,40.0,4,12200000000,50,2.353
gemma3:12b,2509,0.0,0.95,50,1,NVIDIA A100-SXM4-40GB,19.49,40.0,4,12200000000,70,2.715
gemma3:12b,2606,0.0,0.95,50,1,NVIDIA A100-SXM4-40GB,19.49,40.0,4,12200000000,86,3.051
gemma3:12b,3570,0.0,0.95,50,1,NVIDIA A100-SXM4-40GB,19.49,40.0,4,12200000000,126,3.959
gemma3:12b,1235,0.0,0.95,50,5,NVIDIA GH200,67.0,96.0,1,12200000000,48,2.847
gemma3:12b,1235,0.0,0.95,50,5,NVIDIA GH200,67.0,96.0,1,12200000000,48,2.782
gemma3:12b,1235,0.0,0.95,50,5,NVIDIA GH200,67.0,96.0,1,12200000000,48,2.763
gemma3:12b,1235,0.0,0.95,50,5,NVIDIA GH200,67.0,96.0,1,12200000000,48,2.705
gemma3:12b,1235,0.0,0.95,50,5,NVIDIA GH200,67.0,96.0,1,12200000000,48,2.792
gemma3:12b,1328,0.0,0.95,50,5,NVIDIA GH200,67.0,96.0,1,12200000000,68,3.268
gemma3:12b,1328,0.0,0.95,50,5,NVIDIA GH200,67.0,96.0,1,12200000000,84,3.764
gemma3:12b,1328,0.0,0.95,50,5,NVIDIA GH200,67.0,96.0,1,12200000000,87,3.953
gemma3:12b,1328,0.0,0.95,50,5,NVIDIA GH200,67.0,96.0,1,12200000000,84,3.914
gemma3:12b,1328,0.0,0.95,50,5,NVIDIA GH200,67.0,96.0,1,12200000000,87,3.948
gemma3:12b,1410,0.0,0.95,50,5,NVIDIA GH200,67.0,96.0,1,12200000000,62,3.214
gemma3:12b,1429,0.0,0.95,50,5,NVIDIA GH200,67.0,96.0,1,12200000000,60,2.843
gemma3:12b,1426,0.0,0.95,50,5,NVIDIA GH200,67.0,96.0,1,12200000000,59,3.079
gemma3:12b,1429,0.0,0.95,50,5,NVIDIA GH200,67.0,96.0,1,12200000000,62,3.189
gemma3:12b,1426,0.0,0.95,50,5,NVIDIA GH200,67.0,96.0,1,12200000000,70,3.534
gemma3:12b,2380,0.0,0.95,50,5,NVIDIA GH200,67.0,96.0,1,12200000000,52,4.084
gemma3:12b,2397,0.0,0.95,50,5,NVIDIA GH200,67.0,96.0,1,12200000000,50,3.838
gemma3:12b,2378,0.0,0.95,50,5,NVIDIA GH200,67.0,96.0,1,12200000000,52,3.687
gemma3:12b,2399,0.0,0.95,50,5,NVIDIA GH200,67.0,96.0,1,12200000000,76,5.367
gemma3:12b,2403,0.0,0.95,50,5,NVIDIA GH200,67.0,96.0,1,12200000000,79,5.29
gemma3:12b,2473,0.0,0.95,50,5,NVIDIA GH200,67.0,96.0,1,12200000000,67,4.535
gemma3:12b,2512,0.0,0.95,50,5,NVIDIA GH200,67.0,96.0,1,12200000000,64,2.767
gemma3:12b,2518,0.0,0.95,50,5,NVIDIA GH200,67.0,96.0,1,12200000000,62,2.922
gemma3:12b,2475,0.0,0.95,50,5,NVIDIA GH200,67.0,96.0,1,12200000000,101,6.323
gemma3:12b,2490,0.0,0.95,50,5,NVIDIA GH200,67.0,96.0,1,12200000000,144,7.749
gemma3:12b,2610,0.0,0.95,50,5,NVIDIA GH200,67.0,96.0,1,12200000000,80,3.911
gemma3:12b,2570,0.0,0.95,50,5,NVIDIA GH200,67.0,96.0,1,12200000000,77,4.124
gemma3:12b,2606,0.0,0.95,50,5,NVIDIA GH200,67.0,96.0,1,12200000000,107,4.273
gemma3:12b,2676,0.0,0.95,50,5,NVIDIA GH200,67.0,96.0,1,12200000000,77,3.048
gemma3:12b,3552,0.0,0.95,50,5,NVIDIA GH200,67.0,96.0,1,12200000000,65,3.85
gemma3:12b,3618,0.0,0.95,50,5,NVIDIA GH200,67.0,96.0,1,12200000000,67,3.92
gemma3:12b,3662,0.0,0.95,50,5,NVIDIA GH200,67.0,96.0,1,12200000000,61,2.864
gemma3:12b,3658,0.0,0.95,50,5,NVIDIA GH200,67.0,96.0,1,12200000000,91,4.975
gemma3:12b,3730,0.0,0.95,50,5,NVIDIA GH200,67.0,96.0,1,12200000000,67,4.104
gemma3:12b,3764,0.0,0.95,50,5,NVIDIA GH200,67.0,96.0,1,12200000000,84,4.186
gemma3:12b,3790,0.0,0.95,50,5,NVIDIA GH200,67.0,96.0,1,12200000000,144,5.16
gemma3:12b,3839,0.0,0.95,50,5,NVIDIA GH200,67.0,96.0,1,12200000000,91,3.334
gemma3:12b,3974,0.0,0.95,50,5,NVIDIA GH200,67.0,96.0,1,12200000000,92,3.661
gemma3:12b,4833,0.0,0.95,50,5,NVIDIA GH200,67.0,96.0,1,12200000000,115,3.113
gemma3:12b,1235,0.0,0.95,50,5,NVIDIA A100-SXM4-40GB,19.49,40.0,4,12200000000,48,1.977
gemma3:12b,1235,0.0,0.95,50,5,NVIDIA A100-SXM4-40GB,19.49,40.0,4,12200000000,48,1.921
gemma3:12b,1235,0.0,0.95,50,5,NVIDIA A100-SXM4-40GB,19.49,40.0,4,12200000000,48,2.607
gemma3:12b,1235,0.0,0.95,50,5,NVIDIA A100-SXM4-40GB,19.49,40.0,4,12200000000,48,2.215
gemma3:12b,1235,0.0,0.95,50,5,NVIDIA A100-SXM4-40GB,19.49,40.0,4,12200000000,48,1.999
gemma3:12b,1328,0.0,0.95,50,5,NVIDIA A100-SXM4-40GB,19.49,40.0,4,12200000000,64,1.999
gemma3:12b,1328,0.0,0.95,50,5,NVIDIA A100-SXM4-40GB,19.49,40.0,4,12200000000,87,2.457
gemma3:12b,1328,0.0,0.95,50,5,NVIDIA A100-SXM4-40GB,19.49,40.0,4,12200000000,63,2.794
gemma3:12b,1328,0.0,0.95,50,5,NVIDIA A100-SXM4-40GB,19.49,40.0,4,12200000000,87,2.489
gemma3:12b,1328,0.0,0.95,50,5,NVIDIA A100-SXM4-40GB,19.49,40.0,4,12200000000,84,3.177
gemma3:12b,1406,0.0,0.95,50,5,NVIDIA A100-SXM4-40GB,19.49,40.0,4,12200000000,63,2.06
gemma3:12b,1429,0.0,0.95,50,5,NVIDIA A100-SXM4-40GB,19.49,40.0,4,12200000000,72,2.262
gemma3:12b,1429,0.0,0.95,50,5,NVIDIA A100-SXM4-40GB,19.49,40.0,4,12200000000,62,2.112
gemma3:12b,1405,0.0,0.95,50,5,NVIDIA A100-SXM4-40GB,19.49,40.0,4,12200000000,63,2.936
gemma3:12b,2377,0.0,0.95,50,5,NVIDIA A100-SXM4-40GB,19.49,40.0,4,12200000000,52,2.203
gemma3:12b,1426,0.0,0.95,50,5,NVIDIA A100-SXM4-40GB,19.49,40.0,4,12200000000,70,2.79
gemma3:12b,2426,0.0,0.95,50,5,NVIDIA A100-SXM4-40GB,19.49,40.0,4,12200000000,126,3.454
gemma3:12b,2399,0.0,0.95,50,5,NVIDIA A100-SXM4-40GB,19.49,40.0,4,12200000000,76,2.711
gemma3:12b,2491,0.0,0.95,50,5,NVIDIA A100-SXM4-40GB,19.49,40.0,4,12200000000,55,2.284
gemma3:12b,2376,0.0,0.95,50,5,NVIDIA A100-SXM4-40GB,19.49,40.0,4,12200000000,52,3.367
gemma3:12b,2595,0.0,0.95,50,5,NVIDIA A100-SXM4-40GB,19.49,40.0,4,12200000000,48,2.29
gemma3:12b,2573,0.0,0.95,50,5,NVIDIA A100-SXM4-40GB,19.49,40.0,4,12200000000,82,2.823
gemma3:12b,2421,0.0,0.95,50,5,NVIDIA A100-SXM4-40GB,19.49,40.0,4,12200000000,117,5.368
gemma3:12b,2537,0.0,0.95,50,5,NVIDIA A100-SXM4-40GB,19.49,40.0,4,12200000000,125,3.577
gemma3:12b,2685,0.0,0.95,50,5,NVIDIA A100-SXM4-40GB,19.49,40.0,4,12200000000,73,2.758
gemma3:12b,3563,0.0,0.95,50,5,NVIDIA A100-SXM4-40GB,19.49,40.0,4,12200000000,66,2.985
gemma3:12b,2490,0.0,0.95,50,5,NVIDIA A100-SXM4-40GB,19.49,40.0,4,12200000000,124,4.92
gemma3:12b,2581,0.0,0.95,50,5,NVIDIA A100-SXM4-40GB,19.49,40.0,4,12200000000,63,2.927
gemma3:12b,2705,0.0,0.95,50,5,NVIDIA A100-SXM4-40GB,19.49,40.0,4,12200000000,77,2.813
gemma3:12b,3666,0.0,0.95,50,5,NVIDIA A100-SXM4-40GB,19.49,40.0,4,12200000000,131,3.958
gemma3:12b,3643,0.0,0.95,50,5,NVIDIA A100-SXM4-40GB,19.49,40.0,4,12200000000,100,3.419
gemma3:12b,3660,0.0,0.95,50,5,NVIDIA A100-SXM4-40GB,19.49,40.0,4,12200000000,78,3.031
gemma3:12b,2657,0.0,0.95,50,5,NVIDIA A100-SXM4-40GB,19.49,40.0,4,12200000000,48,3.615
gemma3:12b,2686,0.0,0.95,50,5,NVIDIA A100-SXM4-40GB,19.49,40.0,4,12200000000,73,3.997
gemma3:12b,3613,0.0,0.95,50,5,NVIDIA A100-SXM4-40GB,19.49,40.0,4,12200000000,50,4.375
gemma3:12b,3667,0.0,0.95,50,5,NVIDIA A100-SXM4-40GB,19.49,40.0,4,12200000000,104,6.214
gemma3:12b,3725,0.0,0.95,50,5,NVIDIA A100-SXM4-40GB,19.49,40.0,4,12200000000,126,4.287
gemma3:12b,3881,0.0,0.95,50,5,NVIDIA A100-SXM4-40GB,19.49,40.0,4,12200000000,52,3.028
gemma3:12b,4858,0.0,0.95,50,5,NVIDIA A100-SXM4-40GB,19.49,40.0,4,12200000000,52,3.398
gemma3:12b,4972,0.0,0.95,50,5,NVIDIA A100-SXM4-40GB,19.49,40.0,4,12200000000,52,3.423
gemma3:12b,5086,0.0,0.95,50,5,NVIDIA A100-SXM4-40GB,19.49,40.0,4,12200000000,52,3.464
gemma3:12b,6063,0.0,0.95,50,5,NVIDIA A100-SXM4-40GB,19.49,40.0,4,12200000000,50,3.871
gemma3:12b,6175,0.0,0.95,50,5,NVIDIA A100-SXM4-40GB,19.49,40.0,4,12200000000,15,3.261
gemma3:12b,1235,0.0,0.95,50,10,NVIDIA GH200,67.0,96.0,1,12200000000,48,4.139
gemma3:12b,1235,0.0,0.95,50,10,NVIDIA GH200,67.0,96.0,1,12200000000,48,4.174
gemma3:12b,1235,0.0,0.95,50,10,NVIDIA GH200,67.0,96.0,1,12200000000,48,4.057
gemma3:12b,1235,0.0,0.95,50,10,NVIDIA GH200,67.0,96.0,1,12200000000,48,4.177
gemma3:12b,1235,0.0,0.95,50,10,NVIDIA GH200,67.0,96.0,1,12200000000,48,4.167
gemma3:12b,1235,0.0,0.95,50,10,NVIDIA GH200,67.0,96.0,1,12200000000,48,3.822
gemma3:12b,1235,0.0,0.95,50,10,NVIDIA GH200,67.0,96.0,1,12200000000,48,3.842
gemma3:12b,1235,0.0,0.95,50,10,NVIDIA GH200,67.0,96.0,1,12200000000,48,3.618
gemma3:12b,1235,0.0,0.95,50,10,NVIDIA GH200,67.0,96.0,1,12200000000,48,3.536
gemma3:12b,1235,0.0,0.95,50,10,NVIDIA GH200,67.0,96.0,1,12200000000,48,3.846
gemma3:12b,1328,0.0,0.95,50,10,NVIDIA GH200,67.0,96.0,1,12200000000,64,4.668
gemma3:12b,1328,0.0,0.95,50,10,NVIDIA GH200,67.0,96.0,1,12200000000,84,5.381
gemma3:12b,1328,0.0,0.95,50,10,NVIDIA GH200,67.0,96.0,1,12200000000,84,5.355
gemma3:12b,1328,0.0,0.95,50,10,NVIDIA GH200,67.0,96.0,1,12200000000,84,5.427
gemma3:12b,1328,0.0,0.95,50,10,NVIDIA GH200,67.0,96.0,1,12200000000,84,5.427
gemma3:12b,1328,0.0,0.95,50,10,NVIDIA GH200,67.0,96.0,1,12200000000,87,5.501
gemma3:12b,1328,0.0,0.95,50,10,NVIDIA GH200,67.0,96.0,1,12200000000,84,5.456
gemma3:12b,1328,0.0,0.95,50,10,NVIDIA GH200,67.0,96.0,1,12200000000,83,5.437
gemma3:12b,1328,0.0,0.95,50,10,NVIDIA GH200,67.0,96.0,1,12200000000,86,5.454
gemma3:12b,1328,0.0,0.95,50,10,NVIDIA GH200,67.0,96.0,1,12200000000,87,5.53
gemma3:12b,1406,0.0,0.95,50,10,NVIDIA GH200,67.0,96.0,1,12200000000,62,4.675
gemma3:12b,1429,0.0,0.95,50,10,NVIDIA GH200,67.0,96.0,1,12200000000,60,4.95
gemma3:12b,1429,0.0,0.95,50,10,NVIDIA GH200,67.0,96.0,1,12200000000,60,4.902
gemma3:12b,1426,0.0,0.95,50,10,NVIDIA GH200,67.0,96.0,1,12200000000,68,5.128
gemma3:12b,1426,0.0,0.95,50,10,NVIDIA GH200,67.0,96.0,1,12200000000,70,5.183
gemma3:12b,1426,0.0,0.95,50,10,NVIDIA GH200,67.0,96.0,1,12200000000,70,5.184
gemma3:12b,1426,0.0,0.95,50,10,NVIDIA GH200,67.0,96.0,1,12200000000,72,5.227
gemma3:12b,1426,0.0,0.95,50,10,NVIDIA GH200,67.0,96.0,1,12200000000,72,5.201
gemma3:12b,1425,0.0,0.95,50,10,NVIDIA GH200,67.0,96.0,1,12200000000,70,5.339
gemma3:12b,1428,0.0,0.95,50,10,NVIDIA GH200,67.0,96.0,1,12200000000,96,9.824
gemma3:12b,2376,0.0,0.95,50,10,NVIDIA GH200,67.0,96.0,1,12200000000,52,6.835
gemma3:12b,2397,0.0,0.95,50,10,NVIDIA GH200,67.0,96.0,1,12200000000,50,6.806
gemma3:12b,2397,0.0,0.95,50,10,NVIDIA GH200,67.0,96.0,1,12200000000,50,6.836
gemma3:12b,2401,0.0,0.95,50,10,NVIDIA GH200,67.0,96.0,1,12200000000,54,6.743
gemma3:12b,2403,0.0,0.95,50,10,NVIDIA GH200,67.0,96.0,1,12200000000,63,7.059
gemma3:12b,2403,0.0,0.95,50,10,NVIDIA GH200,67.0,96.0,1,12200000000,79,9.65
gemma3:12b,2403,0.0,0.95,50,10,NVIDIA GH200,67.0,96.0,1,12200000000,79,9.625
gemma3:12b,2405,0.0,0.95,50,10,NVIDIA GH200,67.0,96.0,1,12200000000,79,9.56
gemma3:12b,2432,0.0,0.95,50,10,NVIDIA GH200,67.0,96.0,1,12200000000,52,5.21
gemma3:12b,3358,0.0,0.95,50,10,NVIDIA GH200,67.0,96.0,1,12200000000,46,6.281
gemma3:12b,2405,0.0,0.95,50,10,NVIDIA GH200,67.0,96.0,1,12200000000,130,13.007
gemma3:12b,2509,0.0,0.95,50,10,NVIDIA GH200,67.0,96.0,1,12200000000,68,7.571
gemma3:12b,2471,0.0,0.95,50,10,NVIDIA GH200,67.0,96.0,1,12200000000,99,9.398
gemma3:12b,2512,0.0,0.95,50,10,NVIDIA GH200,67.0,96.0,1,12200000000,64,5.67
gemma3:12b,2514,0.0,0.95,50,10,NVIDIA GH200,67.0,96.0,1,12200000000,64,5.669
gemma3:12b,2512,0.0,0.95,50,10,NVIDIA GH200,67.0,96.0,1,12200000000,64,5.786
gemma3:12b,2490,0.0,0.95,50,10,NVIDIA GH200,67.0,96.0,1,12200000000,133,11.14
gemma3:12b,2490,0.0,0.95,50,10,NVIDIA GH200,67.0,96.0,1,12200000000,144,11.941
gemma3:12b,3473,0.0,0.95,50,10,NVIDIA GH200,67.0,96.0,1,12200000000,46,3.596
gemma3:12b,3449,0.0,0.95,50,10,NVIDIA GH200,67.0,96.0,1,12200000000,84,6.65
gemma3:12b,2527,0.0,0.95,50,10,NVIDIA GH200,67.0,96.0,1,12200000000,136,10.668
gemma3:12b,2577,0.0,0.95,50,10,NVIDIA GH200,67.0,96.0,1,12200000000,98,8.814
gemma3:12b,2622,0.0,0.95,50,10,NVIDIA GH200,67.0,96.0,1,12200000000,88,7.228
gemma3:12b,3564,0.0,0.95,50,10,NVIDIA GH200,67.0,96.0,1,12200000000,64,5.471
gemma3:12b,2665,0.0,0.95,50,10,NVIDIA GH200,67.0,96.0,1,12200000000,92,6.501
gemma3:12b,2705,0.0,0.95,50,10,NVIDIA GH200,67.0,96.0,1,12200000000,70,3.713
gemma3:12b,2676,0.0,0.95,50,10,NVIDIA GH200,67.0,96.0,1,12200000000,84,5.76
gemma3:12b,3547,0.0,0.95,50,10,NVIDIA GH200,67.0,96.0,1,12200000000,106,8.745
gemma3:12b,2717,0.0,0.95,50,10,NVIDIA GH200,67.0,96.0,1,12200000000,91,6.573
gemma3:12b,3668,0.0,0.95,50,10,NVIDIA GH200,67.0,96.0,1,12200000000,83,7.593
gemma3:12b,4506,0.0,0.95,50,10,NVIDIA GH200,67.0,96.0,1,12200000000,86,7.938
gemma3:12b,3665,0.0,0.95,50,10,NVIDIA GH200,67.0,96.0,1,12200000000,89,7.671
gemma3:12b,3662,0.0,0.95,50,10,NVIDIA GH200,67.0,96.0,1,12200000000,106,10.471
gemma3:12b,3701,0.0,0.95,50,10,NVIDIA GH200,67.0,96.0,1,12200000000,101,8.094
gemma3:12b,4546,0.0,0.95,50,10,NVIDIA GH200,67.0,96.0,1,12200000000,137,8.974
gemma3:12b,3781,0.0,0.95,50,10,NVIDIA GH200,67.0,96.0,1,12200000000,85,5.933
gemma3:12b,3795,0.0,0.95,50,10,NVIDIA GH200,67.0,96.0,1,12200000000,113,7.218
gemma3:12b,4637,0.0,0.95,50,10,NVIDIA GH200,67.0,96.0,1,12200000000,116,7.333
gemma3:12b,3812,0.0,0.95,50,10,NVIDIA GH200,67.0,96.0,1,12200000000,124,5.805
gemma3:12b,3893,0.0,0.95,50,10,NVIDIA GH200,67.0,96.0,1,12200000000,109,5.115
gemma3:12b,3948,0.0,0.95,50,10,NVIDIA GH200,67.0,96.0,1,12200000000,139,5.515
gemma3:12b,3976,0.0,0.95,50,10,NVIDIA GH200,67.0,96.0,1,12200000000,139,4.731
gemma3:12b,4910,0.0,0.95,50,10,NVIDIA GH200,67.0,96.0,1,12200000000,172,5.174
gemma3:12b,5018,0.0,0.95,50,10,NVIDIA GH200,67.0,96.0,1,12200000000,163,3.815
gemma3:12b,5223,0.0,0.95,50,10,NVIDIA GH200,67.0,96.0,1,12200000000,174,3.535
gemma3:12b,1235,0.0,0.95,50,10,NVIDIA A100-SXM4-40GB,19.49,40.0,4,12200000000,48,1.995
gemma3:12b,1235,0.0,0.95,50,10,NVIDIA A100-SXM4-40GB,19.49,40.0,4,12200000000,48,2.601
gemma3:12b,1235,0.0,0.95,50,10,NVIDIA A100-SXM4-40GB,19.49,40.0,4,12200000000,48,2.246
gemma3:12b,1235,0.0,0.95,50,10,NVIDIA A100-SXM4-40GB,19.49,40.0,4,12200000000,48,3.245
gemma3:12b,1235,0.0,0.95,50,10,NVIDIA A100-SXM4-40GB,19.49,40.0,4,12200000000,48,2.901
gemma3:12b,1235,0.0,0.95,50,10,NVIDIA A100-SXM4-40GB,19.49,40.0,4,12200000000,48,3.138
gemma3:12b,1235,0.0,0.95,50,10,NVIDIA A100-SXM4-40GB,19.49,40.0,4,12200000000,48,2.751
gemma3:12b,1235,0.0,0.95,50,10,NVIDIA A100-SXM4-40GB,19.49,40.0,4,12200000000,48,2.551
gemma3:12b,1235,0.0,0.95,50,10,NVIDIA A100-SXM4-40GB,19.49,40.0,4,12200000000,48,3.008
gemma3:12b,1328,0.0,0.95,50,10,NVIDIA A100-SXM4-40GB,19.49,40.0,4,12200000000,84,3.14
gemma3:12b,1328,0.0,0.95,50,10,NVIDIA A100-SXM4-40GB,19.49,40.0,4,12200000000,63,2.825
gemma3:12b,1235,0.0,0.95,50,10,NVIDIA A100-SXM4-40GB,19.49,40.0,4,12200000000,48,3.224
gemma3:12b,1328,0.0,0.95,50,10,NVIDIA A100-SXM4-40GB,19.49,40.0,4,12200000000,87,3.208
gemma3:12b,1328,0.0,0.95,50,10,NVIDIA A100-SXM4-40GB,19.49,40.0,4,12200000000,87,3.208
gemma3:12b,1426,0.0,0.95,50,10,NVIDIA A100-SXM4-40GB,19.49,40.0,4,12200000000,59,2.297
gemma3:12b,1328,0.0,0.95,50,10,NVIDIA A100-SXM4-40GB,19.49,40.0,4,12200000000,87,4.179
gemma3:12b,1328,0.0,0.95,50,10,NVIDIA A100-SXM4-40GB,19.49,40.0,4,12200000000,87,4.155
gemma3:12b,1328,0.0,0.95,50,10,NVIDIA A100-SXM4-40GB,19.49,40.0,4,12200000000,85,4.135
gemma3:12b,1328,0.0,0.95,50,10,NVIDIA A100-SXM4-40GB,19.49,40.0,4,12200000000,84,3.981
gemma3:12b,1328,0.0,0.95,50,10,NVIDIA A100-SXM4-40GB,19.49,40.0,4,12200000000,87,3.106
gemma3:12b,1405,0.0,0.95,50,10,NVIDIA A100-SXM4-40GB,19.49,40.0,4,12200000000,63,2.897
gemma3:12b,1429,0.0,0.95,50,10,NVIDIA A100-SXM4-40GB,19.49,40.0,4,12200000000,62,2.508
gemma3:12b,1328,0.0,0.95,50,10,NVIDIA A100-SXM4-40GB,19.49,40.0,4,12200000000,82,4.001
gemma3:12b,2378,0.0,0.95,50,10,NVIDIA A100-SXM4-40GB,19.49,40.0,4,12200000000,52,2.911
gemma3:12b,1429,0.0,0.95,50,10,NVIDIA A100-SXM4-40GB,19.49,40.0,4,12200000000,70,3.343
gemma3:12b,1429,0.0,0.95,50,10,NVIDIA A100-SXM4-40GB,19.49,40.0,4,12200000000,62,3.705
gemma3:12b,1429,0.0,0.95,50,10,NVIDIA A100-SXM4-40GB,19.49,40.0,4,12200000000,62,3.792
gemma3:12b,1429,0.0,0.95,50,10,NVIDIA A100-SXM4-40GB,19.49,40.0,4,12200000000,72,3.602
gemma3:12b,1427,0.0,0.95,50,10,NVIDIA A100-SXM4-40GB,19.49,40.0,4,12200000000,61,3.691
gemma3:12b,1426,0.0,0.95,50,10,NVIDIA A100-SXM4-40GB,19.49,40.0,4,12200000000,70,3.722
gemma3:12b,2376,0.0,0.95,50,10,NVIDIA A100-SXM4-40GB,19.49,40.0,4,12200000000,52,3.378
gemma3:12b,2399,0.0,0.95,50,10,NVIDIA A100-SXM4-40GB,19.49,40.0,4,12200000000,76,3.763
gemma3:12b,1424,0.0,0.95,50,10,NVIDIA A100-SXM4-40GB,19.49,40.0,4,12200000000,59,2.952
gemma3:12b,2424,0.0,0.95,50,10,NVIDIA A100-SXM4-40GB,19.49,40.0,4,12200000000,90,4.209
gemma3:12b,2492,0.0,0.95,50,10,NVIDIA A100-SXM4-40GB,19.49,40.0,4,12200000000,114,4.663
gemma3:12b,2490,0.0,0.95,50,10,NVIDIA A100-SXM4-40GB,19.49,40.0,4,12200000000,60,3.566
gemma3:12b,2381,0.0,0.95,50,10,NVIDIA A100-SXM4-40GB,19.49,40.0,4,12200000000,50,4.506
gemma3:12b,2376,0.0,0.95,50,10,NVIDIA A100-SXM4-40GB,19.49,40.0,4,12200000000,52,3.62
gemma3:12b,2399,0.0,0.95,50,10,NVIDIA A100-SXM4-40GB,19.49,40.0,4,12200000000,76,5.148
gemma3:12b,2399,0.0,0.95,50,10,NVIDIA A100-SXM4-40GB,19.49,40.0,4,12200000000,76,5.15
gemma3:12b,2537,0.0,0.95,50,10,NVIDIA A100-SXM4-40GB,19.49,40.0,4,12200000000,123,5.296
gemma3:12b,2649,0.0,0.95,50,10,NVIDIA A100-SXM4-40GB,19.49,40.0,4,12200000000,50,3.143
gemma3:12b,2557,0.0,0.95,50,10,NVIDIA A100-SXM4-40GB,19.49,40.0,4,12200000000,67,3.825
gemma3:12b,2421,0.0,0.95,50,10,NVIDIA A100-SXM4-40GB,19.49,40.0,4,12200000000,94,7.116
gemma3:12b,2426,0.0,0.95,50,10,NVIDIA A100-SXM4-40GB,19.49,40.0,4,12200000000,119,7.433
gemma3:12b,2577,0.0,0.95,50,10,NVIDIA A100-SXM4-40GB,19.49,40.0,4,12200000000,95,4.39
gemma3:12b,2471,0.0,0.95,50,10,NVIDIA A100-SXM4-40GB,19.49,40.0,4,12200000000,59,4.735
gemma3:12b,2704,0.0,0.95,50,10,NVIDIA A100-SXM4-40GB,19.49,40.0,4,12200000000,95,4.571
gemma3:12b,3624,0.0,0.95,50,10,NVIDIA A100-SXM4-40GB,19.49,40.0,4,12200000000,52,3.904
gemma3:12b,2588,0.0,0.95,50,10,NVIDIA A100-SXM4-40GB,19.49,40.0,4,12200000000,74,3.381
gemma3:12b,2638,0.0,0.95,50,10,NVIDIA A100-SXM4-40GB,19.49,40.0,4,12200000000,69,3.882
gemma3:12b,2518,0.0,0.95,50,10,NVIDIA A100-SXM4-40GB,19.49,40.0,4,12200000000,114,6.075
gemma3:12b,2558,0.0,0.95,50,10,NVIDIA A100-SXM4-40GB,19.49,40.0,4,12200000000,63,4.322
gemma3:12b,2493,0.0,0.95,50,10,NVIDIA A100-SXM4-40GB,19.49,40.0,4,12200000000,116,7.301
gemma3:12b,3580,0.0,0.95,50,10,NVIDIA A100-SXM4-40GB,19.49,40.0,4,12200000000,94,4.927
gemma3:12b,2518,0.0,0.95,50,10,NVIDIA A100-SXM4-40GB,19.49,40.0,4,12200000000,154,8.837
gemma3:12b,3433,0.0,0.95,50,10,NVIDIA A100-SXM4-40GB,19.49,40.0,4,12200000000,46,4.905
gemma3:12b,3738,0.0,0.95,50,10,NVIDIA A100-SXM4-40GB,19.49,40.0,4,12200000000,116,3.864
gemma3:12b,3708,0.0,0.95,50,10,NVIDIA A100-SXM4-40GB,19.49,40.0,4,12200000000,120,4.111
gemma3:12b,2662,0.0,0.95,50,10,NVIDIA A100-SXM4-40GB,19.49,40.0,4,12200000000,79,5.063
gemma3:12b,2692,0.0,0.95,50,10,NVIDIA A100-SXM4-40GB,19.49,40.0,4,12200000000,83,5.534
gemma3:12b,2663,0.0,0.95,50,10,NVIDIA A100-SXM4-40GB,19.49,40.0,4,12200000000,61,5.199
gemma3:12b,2652,0.0,0.95,50,10,NVIDIA A100-SXM4-40GB,19.49,40.0,4,12200000000,77,5.166
gemma3:12b,3884,0.0,0.95,50,10,NVIDIA A100-SXM4-40GB,19.49,40.0,4,12200000000,50,2.782
gemma3:12b,3873,0.0,0.95,50,10,NVIDIA A100-SXM4-40GB,19.49,40.0,4,12200000000,76,3.295
gemma3:12b,2702,0.0,0.95,50,10,NVIDIA A100-SXM4-40GB,19.49,40.0,4,12200000000,84,4.334
gemma3:12b,3493,0.0,0.95,50,10,NVIDIA A100-SXM4-40GB,19.49,40.0,4,12200000000,64,4.72
gemma3:12b,3683,0.0,0.95,50,10,NVIDIA A100-SXM4-40GB,19.49,40.0,4,12200000000,78,3.226
gemma3:12b,4859,0.0,0.95,50,10,NVIDIA A100-SXM4-40GB,19.49,40.0,4,12200000000,50,3.19
gemma3:12b,4011,0.0,0.95,50,10,NVIDIA A100-SXM4-40GB,19.49,40.0,4,12200000000,56,2.927
gemma3:12b,3614,0.0,0.95,50,10,NVIDIA A100-SXM4-40GB,19.49,40.0,4,12200000000,101,5.605
gemma3:12b,3775,0.0,0.95,50,10,NVIDIA A100-SXM4-40GB,19.49,40.0,4,12200000000,78,3.186
gemma3:12b,4465,0.0,0.95,50,10,NVIDIA A100-SXM4-40GB,19.49,40.0,4,12200000000,70,4.546
gemma3:12b,4971,0.0,0.95,50,10,NVIDIA A100-SXM4-40GB,19.49,40.0,4,12200000000,52,3.263
gemma3:12b,3867,0.0,0.95,50,10,NVIDIA A100-SXM4-40GB,19.49,40.0,4,12200000000,103,3.463
gemma3:12b,5085,0.0,0.95,50,10,NVIDIA A100-SXM4-40GB,19.49,40.0,4,12200000000,52,3.332
gemma3:12b,3760,0.0,0.95,50,10,NVIDIA A100-SXM4-40GB,19.49,40.0,4,12200000000,102,5.87
gemma3:12b,4549,0.0,0.95,50,10,NVIDIA A100-SXM4-40GB,19.49,40.0,4,12200000000,126,5.074
gemma3:12b,6062,0.0,0.95,50,10,NVIDIA A100-SXM4-40GB,19.49,40.0,4,12200000000,50,3.695
gemma3:12b,3876,0.0,0.95,50,10,NVIDIA A100-SXM4-40GB,19.49,40.0,4,12200000000,129,4.134
gemma3:12b,6174,0.0,0.95,50,10,NVIDIA A100-SXM4-40GB,19.49,40.0,4,12200000000,116,4.831
gemma3:12b,6320,0.0,0.95,50,10,NVIDIA A100-SXM4-40GB,19.49,40.0,4,12200000000,52,3.853
gemma3:12b,7297,0.0,0.95,50,10,NVIDIA A100-SXM4-40GB,19.49,40.0,4,12200000000,50,4.267
gemma3:12b,7409,0.0,0.95,50,10,NVIDIA A100-SXM4-40GB,19.49,40.0,4,12200000000,116,5.395
gemma3:12b,7555,0.0,0.95,50,10,NVIDIA A100-SXM4-40GB,19.49,40.0,4,12200000000,52,4.331
gemma3:12b,8532,0.0,0.95,50,10,NVIDIA A100-SXM4-40GB,19.49,40.0,4,12200000000,50,4.386
gemma3:12b,8644,0.0,0.95,50,10,NVIDIA A100-SXM4-40GB,19.49,40.0,4,12200000000,50,4.428
gemma3:12b,8756,0.0,0.95,50,10,NVIDIA A100-SXM4-40GB,19.49,40.0,4,12200000000,53,4.44
gemma3:12b,9734,0.0,0.95,50,10,NVIDIA A100-SXM4-40GB,19.49,40.0,4,12200000000,50,4.416
gemma3:12b,9846,0.0,0.95,50,10,NVIDIA A100-SXM4-40GB,19.49,40.0,4,12200000000,50,4.357
gemma3:12b,9958,0.0,0.95,50,10,NVIDIA A100-SXM4-40GB,19.49,40.0,4,12200000000,50,4.404
gemma3:12b,10933,0.0,0.95,50,10,NVIDIA A100-SXM4-40GB,19.49,40.0,4,12200000000,50,4.394
gemma3:12b,11191,0.0,0.95,50,10,NVIDIA A100-SXM4-40GB,19.49,40.0,4,12200000000,50,4.384
gemma3:12b,1235,0.0,1.0,50,1,NVIDIA GH200,67.0,96.0,1,12200000000,48,1.245
gemma3:12b,1328,0.0,1.0,50,1,NVIDIA GH200,67.0,96.0,1,12200000000,87,1.619
gemma3:12b,1429,0.0,1.0,50,1,NVIDIA GH200,67.0,96.0,1,12200000000,60,1.336
gemma3:12b,2397,0.0,1.0,50,1,NVIDIA GH200,67.0,96.0,1,12200000000,52,1.454
gemma3:12b,2492,0.0,1.0,50,1,NVIDIA GH200,67.0,96.0,1,12200000000,144,2.596
gemma3:12b,2678,0.0,1.0,50,1,NVIDIA GH200,67.0,96.0,1,12200000000,64,1.675
gemma3:12b,3635,0.0,1.0,50,1,NVIDIA GH200,67.0,96.0,1,12200000000,96,2.311
gemma3:12b,3745,0.0,1.0,50,1,NVIDIA GH200,67.0,96.0,1,12200000000,23,1.374
gemma3:12b,1235,0.0,1.0,50,1,NVIDIA A100-SXM4-40GB,19.49,40.0,4,12200000000,48,2.065
gemma3:12b,1328,0.0,1.0,50,1,NVIDIA A100-SXM4-40GB,19.49,40.0,4,12200000000,84,2.44
gemma3:12b,1426,0.0,1.0,50,1,NVIDIA A100-SXM4-40GB,19.49,40.0,4,12200000000,72,2.295
gemma3:12b,2405,0.0,1.0,50,1,NVIDIA A100-SXM4-40GB,19.49,40.0,4,12200000000,52,2.313
gemma3:12b,3360,0.0,1.0,50,1,NVIDIA A100-SXM4-40GB,19.49,40.0,4,12200000000,46,2.712
gemma3:12b,3451,0.0,1.0,50,1,NVIDIA A100-SXM4-40GB,19.49,40.0,4,12200000000,84,3.398
gemma3:12b,3549,0.0,1.0,50,1,NVIDIA A100-SXM4-40GB,19.49,40.0,4,12200000000,135,4.083
gemma3:12b,1235,0.0,1.0,50,5,NVIDIA GH200,67.0,96.0,1,12200000000,48,2.804
gemma3:12b,1235,0.0,1.0,50,5,NVIDIA GH200,67.0,96.0,1,12200000000,48,2.762
gemma3:12b,1235,0.0,1.0,50,5,NVIDIA GH200,67.0,96.0,1,12200000000,48,2.749
gemma3:12b,1235,0.0,1.0,50,5,NVIDIA GH200,67.0,96.0,1,12200000000,48,2.319
gemma3:12b,1235,0.0,1.0,50,5,NVIDIA GH200,67.0,96.0,1,12200000000,48,2.116
gemma3:12b,1328,0.0,1.0,50,5,NVIDIA GH200,67.0,96.0,1,12200000000,63,3.141
gemma3:12b,1328,0.0,1.0,50,5,NVIDIA GH200,67.0,96.0,1,12200000000,68,3.266
gemma3:12b,1328,0.0,1.0,50,5,NVIDIA GH200,67.0,96.0,1,12200000000,87,4.247
gemma3:12b,1328,0.0,1.0,50,5,NVIDIA GH200,67.0,96.0,1,12200000000,87,4.2
gemma3:12b,1328,0.0,1.0,50,5,NVIDIA GH200,67.0,96.0,1,12200000000,87,4.251
gemma3:12b,1405,0.0,1.0,50,5,NVIDIA GH200,67.0,96.0,1,12200000000,62,3.242
gemma3:12b,1410,0.0,1.0,50,5,NVIDIA GH200,67.0,96.0,1,12200000000,62,3.226
gemma3:12b,1429,0.0,1.0,50,5,NVIDIA GH200,67.0,96.0,1,12200000000,60,2.918
gemma3:12b,1429,0.0,1.0,50,5,NVIDIA GH200,67.0,96.0,1,12200000000,62,3.896
gemma3:12b,1429,0.0,1.0,50,5,NVIDIA GH200,67.0,96.0,1,12200000000,62,3.915
gemma3:12b,2375,0.0,1.0,50,5,NVIDIA GH200,67.0,96.0,1,12200000000,52,4.184
gemma3:12b,2380,0.0,1.0,50,5,NVIDIA GH200,67.0,96.0,1,12200000000,52,4.189
gemma3:12b,2397,0.0,1.0,50,5,NVIDIA GH200,67.0,96.0,1,12200000000,76,5.179
gemma3:12b,2399,0.0,1.0,50,5,NVIDIA GH200,67.0,96.0,1,12200000000,76,4.239
gemma3:12b,2399,0.0,1.0,50,5,NVIDIA GH200,67.0,96.0,1,12200000000,76,4.239
gemma3:12b,2475,0.0,1.0,50,5,NVIDIA GH200,67.0,96.0,1,12200000000,92,5.16
gemma3:12b,2470,0.0,1.0,50,5,NVIDIA GH200,67.0,96.0,1,12200000000,109,6.146
gemma3:12b,2516,0.0,1.0,50,5,NVIDIA GH200,67.0,96.0,1,12200000000,109,5.541
gemma3:12b,2518,0.0,1.0,50,5,NVIDIA GH200,67.0,96.0,1,12200000000,109,5.501
gemma3:12b,2518,0.0,1.0,50,5,NVIDIA GH200,67.0,96.0,1,12200000000,151,7.558
gemma3:12b,2597,0.0,1.0,50,5,NVIDIA GH200,67.0,96.0,1,12200000000,86,5.179
gemma3:12b,2655,0.0,1.0,50,5,NVIDIA GH200,67.0,96.0,1,12200000000,91,4.957
gemma3:12b,2657,0.0,1.0,50,5,NVIDIA GH200,67.0,96.0,1,12200000000,91,4.918
gemma3:12b,2593,0.0,1.0,50,5,NVIDIA GH200,67.0,96.0,1,12200000000,138,6.444
gemma3:12b,2699,0.0,1.0,50,5,NVIDIA GH200,67.0,96.0,1,12200000000,84,3.431
gemma3:12b,3588,0.0,1.0,50,5,NVIDIA GH200,67.0,96.0,1,12200000000,68,3.174
gemma3:12b,3624,0.0,1.0,50,5,NVIDIA GH200,67.0,96.0,1,12200000000,97,3.433
gemma3:12b,3699,0.0,1.0,50,5,NVIDIA GH200,67.0,96.0,1,12200000000,76,2.502
gemma3:12b,3817,0.0,1.0,50,5,NVIDIA GH200,67.0,96.0,1,12200000000,76,2.133
gemma3:12b,4786,0.0,1.0,50,5,NVIDIA GH200,67.0,96.0,1,12200000000,93,2.506
gemma3:12b,1235,0.0,1.0,50,5,NVIDIA A100-SXM4-40GB,19.49,40.0,4,12200000000,48,2.018
gemma3:12b,1235,0.0,1.0,50,5,NVIDIA A100-SXM4-40GB,19.49,40.0,4,12200000000,48,2.63
gemma3:12b,1235,0.0,1.0,50,5,NVIDIA A100-SXM4-40GB,19.49,40.0,4,12200000000,48,2.439
gemma3:12b,1235,0.0,1.0,50,5,NVIDIA A100-SXM4-40GB,19.49,40.0,4,12200000000,48,1.912
gemma3:12b,1235,0.0,1.0,50,5,NVIDIA A100-SXM4-40GB,19.49,40.0,4,12200000000,48,1.967
gemma3:12b,1328,0.0,1.0,50,5,NVIDIA A100-SXM4-40GB,19.49,40.0,4,12200000000,87,2.455
gemma3:12b,1328,0.0,1.0,50,5,NVIDIA A100-SXM4-40GB,19.49,40.0,4,12200000000,86,2.316
gemma3:12b,1328,0.0,1.0,50,5,NVIDIA A100-SXM4-40GB,19.49,40.0,4,12200000000,84,3.296
gemma3:12b,1328,0.0,1.0,50,5,NVIDIA A100-SXM4-40GB,19.49,40.0,4,12200000000,84,3.293
gemma3:12b,1328,0.0,1.0,50,5,NVIDIA A100-SXM4-40GB,19.49,40.0,4,12200000000,86,2.508
gemma3:12b,1429,0.0,1.0,50,5,NVIDIA A100-SXM4-40GB,19.49,40.0,4,12200000000,74,2.354
gemma3:12b,1428,0.0,1.0,50,5,NVIDIA A100-SXM4-40GB,19.49,40.0,4,12200000000,74,2.241
gemma3:12b,1428,0.0,1.0,50,5,NVIDIA A100-SXM4-40GB,19.49,40.0,4,12200000000,72,2.204
gemma3:12b,1426,0.0,1.0,50,5,NVIDIA A100-SXM4-40GB,19.49,40.0,4,12200000000,70,2.998
gemma3:12b,1426,0.0,1.0,50,5,NVIDIA A100-SXM4-40GB,19.49,40.0,4,12200000000,70,3.066
gemma3:12b,2411,0.0,1.0,50,5,NVIDIA A100-SXM4-40GB,19.49,40.0,4,12200000000,50,2.258
gemma3:12b,2410,0.0,1.0,50,5,NVIDIA A100-SXM4-40GB,19.49,40.0,4,12200000000,50,2.27
gemma3:12b,2407,0.0,1.0,50,5,NVIDIA A100-SXM4-40GB,19.49,40.0,4,12200000000,51,2.175
gemma3:12b,2403,0.0,1.0,50,5,NVIDIA A100-SXM4-40GB,19.49,40.0,4,12200000000,56,3.559
gemma3:12b,2403,0.0,1.0,50,5,NVIDIA A100-SXM4-40GB,19.49,40.0,4,12200000000,79,3.911
gemma3:12b,3361,0.0,1.0,50,5,NVIDIA A100-SXM4-40GB,19.49,40.0,4,12200000000,46,2.541
gemma3:12b,2504,0.0,1.0,50,5,NVIDIA A100-SXM4-40GB,19.49,40.0,4,12200000000,144,3.826
gemma3:12b,2503,0.0,1.0,50,5,NVIDIA A100-SXM4-40GB,19.49,40.0,4,12200000000,136,3.496
gemma3:12b,2690,0.0,1.0,50,5,NVIDIA A100-SXM4-40GB,19.49,40.0,4,12200000000,80,2.849
gemma3:12b,3362,0.0,1.0,50,5,NVIDIA A100-SXM4-40GB,19.49,40.0,4,12200000000,46,3.748
gemma3:12b,3452,0.0,1.0,50,5,NVIDIA A100-SXM4-40GB,19.49,40.0,4,12200000000,86,3.311
gemma3:12b,2512,0.0,1.0,50,5,NVIDIA A100-SXM4-40GB,19.49,40.0,4,12200000000,64,3.553
gemma3:12b,2681,0.0,1.0,50,5,NVIDIA A100-SXM4-40GB,19.49,40.0,4,12200000000,63,2.663
gemma3:12b,3675,0.0,1.0,50,5,NVIDIA A100-SXM4-40GB,19.49,40.0,4,12200000000,69,3.123
gemma3:12b,3453,0.0,1.0,50,5,NVIDIA A100-SXM4-40GB,19.49,40.0,4,12200000000,84,3.322
gemma3:12b,3649,0.0,1.0,50,5,NVIDIA A100-SXM4-40GB,19.49,40.0,4,12200000000,72,3.061
gemma3:12b,3552,0.0,1.0,50,5,NVIDIA A100-SXM4-40GB,19.49,40.0,4,12200000000,109,3.586
gemma3:12b,3551,0.0,1.0,50,5,NVIDIA A100-SXM4-40GB,19.49,40.0,4,12200000000,71,3.158
gemma3:12b,3762,0.0,1.0,50,5,NVIDIA A100-SXM4-40GB,19.49,40.0,4,12200000000,85,3.173
gemma3:12b,3785,0.0,1.0,50,5,NVIDIA A100-SXM4-40GB,19.49,40.0,4,12200000000,117,3.957
gemma3:12b,4554,0.0,1.0,50,5,NVIDIA A100-SXM4-40GB,19.49,40.0,4,12200000000,111,4.003
gemma3:12b,3942,0.0,1.0,50,5,NVIDIA A100-SXM4-40GB,19.49,40.0,4,12200000000,115,3.775
gemma3:12b,4515,0.0,1.0,50,5,NVIDIA A100-SXM4-40GB,19.49,40.0,4,12200000000,127,4.372
gemma3:12b,1235,0.0,1.0,50,10,NVIDIA GH200,67.0,96.0,1,12200000000,48,4.179
gemma3:12b,1235,0.0,1.0,50,10,NVIDIA GH200,67.0,96.0,1,12200000000,48,4.183
gemma3:12b,1235,0.0,1.0,50,10,NVIDIA GH200,67.0,96.0,1,12200000000,48,4.124
gemma3:12b,1235,0.0,1.0,50,10,NVIDIA GH200,67.0,96.0,1,12200000000,48,4.058
gemma3:12b,1235,0.0,1.0,50,10,NVIDIA GH200,67.0,96.0,1,12200000000,48,3.864
gemma3:12b,1235,0.0,1.0,50,10,NVIDIA GH200,67.0,96.0,1,12200000000,48,4.181
gemma3:12b,1235,0.0,1.0,50,10,NVIDIA GH200,67.0,96.0,1,12200000000,48,4.028
gemma3:12b,1235,0.0,1.0,50,10,NVIDIA GH200,67.0,96.0,1,12200000000,48,4.116
gemma3:12b,1235,0.0,1.0,50,10,NVIDIA GH200,67.0,96.0,1,12200000000,48,3.241
gemma3:12b,1235,0.0,1.0,50,10,NVIDIA GH200,67.0,96.0,1,12200000000,48,3.687
gemma3:12b,1328,0.0,1.0,50,10,NVIDIA GH200,67.0,96.0,1,12200000000,84,5.098
gemma3:12b,1328,0.0,1.0,50,10,NVIDIA GH200,67.0,96.0,1,12200000000,84,5.12
gemma3:12b,1328,0.0,1.0,50,10,NVIDIA GH200,67.0,96.0,1,12200000000,84,5.122
gemma3:12b,1328,0.0,1.0,50,10,NVIDIA GH200,67.0,96.0,1,12200000000,84,5.148
gemma3:12b,1328,0.0,1.0,50,10,NVIDIA GH200,67.0,96.0,1,12200000000,87,5.199
gemma3:12b,1328,0.0,1.0,50,10,NVIDIA GH200,67.0,96.0,1,12200000000,87,5.223
gemma3:12b,1328,0.0,1.0,50,10,NVIDIA GH200,67.0,96.0,1,12200000000,87,5.201
gemma3:12b,1328,0.0,1.0,50,10,NVIDIA GH200,67.0,96.0,1,12200000000,86,5.201
gemma3:12b,1328,0.0,1.0,50,10,NVIDIA GH200,67.0,96.0,1,12200000000,87,5.263
gemma3:12b,1328,0.0,1.0,50,10,NVIDIA GH200,67.0,96.0,1,12200000000,89,5.504
gemma3:12b,1426,0.0,1.0,50,10,NVIDIA GH200,67.0,96.0,1,12200000000,59,4.807
gemma3:12b,1429,0.0,1.0,50,10,NVIDIA GH200,67.0,96.0,1,12200000000,60,4.639
gemma3:12b,1426,0.0,1.0,50,10,NVIDIA GH200,67.0,96.0,1,12200000000,59,4.736
gemma3:12b,1429,0.0,1.0,50,10,NVIDIA GH200,67.0,96.0,1,12200000000,62,4.713
gemma3:12b,1429,0.0,1.0,50,10,NVIDIA GH200,67.0,96.0,1,12200000000,62,4.689
gemma3:12b,1426,0.0,1.0,50,10,NVIDIA GH200,67.0,96.0,1,12200000000,61,4.841
gemma3:12b,1428,0.0,1.0,50,10,NVIDIA GH200,67.0,96.0,1,12200000000,63,4.757
gemma3:12b,1426,0.0,1.0,50,10,NVIDIA GH200,67.0,96.0,1,12200000000,72,4.979
gemma3:12b,1429,0.0,1.0,50,10,NVIDIA GH200,67.0,96.0,1,12200000000,72,4.84
gemma3:12b,1431,0.0,1.0,50,10,NVIDIA GH200,67.0,96.0,1,12200000000,72,4.6
gemma3:12b,2408,0.0,1.0,50,10,NVIDIA GH200,67.0,96.0,1,12200000000,50,6.22
gemma3:12b,2378,0.0,1.0,50,10,NVIDIA GH200,67.0,96.0,1,12200000000,52,6.606
gemma3:12b,2397,0.0,1.0,50,10,NVIDIA GH200,67.0,96.0,1,12200000000,50,6.579
gemma3:12b,2380,0.0,1.0,50,10,NVIDIA GH200,67.0,96.0,1,12200000000,50,6.505
gemma3:12b,2384,0.0,1.0,50,10,NVIDIA GH200,67.0,96.0,1,12200000000,50,6.464
gemma3:12b,2405,0.0,1.0,50,10,NVIDIA GH200,67.0,96.0,1,12200000000,52,6.257
gemma3:12b,2378,0.0,1.0,50,10,NVIDIA GH200,67.0,96.0,1,12200000000,52,6.609
gemma3:12b,2399,0.0,1.0,50,10,NVIDIA GH200,67.0,96.0,1,12200000000,73,11.016
gemma3:12b,2399,0.0,1.0,50,10,NVIDIA GH200,67.0,96.0,1,12200000000,76,11.11
gemma3:12b,2410,0.0,1.0,50,10,NVIDIA GH200,67.0,96.0,1,12200000000,79,10.945
gemma3:12b,3361,0.0,1.0,50,10,NVIDIA GH200,67.0,96.0,1,12200000000,46,7.525
gemma3:12b,3360,0.0,1.0,50,10,NVIDIA GH200,67.0,96.0,1,12200000000,46,7.503
gemma3:12b,2473,0.0,1.0,50,10,NVIDIA GH200,67.0,96.0,1,12200000000,67,9.367
gemma3:12b,2473,0.0,1.0,50,10,NVIDIA GH200,67.0,96.0,1,12200000000,79,9.543
gemma3:12b,2519,0.0,1.0,50,10,NVIDIA GH200,67.0,96.0,1,12200000000,74,5.908
gemma3:12b,2477,0.0,1.0,50,10,NVIDIA GH200,67.0,96.0,1,12200000000,101,10.872
gemma3:12b,2515,0.0,1.0,50,10,NVIDIA GH200,67.0,96.0,1,12200000000,93,6.723
gemma3:12b,2490,0.0,1.0,50,10,NVIDIA GH200,67.0,96.0,1,12200000000,141,13.127
gemma3:12b,2473,0.0,1.0,50,10,NVIDIA GH200,67.0,96.0,1,12200000000,144,13.202
gemma3:12b,2518,0.0,1.0,50,10,NVIDIA GH200,67.0,96.0,1,12200000000,133,9.348
gemma3:12b,3451,0.0,1.0,50,10,NVIDIA GH200,67.0,96.0,1,12200000000,84,6.643
gemma3:12b,3452,0.0,1.0,50,10,NVIDIA GH200,67.0,96.0,1,12200000000,87,7.797
gemma3:12b,2570,0.0,1.0,50,10,NVIDIA GH200,67.0,96.0,1,12200000000,73,7.066
gemma3:12b,2638,0.0,1.0,50,10,NVIDIA GH200,67.0,96.0,1,12200000000,66,7.188
gemma3:12b,2620,0.0,1.0,50,10,NVIDIA GH200,67.0,96.0,1,12200000000,66,7.621
gemma3:12b,2673,0.0,1.0,50,10,NVIDIA GH200,67.0,96.0,1,12200000000,89,7.832
gemma3:12b,3549,0.0,1.0,50,10,NVIDIA GH200,67.0,96.0,1,12200000000,80,6.945
gemma3:12b,2693,0.0,1.0,50,10,NVIDIA GH200,67.0,96.0,1,12200000000,90,7.128
gemma3:12b,2659,0.0,1.0,50,10,NVIDIA GH200,67.0,96.0,1,12200000000,100,8.056
gemma3:12b,3591,0.0,1.0,50,10,NVIDIA GH200,67.0,96.0,1,12200000000,65,6.556
gemma3:12b,3553,0.0,1.0,50,10,NVIDIA GH200,67.0,96.0,1,12200000000,131,10.883
gemma3:12b,3521,0.0,1.0,50,10,NVIDIA GH200,67.0,96.0,1,12200000000,169,10.798
gemma3:12b,4537,0.0,1.0,50,10,NVIDIA GH200,67.0,96.0,1,12200000000,83,6.739
gemma3:12b,3689,0.0,1.0,50,10,NVIDIA GH200,67.0,96.0,1,12200000000,107,7.106
gemma3:12b,3664,0.0,1.0,50,10,NVIDIA GH200,67.0,96.0,1,12200000000,113,7.196
gemma3:12b,3697,0.0,1.0,50,10,NVIDIA GH200,67.0,96.0,1,12200000000,108,4.224
gemma3:12b,3667,0.0,1.0,50,10,NVIDIA GH200,67.0,96.0,1,12200000000,168,10.001
gemma3:12b,3849,0.0,1.0,50,10,NVIDIA GH200,67.0,96.0,1,12200000000,110,4.345
gemma3:12b,3818,0.0,1.0,50,10,NVIDIA GH200,67.0,96.0,1,12200000000,124,5.244
gemma3:12b,3876,0.0,1.0,50,10,NVIDIA GH200,67.0,96.0,1,12200000000,151,5.734
gemma3:12b,4837,0.0,1.0,50,10,NVIDIA GH200,67.0,96.0,1,12200000000,80,3.864
gemma3:12b,3982,0.0,1.0,50,10,NVIDIA GH200,67.0,96.0,1,12200000000,130,5.468
gemma3:12b,4962,0.0,1.0,50,10,NVIDIA GH200,67.0,96.0,1,12200000000,151,3.444
gemma3:12b,1235,0.0,1.0,50,10,NVIDIA A100-SXM4-40GB,19.49,40.0,4,12200000000,48,2.53
gemma3:12b,1235,0.0,1.0,50,10,NVIDIA A100-SXM4-40GB,19.49,40.0,4,12200000000,48,2.08
gemma3:12b,1235,0.0,1.0,50,10,NVIDIA A100-SXM4-40GB,19.49,40.0,4,12200000000,48,2.644
gemma3:12b,1235,0.0,1.0,50,10,NVIDIA A100-SXM4-40GB,19.49,40.0,4,12200000000,48,2.462
gemma3:12b,1235,0.0,1.0,50,10,NVIDIA A100-SXM4-40GB,19.49,40.0,4,12200000000,48,3.292
gemma3:12b,1235,0.0,1.0,50,10,NVIDIA A100-SXM4-40GB,19.49,40.0,4,12200000000,48,3.141
gemma3:12b,1235,0.0,1.0,50,10,NVIDIA A100-SXM4-40GB,19.49,40.0,4,12200000000,48,3.287
gemma3:12b,1235,0.0,1.0,50,10,NVIDIA A100-SXM4-40GB,19.49,40.0,4,12200000000,48,3.295
gemma3:12b,1235,0.0,1.0,50,10,NVIDIA A100-SXM4-40GB,19.49,40.0,4,12200000000,48,3.277
gemma3:12b,1235,0.0,1.0,50,10,NVIDIA A100-SXM4-40GB,19.49,40.0,4,12200000000,48,3.137
gemma3:12b,1328,0.0,1.0,50,10,NVIDIA A100-SXM4-40GB,19.49,40.0,4,12200000000,84,3.167
gemma3:12b,1328,0.0,1.0,50,10,NVIDIA A100-SXM4-40GB,19.49,40.0,4,12200000000,84,2.894
gemma3:12b,1328,0.0,1.0,50,10,NVIDIA A100-SXM4-40GB,19.49,40.0,4,12200000000,87,3.303
gemma3:12b,1328,0.0,1.0,50,10,NVIDIA A100-SXM4-40GB,19.49,40.0,4,12200000000,89,3.337
gemma3:12b,1328,0.0,1.0,50,10,NVIDIA A100-SXM4-40GB,19.49,40.0,4,12200000000,81,4.046
gemma3:12b,1328,0.0,1.0,50,10,NVIDIA A100-SXM4-40GB,19.49,40.0,4,12200000000,84,4.134
gemma3:12b,1328,0.0,1.0,50,10,NVIDIA A100-SXM4-40GB,19.49,40.0,4,12200000000,84,4.077
gemma3:12b,1328,0.0,1.0,50,10,NVIDIA A100-SXM4-40GB,19.49,40.0,4,12200000000,87,4.234
gemma3:12b,1328,0.0,1.0,50,10,NVIDIA A100-SXM4-40GB,19.49,40.0,4,12200000000,87,4.199
gemma3:12b,1328,0.0,1.0,50,10,NVIDIA A100-SXM4-40GB,19.49,40.0,4,12200000000,89,4.219
gemma3:12b,1426,0.0,1.0,50,10,NVIDIA A100-SXM4-40GB,19.49,40.0,4,12200000000,70,2.963
gemma3:12b,1426,0.0,1.0,50,10,NVIDIA A100-SXM4-40GB,19.49,40.0,4,12200000000,70,2.948
gemma3:12b,1429,0.0,1.0,50,10,NVIDIA A100-SXM4-40GB,19.49,40.0,4,12200000000,60,2.87
gemma3:12b,1431,0.0,1.0,50,10,NVIDIA A100-SXM4-40GB,19.49,40.0,4,12200000000,60,2.849
gemma3:12b,1429,0.0,1.0,50,10,NVIDIA A100-SXM4-40GB,19.49,40.0,4,12200000000,62,3.549
gemma3:12b,1423,0.0,1.0,50,10,NVIDIA A100-SXM4-40GB,19.49,40.0,4,12200000000,72,3.87
gemma3:12b,1426,0.0,1.0,50,10,NVIDIA A100-SXM4-40GB,19.49,40.0,4,12200000000,70,3.748
gemma3:12b,1426,0.0,1.0,50,10,NVIDIA A100-SXM4-40GB,19.49,40.0,4,12200000000,59,3.676
gemma3:12b,1429,0.0,1.0,50,10,NVIDIA A100-SXM4-40GB,19.49,40.0,4,12200000000,60,3.658
gemma3:12b,1431,0.0,1.0,50,10,NVIDIA A100-SXM4-40GB,19.49,40.0,4,12200000000,72,3.752
gemma3:12b,2397,0.0,1.0,50,10,NVIDIA A100-SXM4-40GB,19.49,40.0,4,12200000000,50,3.352
gemma3:12b,2399,0.0,1.0,50,10,NVIDIA A100-SXM4-40GB,19.49,40.0,4,12200000000,50,3.336
gemma3:12b,2403,0.0,1.0,50,10,NVIDIA A100-SXM4-40GB,19.49,40.0,4,12200000000,79,3.816
gemma3:12b,2403,0.0,1.0,50,10,NVIDIA A100-SXM4-40GB,19.49,40.0,4,12200000000,79,3.817
gemma3:12b,2402,0.0,1.0,50,10,NVIDIA A100-SXM4-40GB,19.49,40.0,4,12200000000,52,4.374
gemma3:12b,2378,0.0,1.0,50,10,NVIDIA A100-SXM4-40GB,19.49,40.0,4,12200000000,52,4.504
gemma3:12b,2397,0.0,1.0,50,10,NVIDIA A100-SXM4-40GB,19.49,40.0,4,12200000000,50,4.485
gemma3:12b,2512,0.0,1.0,50,10,NVIDIA A100-SXM4-40GB,19.49,40.0,4,12200000000,64,3.585
gemma3:12b,2512,0.0,1.0,50,10,NVIDIA A100-SXM4-40GB,19.49,40.0,4,12200000000,64,3.571
gemma3:12b,2399,0.0,1.0,50,10,NVIDIA A100-SXM4-40GB,19.49,40.0,4,12200000000,76,5.228
gemma3:12b,2403,0.0,1.0,50,10,NVIDIA A100-SXM4-40GB,19.49,40.0,4,12200000000,79,6.326
gemma3:12b,2490,0.0,1.0,50,10,NVIDIA A100-SXM4-40GB,19.49,40.0,4,12200000000,142,5.243
gemma3:12b,2492,0.0,1.0,50,10,NVIDIA A100-SXM4-40GB,19.49,40.0,4,12200000000,144,5.271
gemma3:12b,2410,0.0,1.0,50,10,NVIDIA A100-SXM4-40GB,19.49,40.0,4,12200000000,106,7.025
gemma3:12b,3357,0.0,1.0,50,10,NVIDIA A100-SXM4-40GB,19.49,40.0,4,12200000000,46,4.992
gemma3:12b,2512,0.0,1.0,50,10,NVIDIA A100-SXM4-40GB,19.49,40.0,4,12200000000,63,3.301
gemma3:12b,2678,0.0,1.0,50,10,NVIDIA A100-SXM4-40GB,19.49,40.0,4,12200000000,84,4.235
gemma3:12b,2674,0.0,1.0,50,10,NVIDIA A100-SXM4-40GB,19.49,40.0,4,12200000000,90,4.318
gemma3:12b,2558,0.0,1.0,50,10,NVIDIA A100-SXM4-40GB,19.49,40.0,4,12200000000,86,3.75
gemma3:12b,2490,0.0,1.0,50,10,NVIDIA A100-SXM4-40GB,19.49,40.0,4,12200000000,134,6.512
gemma3:12b,2473,0.0,1.0,50,10,NVIDIA A100-SXM4-40GB,19.49,40.0,4,12200000000,141,6.655
gemma3:12b,2518,0.0,1.0,50,10,NVIDIA A100-SXM4-40GB,19.49,40.0,4,12200000000,154,7.643
gemma3:12b,3448,0.0,1.0,50,10,NVIDIA A100-SXM4-40GB,19.49,40.0,4,12200000000,81,3.626
gemma3:12b,3669,0.0,1.0,50,10,NVIDIA A100-SXM4-40GB,19.49,40.0,4,12200000000,94,5.135
gemma3:12b,3670,0.0,1.0,50,10,NVIDIA A100-SXM4-40GB,19.49,40.0,4,12200000000,93,5.198
gemma3:12b,2656,0.0,1.0,50,10,NVIDIA A100-SXM4-40GB,19.49,40.0,4,12200000000,72,5.291
gemma3:12b,2666,0.0,1.0,50,10,NVIDIA A100-SXM4-40GB,19.49,40.0,4,12200000000,85,5.656
gemma3:12b,3543,0.0,1.0,50,10,NVIDIA A100-SXM4-40GB,19.49,40.0,4,12200000000,52,3.769
gemma3:12b,2689,0.0,1.0,50,10,NVIDIA A100-SXM4-40GB,19.49,40.0,4,12200000000,97,5.865
gemma3:12b,2702,0.0,1.0,50,10,NVIDIA A100-SXM4-40GB,19.49,40.0,4,12200000000,84,4.332
gemma3:12b,4498,0.0,1.0,50,10,NVIDIA A100-SXM4-40GB,19.49,40.0,4,12200000000,130,4.313
gemma3:12b,3802,0.0,1.0,50,10,NVIDIA A100-SXM4-40GB,19.49,40.0,4,12200000000,128,5.893
gemma3:12b,3633,0.0,1.0,50,10,NVIDIA A100-SXM4-40GB,19.49,40.0,4,12200000000,68,6.41
gemma3:12b,3804,0.0,1.0,50,10,NVIDIA A100-SXM4-40GB,19.49,40.0,4,12200000000,163,7.96
gemma3:12b,3656,0.0,1.0,50,10,NVIDIA A100-SXM4-40GB,19.49,40.0,4,12200000000,110,8.453
gemma3:12b,3691,0.0,1.0,50,10,NVIDIA A100-SXM4-40GB,19.49,40.0,4,12200000000,118,8.47
gemma3:12b,3971,0.0,1.0,50,10,NVIDIA A100-SXM4-40GB,19.49,40.0,4,12200000000,111,5.57
gemma3:12b,3742,0.0,1.0,50,10,NVIDIA A100-SXM4-40GB,19.49,40.0,4,12200000000,98,5.583
gemma3:12b,3994,0.0,1.0,50,10,NVIDIA A100-SXM4-40GB,19.49,40.0,4,12200000000,122,6.288
gemma3:12b,3810,0.0,1.0,50,10,NVIDIA A100-SXM4-40GB,19.49,40.0,4,12200000000,100,5.415
gemma3:12b,4986,0.0,1.0,50,10,NVIDIA A100-SXM4-40GB,19.49,40.0,4,12200000000,108,6.353
gemma3:12b,3879,0.0,1.0,50,10,NVIDIA A100-SXM4-40GB,19.49,40.0,4,12200000000,108,5.527
gemma3:12b,5024,0.0,1.0,50,10,NVIDIA A100-SXM4-40GB,19.49,40.0,4,12200000000,90,4.162
gemma3:12b,3951,0.0,1.0,50,10,NVIDIA A100-SXM4-40GB,19.49,40.0,4,12200000000,101,3.988
gemma3:12b,4945,0.0,1.0,50,10,NVIDIA A100-SXM4-40GB,19.49,40.0,4,12200000000,115,4.195
gemma3:12b,5100,0.0,1.0,50,10,NVIDIA A100-SXM4-40GB,19.49,40.0,4,12200000000,170,5.095
gemma3:12b,1235,0.5,0.9,10,1,NVIDIA GH200,67.0,96.0,1,12200000000,49,1.272
gemma3:12b,1329,0.5,0.9,10,1,NVIDIA GH200,67.0,96.0,1,12200000000,68,1.394
gemma3:12b,1427,0.5,0.9,10,1,NVIDIA GH200,67.0,96.0,1,12200000000,50,1.221
gemma3:12b,2384,0.5,0.9,10,1,NVIDIA GH200,67.0,96.0,1,12200000000,112,2.228
gemma3:12b,2541,0.5,0.9,10,1,NVIDIA GH200,67.0,96.0,1,12200000000,101,2.103
gemma3:12b,2672,0.5,0.9,10,1,NVIDIA GH200,67.0,96.0,1,12200000000,63,1.61
gemma3:12b,1235,0.5,0.9,10,1,NVIDIA A100-SXM4-40GB,19.49,40.0,4,12200000000,51,2.065
gemma3:12b,1331,0.5,0.9,10,1,NVIDIA A100-SXM4-40GB,19.49,40.0,4,12200000000,101,2.85
gemma3:12b,1446,0.5,0.9,10,1,NVIDIA A100-SXM4-40GB,19.49,40.0,4,12200000000,96,2.777
gemma3:12b,2450,0.5,0.9,10,1,NVIDIA A100-SXM4-40GB,19.49,40.0,4,12200000000,56,2.475
gemma3:12b,2549,0.5,0.9,10,1,NVIDIA A100-SXM4-40GB,19.49,40.0,4,12200000000,133,3.847
gemma3:12b,2724,0.5,0.9,10,1,NVIDIA A100-SXM4-40GB,19.49,40.0,4,12200000000,122,3.759
gemma3:12b,3739,0.5,0.9,10,1,NVIDIA A100-SXM4-40GB,19.49,40.0,4,12200000000,115,4.033
gemma3:12b,3884,0.5,0.9,10,1,NVIDIA A100-SXM4-40GB,19.49,40.0,4,12200000000,98,3.884
gemma3:12b,4027,0.5,0.9,10,1,NVIDIA A100-SXM4-40GB,19.49,40.0,4,12200000000,141,4.422
gemma3:12b,1235,0.5,0.9,10,5,NVIDIA GH200,67.0,96.0,1,12200000000,49,2.703
gemma3:12b,1235,0.5,0.9,10,5,NVIDIA GH200,67.0,96.0,1,12200000000,53,2.594
gemma3:12b,1235,0.5,0.9,10,5,NVIDIA GH200,67.0,96.0,1,12200000000,51,2.39
gemma3:12b,1235,0.5,0.9,10,5,NVIDIA GH200,67.0,96.0,1,12200000000,53,2.781
gemma3:12b,1235,0.5,0.9,10,5,NVIDIA GH200,67.0,96.0,1,12200000000,62,3.156
gemma3:12b,1329,0.5,0.9,10,5,NVIDIA GH200,67.0,96.0,1,12200000000,68,3.202
gemma3:12b,1331,0.5,0.9,10,5,NVIDIA GH200,67.0,96.0,1,12200000000,84,3.631
gemma3:12b,1333,0.5,0.9,10,5,NVIDIA GH200,67.0,96.0,1,12200000000,84,3.668
gemma3:12b,1333,0.5,0.9,10,5,NVIDIA GH200,67.0,96.0,1,12200000000,66,2.655
gemma3:12b,1342,0.5,0.9,10,5,NVIDIA GH200,67.0,96.0,1,12200000000,75,2.681
gemma3:12b,1427,0.5,0.9,10,5,NVIDIA GH200,67.0,96.0,1,12200000000,59,3.1
gemma3:12b,1429,0.5,0.9,10,5,NVIDIA GH200,67.0,96.0,1,12200000000,50,2.564
gemma3:12b,1431,0.5,0.9,10,5,NVIDIA GH200,67.0,96.0,1,12200000000,66,3.934
gemma3:12b,1431,0.5,0.9,10,5,NVIDIA GH200,67.0,96.0,1,12200000000,71,3.847
gemma3:12b,2386,0.5,0.9,10,5,NVIDIA GH200,67.0,96.0,1,12200000000,47,3.102
gemma3:12b,2364,0.5,0.9,10,5,NVIDIA GH200,67.0,96.0,1,12200000000,56,3.588
gemma3:12b,1429,0.5,0.9,10,5,NVIDIA GH200,67.0,96.0,1,12200000000,130,6.139
gemma3:12b,2410,0.5,0.9,10,5,NVIDIA GH200,67.0,96.0,1,12200000000,54,4.238
gemma3:12b,2405,0.5,0.9,10,5,NVIDIA GH200,67.0,96.0,1,12200000000,63,4.565
gemma3:12b,3336,0.5,0.9,10,5,NVIDIA GH200,67.0,96.0,1,12200000000,51,4.471
gemma3:12b,2463,0.5,0.9,10,5,NVIDIA GH200,67.0,96.0,1,12200000000,75,5.351
gemma3:12b,2507,0.5,0.9,10,5,NVIDIA GH200,67.0,96.0,1,12200000000,64,4.102
gemma3:12b,2466,0.5,0.9,10,5,NVIDIA GH200,67.0,96.0,1,12200000000,106,6.418
gemma3:12b,3432,0.5,0.9,10,5,NVIDIA GH200,67.0,96.0,1,12200000000,66,4.399
gemma3:12b,2511,0.5,0.9,10,5,NVIDIA GH200,67.0,96.0,1,12200000000,116,6.304
gemma3:12b,2580,0.5,0.9,10,5,NVIDIA GH200,67.0,96.0,1,12200000000,64,3.854
gemma3:12b,3474,0.5,0.9,10,5,NVIDIA GH200,67.0,96.0,1,12200000000,54,4.937
gemma3:12b,3537,0.5,0.9,10,5,NVIDIA GH200,67.0,96.0,1,12200000000,56,3.958
gemma3:12b,2669,0.5,0.9,10,5,NVIDIA GH200,67.0,96.0,1,12200000000,61,4.429
gemma3:12b,2617,0.5,0.9,10,5,NVIDIA GH200,67.0,96.0,1,12200000000,145,9.109
gemma3:12b,3543,0.5,0.9,10,5,NVIDIA GH200,67.0,96.0,1,12200000000,105,7.045
gemma3:12b,3558,0.5,0.9,10,5,NVIDIA GH200,67.0,96.0,1,12200000000,79,4.512
gemma3:12b,3636,0.5,0.9,10,5,NVIDIA GH200,67.0,96.0,1,12200000000,75,6.285
gemma3:12b,3623,0.5,0.9,10,5,NVIDIA GH200,67.0,96.0,1,12200000000,100,7.078
gemma3:12b,4542,0.5,0.9,10,5,NVIDIA GH200,67.0,96.0,1,12200000000,81,5.433
gemma3:12b,4541,0.5,0.9,10,5,NVIDIA GH200,67.0,96.0,1,12200000000,115,6.943
gemma3:12b,3741,0.5,0.9,10,5,NVIDIA GH200,67.0,96.0,1,12200000000,56,3.432
gemma3:12b,2804,0.5,0.9,10,5,NVIDIA GH200,67.0,96.0,1,12200000000,135,7.546
gemma3:12b,4668,0.5,0.9,10,5,NVIDIA GH200,67.0,96.0,1,12200000000,107,5.188
gemma3:12b,4704,0.5,0.9,10,5,NVIDIA GH200,67.0,96.0,1,12200000000,77,3.692
gemma3:12b,3817,0.5,0.9,10,5,NVIDIA GH200,67.0,96.0,1,12200000000,177,7.039
gemma3:12b,4811,0.5,0.9,10,5,NVIDIA GH200,67.0,96.0,1,12200000000,105,4.349
gemma3:12b,4805,0.5,0.9,10,5,NVIDIA GH200,67.0,96.0,1,12200000000,143,6.091
gemma3:12b,4961,0.5,0.9,10,5,NVIDIA GH200,67.0,96.0,1,12200000000,132,4.885
gemma3:12b,5851,0.5,0.9,10,5,NVIDIA GH200,67.0,96.0,1,12200000000,153,5.345
gemma3:12b,5997,0.5,0.9,10,5,NVIDIA GH200,67.0,96.0,1,12200000000,80,2.873
gemma3:12b,6117,0.5,0.9,10,5,NVIDIA GH200,67.0,96.0,1,12200000000,138,3.443
gemma3:12b,6298,0.5,0.9,10,5,NVIDIA GH200,67.0,96.0,1,12200000000,109,3.103
gemma3:12b,1235,0.5,0.9,10,5,NVIDIA A100-SXM4-40GB,19.49,40.0,4,12200000000,49,2.051
gemma3:12b,1235,0.5,0.9,10,5,NVIDIA A100-SXM4-40GB,19.49,40.0,4,12200000000,53,2.029
gemma3:12b,1235,0.5,0.9,10,5,NVIDIA A100-SXM4-40GB,19.49,40.0,4,12200000000,49,2.76
gemma3:12b,1235,0.5,0.9,10,5,NVIDIA A100-SXM4-40GB,19.49,40.0,4,12200000000,49,2.714
gemma3:12b,1235,0.5,0.9,10,5,NVIDIA A100-SXM4-40GB,19.49,40.0,4,12200000000,53,2.004
gemma3:12b,1329,0.5,0.9,10,5,NVIDIA A100-SXM4-40GB,19.49,40.0,4,12200000000,65,2.166
gemma3:12b,1333,0.5,0.9,10,5,NVIDIA A100-SXM4-40GB,19.49,40.0,4,12200000000,84,2.337
gemma3:12b,1329,0.5,0.9,10,5,NVIDIA A100-SXM4-40GB,19.49,40.0,4,12200000000,78,3.152
gemma3:12b,1329,0.5,0.9,10,5,NVIDIA A100-SXM4-40GB,19.49,40.0,4,12200000000,84,3.229
gemma3:12b,1333,0.5,0.9,10,5,NVIDIA A100-SXM4-40GB,19.49,40.0,4,12200000000,84,2.431
gemma3:12b,1424,0.5,0.9,10,5,NVIDIA A100-SXM4-40GB,19.49,40.0,4,12200000000,70,2.236
gemma3:12b,1431,0.5,0.9,10,5,NVIDIA A100-SXM4-40GB,19.49,40.0,4,12200000000,71,2.178
gemma3:12b,1431,0.5,0.9,10,5,NVIDIA A100-SXM4-40GB,19.49,40.0,4,12200000000,66,2.171
gemma3:12b,2395,0.5,0.9,10,5,NVIDIA A100-SXM4-40GB,19.49,40.0,4,12200000000,56,2.249
gemma3:12b,1421,0.5,0.9,10,5,NVIDIA A100-SXM4-40GB,19.49,40.0,4,12200000000,60,2.98
gemma3:12b,2401,0.5,0.9,10,5,NVIDIA A100-SXM4-40GB,19.49,40.0,4,12200000000,77,2.716
gemma3:12b,1427,0.5,0.9,10,5,NVIDIA A100-SXM4-40GB,19.49,40.0,4,12200000000,74,3.134
gemma3:12b,2405,0.5,0.9,10,5,NVIDIA A100-SXM4-40GB,19.49,40.0,4,12200000000,50,2.297
gemma3:12b,2523,0.5,0.9,10,5,NVIDIA A100-SXM4-40GB,19.49,40.0,4,12200000000,72,2.732
gemma3:12b,2494,0.5,0.9,10,5,NVIDIA A100-SXM4-40GB,19.49,40.0,4,12200000000,126,3.375
gemma3:12b,2408,0.5,0.9,10,5,NVIDIA A100-SXM4-40GB,19.49,40.0,4,12200000000,55,3.25
gemma3:12b,2498,0.5,0.9,10,5,NVIDIA A100-SXM4-40GB,19.49,40.0,4,12200000000,151,3.937
gemma3:12b,2389,0.5,0.9,10,5,NVIDIA A100-SXM4-40GB,19.49,40.0,4,12200000000,106,5.658
gemma3:12b,2609,0.5,0.9,10,5,NVIDIA A100-SXM4-40GB,19.49,40.0,4,12200000000,90,2.952
gemma3:12b,2662,0.5,0.9,10,5,NVIDIA A100-SXM4-40GB,19.49,40.0,4,12200000000,89,2.876
gemma3:12b,3366,0.5,0.9,10,5,NVIDIA A100-SXM4-40GB,19.49,40.0,4,12200000000,47,3.745
gemma3:12b,2691,0.5,0.9,10,5,NVIDIA A100-SXM4-40GB,19.49,40.0,4,12200000000,67,2.666
gemma3:12b,3606,0.5,0.9,10,5,NVIDIA A100-SXM4-40GB,19.49,40.0,4,12200000000,103,3.432
gemma3:12b,3656,0.5,0.9,10,5,NVIDIA A100-SXM4-40GB,19.49,40.0,4,12200000000,70,3.022
gemma3:12b,2538,0.5,0.9,10,5,NVIDIA A100-SXM4-40GB,19.49,40.0,4,12200000000,115,5.081
gemma3:12b,3666,0.5,0.9,10,5,NVIDIA A100-SXM4-40GB,19.49,40.0,4,12200000000,62,2.934
gemma3:12b,3427,0.5,0.9,10,5,NVIDIA A100-SXM4-40GB,19.49,40.0,4,12200000000,111,4.959
gemma3:12b,3767,0.5,0.9,10,5,NVIDIA A100-SXM4-40GB,19.49,40.0,4,12200000000,130,4.03
gemma3:12b,3769,0.5,0.9,10,5,NVIDIA A100-SXM4-40GB,19.49,40.0,4,12200000000,83,3.294
gemma3:12b,2683,0.5,0.9,10,5,NVIDIA A100-SXM4-40GB,19.49,40.0,4,12200000000,90,4.56
gemma3:12b,3583,0.5,0.9,10,5,NVIDIA A100-SXM4-40GB,19.49,40.0,4,12200000000,103,3.955
gemma3:12b,3938,0.5,0.9,10,5,NVIDIA A100-SXM4-40GB,19.49,40.0,4,12200000000,97,3.562
gemma3:12b,3893,0.5,0.9,10,5,NVIDIA A100-SXM4-40GB,19.49,40.0,4,12200000000,130,4.001
gemma3:12b,4564,0.5,0.9,10,5,NVIDIA A100-SXM4-40GB,19.49,40.0,4,12200000000,127,4.34
gemma3:12b,4939,0.5,0.9,10,5,NVIDIA A100-SXM4-40GB,19.49,40.0,4,12200000000,104,4.168
gemma3:12b,5082,0.5,0.9,10,5,NVIDIA A100-SXM4-40GB,19.49,40.0,4,12200000000,129,4.608
gemma3:12b,5251,0.5,0.9,10,5,NVIDIA A100-SXM4-40GB,19.49,40.0,4,12200000000,81,3.758
gemma3:12b,1235,0.5,0.9,10,10,NVIDIA GH200,67.0,96.0,1,12200000000,49,4.026
gemma3:12b,1235,0.5,0.9,10,10,NVIDIA GH200,67.0,96.0,1,12200000000,50,3.973
gemma3:12b,1235,0.5,0.9,10,10,NVIDIA GH200,67.0,96.0,1,12200000000,50,3.875
gemma3:12b,1235,0.5,0.9,10,10,NVIDIA GH200,67.0,96.0,1,12200000000,49,3.972
gemma3:12b,1235,0.5,0.9,10,10,NVIDIA GH200,67.0,96.0,1,12200000000,49,3.66
gemma3:12b,1235,0.5,0.9,10,10,NVIDIA GH200,67.0,96.0,1,12200000000,49,3.255
gemma3:12b,1235,0.5,0.9,10,10,NVIDIA GH200,67.0,96.0,1,12200000000,49,3.592
gemma3:12b,1235,0.5,0.9,10,10,NVIDIA GH200,67.0,96.0,1,12200000000,49,3.69
gemma3:12b,1235,0.5,0.9,10,10,NVIDIA GH200,67.0,96.0,1,12200000000,53,3.875
gemma3:12b,1235,0.5,0.9,10,10,NVIDIA GH200,67.0,96.0,1,12200000000,51,2.836
gemma3:12b,1331,0.5,0.9,10,10,NVIDIA GH200,67.0,96.0,1,12200000000,62,4.418
gemma3:12b,1330,0.5,0.9,10,10,NVIDIA GH200,67.0,96.0,1,12200000000,75,4.774
gemma3:12b,1330,0.5,0.9,10,10,NVIDIA GH200,67.0,96.0,1,12200000000,79,5.367
gemma3:12b,1329,0.5,0.9,10,10,NVIDIA GH200,67.0,96.0,1,12200000000,85,5.59
gemma3:12b,1329,0.5,0.9,10,10,NVIDIA GH200,67.0,96.0,1,12200000000,84,5.529
gemma3:12b,1333,0.5,0.9,10,10,NVIDIA GH200,67.0,96.0,1,12200000000,84,5.489
gemma3:12b,1329,0.5,0.9,10,10,NVIDIA GH200,67.0,96.0,1,12200000000,84,5.534
gemma3:12b,1329,0.5,0.9,10,10,NVIDIA GH200,67.0,96.0,1,12200000000,84,5.622
gemma3:12b,1329,0.5,0.9,10,10,NVIDIA GH200,67.0,96.0,1,12200000000,90,6.719
gemma3:12b,1329,0.5,0.9,10,10,NVIDIA GH200,67.0,96.0,1,12200000000,101,8.028
gemma3:12b,1439,0.5,0.9,10,10,NVIDIA GH200,67.0,96.0,1,12200000000,48,4.041
gemma3:12b,1407,0.5,0.9,10,10,NVIDIA GH200,67.0,96.0,1,12200000000,63,4.985
gemma3:12b,1449,0.5,0.9,10,10,NVIDIA GH200,67.0,96.0,1,12200000000,54,2.886
gemma3:12b,1419,0.5,0.9,10,10,NVIDIA GH200,67.0,96.0,1,12200000000,70,4.942
gemma3:12b,1427,0.5,0.9,10,10,NVIDIA GH200,67.0,96.0,1,12200000000,60,5.153
gemma3:12b,1427,0.5,0.9,10,10,NVIDIA GH200,67.0,96.0,1,12200000000,61,5.338
gemma3:12b,1431,0.5,0.9,10,10,NVIDIA GH200,67.0,96.0,1,12200000000,73,7.546
gemma3:12b,1428,0.5,0.9,10,10,NVIDIA GH200,67.0,96.0,1,12200000000,88,8.242
gemma3:12b,2410,0.5,0.9,10,10,NVIDIA GH200,67.0,96.0,1,12200000000,47,5.325
gemma3:12b,1427,0.5,0.9,10,10,NVIDIA GH200,67.0,96.0,1,12200000000,118,9.517
gemma3:12b,1444,0.5,0.9,10,10,NVIDIA GH200,67.0,96.0,1,12200000000,96,7.164
gemma3:12b,2380,0.5,0.9,10,10,NVIDIA GH200,67.0,96.0,1,12200000000,56,5.885
gemma3:12b,2378,0.5,0.9,10,10,NVIDIA GH200,67.0,96.0,1,12200000000,57,5.914
gemma3:12b,2380,0.5,0.9,10,10,NVIDIA GH200,67.0,96.0,1,12200000000,54,4.819
gemma3:12b,2381,0.5,0.9,10,10,NVIDIA GH200,67.0,96.0,1,12200000000,58,5.998
gemma3:12b,2423,0.5,0.9,10,10,NVIDIA GH200,67.0,96.0,1,12200000000,47,6.006
gemma3:12b,2397,0.5,0.9,10,10,NVIDIA GH200,67.0,96.0,1,12200000000,56,6.781
gemma3:12b,2397,0.5,0.9,10,10,NVIDIA GH200,67.0,96.0,1,12200000000,85,10.245
gemma3:12b,2452,0.5,0.9,10,10,NVIDIA GH200,67.0,96.0,1,12200000000,48,7.303
gemma3:12b,3360,0.5,0.9,10,10,NVIDIA GH200,67.0,96.0,1,12200000000,47,7.606
gemma3:12b,2448,0.5,0.9,10,10,NVIDIA GH200,67.0,96.0,1,12200000000,52,7.493
gemma3:12b,2482,0.5,0.9,10,10,NVIDIA GH200,67.0,96.0,1,12200000000,74,8.401
gemma3:12b,3373,0.5,0.9,10,10,NVIDIA GH200,67.0,96.0,1,12200000000,47,5.69
gemma3:12b,2478,0.5,0.9,10,10,NVIDIA GH200,67.0,96.0,1,12200000000,86,10.144
gemma3:12b,2496,0.5,0.9,10,10,NVIDIA GH200,67.0,96.0,1,12200000000,78,8.174
gemma3:12b,3403,0.5,0.9,10,10,NVIDIA GH200,67.0,96.0,1,12200000000,49,5.766
gemma3:12b,2479,0.5,0.9,10,10,NVIDIA GH200,67.0,96.0,1,12200000000,129,13.349
gemma3:12b,2543,0.5,0.9,10,10,NVIDIA GH200,67.0,96.0,1,12200000000,68,7.256
gemma3:12b,2525,0.5,0.9,10,10,NVIDIA GH200,67.0,96.0,1,12200000000,99,10.23
gemma3:12b,2477,0.5,0.9,10,10,NVIDIA GH200,67.0,96.0,1,12200000000,141,16.415
gemma3:12b,3452,0.5,0.9,10,10,NVIDIA GH200,67.0,96.0,1,12200000000,90,10.47
gemma3:12b,2606,0.5,0.9,10,10,NVIDIA GH200,67.0,96.0,1,12200000000,77,8.538
gemma3:12b,2586,0.5,0.9,10,10,NVIDIA GH200,67.0,96.0,1,12200000000,82,8.971
gemma3:12b,3465,0.5,0.9,10,10,NVIDIA GH200,67.0,96.0,1,12200000000,85,9.892
gemma3:12b,3514,0.5,0.9,10,10,NVIDIA GH200,67.0,96.0,1,12200000000,47,6.639
gemma3:12b,2588,0.5,0.9,10,10,NVIDIA GH200,67.0,96.0,1,12200000000,77,10.012
gemma3:12b,2654,0.5,0.9,10,10,NVIDIA GH200,67.0,96.0,1,12200000000,72,7.993
gemma3:12b,2650,0.5,0.9,10,10,NVIDIA GH200,67.0,96.0,1,12200000000,82,9.738
gemma3:12b,2660,0.5,0.9,10,10,NVIDIA GH200,67.0,96.0,1,12200000000,72,8.899
gemma3:12b,3587,0.5,0.9,10,10,NVIDIA GH200,67.0,96.0,1,12200000000,62,9.216
gemma3:12b,3497,0.5,0.9,10,10,NVIDIA GH200,67.0,96.0,1,12200000000,116,14.165
gemma3:12b,3573,0.5,0.9,10,10,NVIDIA GH200,67.0,96.0,1,12200000000,62,8.335
gemma3:12b,3590,0.5,0.9,10,10,NVIDIA GH200,67.0,96.0,1,12200000000,79,11.625
gemma3:12b,3564,0.5,0.9,10,10,NVIDIA GH200,67.0,96.0,1,12200000000,100,11.66
gemma3:12b,3637,0.5,0.9,10,10,NVIDIA GH200,67.0,96.0,1,12200000000,62,6.396
gemma3:12b,3606,0.5,0.9,10,10,NVIDIA GH200,67.0,96.0,1,12200000000,101,10.801
gemma3:12b,3643,0.5,0.9,10,10,NVIDIA GH200,67.0,96.0,1,12200000000,48,5.133
gemma3:12b,3637,0.5,0.9,10,10,NVIDIA GH200,67.0,96.0,1,12200000000,87,9.764
gemma3:12b,3558,0.5,0.9,10,10,NVIDIA GH200,67.0,96.0,1,12200000000,115,13.689
gemma3:12b,3631,0.5,0.9,10,10,NVIDIA GH200,67.0,96.0,1,12200000000,124,13.958
gemma3:12b,4557,0.5,0.9,10,10,NVIDIA GH200,67.0,96.0,1,12200000000,110,10.555
gemma3:12b,4585,0.5,0.9,10,10,NVIDIA GH200,67.0,96.0,1,12200000000,50,5.598
gemma3:12b,3678,0.5,0.9,10,10,NVIDIA GH200,67.0,96.0,1,12200000000,109,10.486
gemma3:12b,3714,0.5,0.9,10,10,NVIDIA GH200,67.0,96.0,1,12200000000,108,8.425
gemma3:12b,3740,0.5,0.9,10,10,NVIDIA GH200,67.0,96.0,1,12200000000,92,8.49
gemma3:12b,3764,0.5,0.9,10,10,NVIDIA GH200,67.0,96.0,1,12200000000,102,7.85
gemma3:12b,4594,0.5,0.9,10,10,NVIDIA GH200,67.0,96.0,1,12200000000,140,10.822
gemma3:12b,4665,0.5,0.9,10,10,NVIDIA GH200,67.0,96.0,1,12200000000,75,5.683
gemma3:12b,3906,0.5,0.9,10,10,NVIDIA GH200,67.0,96.0,1,12200000000,100,3.976
gemma3:12b,3831,0.5,0.9,10,10,NVIDIA GH200,67.0,96.0,1,12200000000,145,6.904
gemma3:12b,3846,0.5,0.9,10,10,NVIDIA GH200,67.0,96.0,1,12200000000,121,4.407
gemma3:12b,4909,0.5,0.9,10,10,NVIDIA GH200,67.0,96.0,1,12200000000,85,2.531
gemma3:12b,5039,0.5,0.9,10,10,NVIDIA GH200,67.0,96.0,1,12200000000,121,2.875
gemma3:12b,1235,0.5,0.9,10,10,NVIDIA A100-SXM4-40GB,19.49,40.0,4,12200000000,53,2.641
gemma3:12b,1235,0.5,0.9,10,10,NVIDIA A100-SXM4-40GB,19.49,40.0,4,12200000000,51,2.482
gemma3:12b,1235,0.5,0.9,10,10,NVIDIA A100-SXM4-40GB,19.49,40.0,4,12200000000,53,2.641
gemma3:12b,1235,0.5,0.9,10,10,NVIDIA A100-SXM4-40GB,19.49,40.0,4,12200000000,49,2.614
gemma3:12b,1235,0.5,0.9,10,10,NVIDIA A100-SXM4-40GB,19.49,40.0,4,12200000000,53,2.207
gemma3:12b,1235,0.5,0.9,10,10,NVIDIA A100-SXM4-40GB,19.49,40.0,4,12200000000,51,3.376
gemma3:12b,1235,0.5,0.9,10,10,NVIDIA A100-SXM4-40GB,19.49,40.0,4,12200000000,53,3.365
gemma3:12b,1235,0.5,0.9,10,10,NVIDIA A100-SXM4-40GB,19.49,40.0,4,12200000000,51,3.12
gemma3:12b,1235,0.5,0.9,10,10,NVIDIA A100-SXM4-40GB,19.49,40.0,4,12200000000,49,2.768
gemma3:12b,1331,0.5,0.9,10,10,NVIDIA A100-SXM4-40GB,19.49,40.0,4,12200000000,62,2.83
gemma3:12b,1235,0.5,0.9,10,10,NVIDIA A100-SXM4-40GB,19.49,40.0,4,12200000000,49,3.375
gemma3:12b,1333,0.5,0.9,10,10,NVIDIA A100-SXM4-40GB,19.49,40.0,4,12200000000,84,3.149
gemma3:12b,1333,0.5,0.9,10,10,NVIDIA A100-SXM4-40GB,19.49,40.0,4,12200000000,80,3.026
gemma3:12b,1333,0.5,0.9,10,10,NVIDIA A100-SXM4-40GB,19.49,40.0,4,12200000000,84,3.254
gemma3:12b,1329,0.5,0.9,10,10,NVIDIA A100-SXM4-40GB,19.49,40.0,4,12200000000,84,4.123
gemma3:12b,1333,0.5,0.9,10,10,NVIDIA A100-SXM4-40GB,19.49,40.0,4,12200000000,81,3.485
gemma3:12b,1331,0.5,0.9,10,10,NVIDIA A100-SXM4-40GB,19.49,40.0,4,12200000000,62,3.552
gemma3:12b,1331,0.5,0.9,10,10,NVIDIA A100-SXM4-40GB,19.49,40.0,4,12200000000,77,3.846
gemma3:12b,1407,0.5,0.9,10,10,NVIDIA A100-SXM4-40GB,19.49,40.0,4,12200000000,63,2.869
gemma3:12b,1431,0.5,0.9,10,10,NVIDIA A100-SXM4-40GB,19.49,40.0,4,12200000000,60,2.572
gemma3:12b,1443,0.5,0.9,10,10,NVIDIA A100-SXM4-40GB,19.49,40.0,4,12200000000,50,2.655
gemma3:12b,1431,0.5,0.9,10,10,NVIDIA A100-SXM4-40GB,19.49,40.0,4,12200000000,74,2.989
gemma3:12b,1329,0.5,0.9,10,10,NVIDIA A100-SXM4-40GB,19.49,40.0,4,12200000000,101,5.351
gemma3:12b,1329,0.5,0.9,10,10,NVIDIA A100-SXM4-40GB,19.49,40.0,4,12200000000,70,3.667
gemma3:12b,1444,0.5,0.9,10,10,NVIDIA A100-SXM4-40GB,19.49,40.0,4,12200000000,50,2.748
gemma3:12b,1422,0.5,0.9,10,10,NVIDIA A100-SXM4-40GB,19.49,40.0,4,12200000000,63,3.375
gemma3:12b,1407,0.5,0.9,10,10,NVIDIA A100-SXM4-40GB,19.49,40.0,4,12200000000,79,3.981
gemma3:12b,1427,0.5,0.9,10,10,NVIDIA A100-SXM4-40GB,19.49,40.0,4,12200000000,73,4.735
gemma3:12b,1444,0.5,0.9,10,10,NVIDIA A100-SXM4-40GB,19.49,40.0,4,12200000000,59,2.757
gemma3:12b,2384,0.5,0.9,10,10,NVIDIA A100-SXM4-40GB,19.49,40.0,4,12200000000,54,3.42
gemma3:12b,2378,0.5,0.9,10,10,NVIDIA A100-SXM4-40GB,19.49,40.0,4,12200000000,58,3.481
gemma3:12b,2412,0.5,0.9,10,10,NVIDIA A100-SXM4-40GB,19.49,40.0,4,12200000000,48,2.888
gemma3:12b,2400,0.5,0.9,10,10,NVIDIA A100-SXM4-40GB,19.49,40.0,4,12200000000,77,4.058
gemma3:12b,1429,0.5,0.9,10,10,NVIDIA A100-SXM4-40GB,19.49,40.0,4,12200000000,63,4.341
gemma3:12b,2393,0.5,0.9,10,10,NVIDIA A100-SXM4-40GB,19.49,40.0,4,12200000000,54,3.704
gemma3:12b,2393,0.5,0.9,10,10,NVIDIA A100-SXM4-40GB,19.49,40.0,4,12200000000,54,4.624
gemma3:12b,2401,0.5,0.9,10,10,NVIDIA A100-SXM4-40GB,19.49,40.0,4,12200000000,101,5.647
gemma3:12b,2394,0.5,0.9,10,10,NVIDIA A100-SXM4-40GB,19.49,40.0,4,12200000000,54,4.458
gemma3:12b,3363,0.5,0.9,10,10,NVIDIA A100-SXM4-40GB,19.49,40.0,4,12200000000,51,3.772
gemma3:12b,2411,0.5,0.9,10,10,NVIDIA A100-SXM4-40GB,19.49,40.0,4,12200000000,78,4.186
gemma3:12b,2481,0.5,0.9,10,10,NVIDIA A100-SXM4-40GB,19.49,40.0,4,12200000000,87,4.093
gemma3:12b,2507,0.5,0.9,10,10,NVIDIA A100-SXM4-40GB,19.49,40.0,4,12200000000,77,3.387
gemma3:12b,2479,0.5,0.9,10,10,NVIDIA A100-SXM4-40GB,19.49,40.0,4,12200000000,115,5.462
gemma3:12b,2370,0.5,0.9,10,10,NVIDIA A100-SXM4-40GB,19.49,40.0,4,12200000000,54,4.438
gemma3:12b,2598,0.5,0.9,10,10,NVIDIA A100-SXM4-40GB,19.49,40.0,4,12200000000,57,3.501
gemma3:12b,3428,0.5,0.9,10,10,NVIDIA A100-SXM4-40GB,19.49,40.0,4,12200000000,60,3.996
gemma3:12b,2547,0.5,0.9,10,10,NVIDIA A100-SXM4-40GB,19.49,40.0,4,12200000000,70,5.06
gemma3:12b,2532,0.5,0.9,10,10,NVIDIA A100-SXM4-40GB,19.49,40.0,4,12200000000,65,4.615
gemma3:12b,2614,0.5,0.9,10,10,NVIDIA A100-SXM4-40GB,19.49,40.0,4,12200000000,109,5.359
gemma3:12b,2636,0.5,0.9,10,10,NVIDIA A100-SXM4-40GB,19.49,40.0,4,12200000000,87,4.476
gemma3:12b,3533,0.5,0.9,10,10,NVIDIA A100-SXM4-40GB,19.49,40.0,4,12200000000,72,3.117
gemma3:12b,2490,0.5,0.9,10,10,NVIDIA A100-SXM4-40GB,19.49,40.0,4,12200000000,136,7.506
gemma3:12b,2467,0.5,0.9,10,10,NVIDIA A100-SXM4-40GB,19.49,40.0,4,12200000000,109,5.077
gemma3:12b,2491,0.5,0.9,10,10,NVIDIA A100-SXM4-40GB,19.49,40.0,4,12200000000,127,7.66
gemma3:12b,2490,0.5,0.9,10,10,NVIDIA A100-SXM4-40GB,19.49,40.0,4,12200000000,132,7.801
gemma3:12b,3500,0.5,0.9,10,10,NVIDIA A100-SXM4-40GB,19.49,40.0,4,12200000000,47,3.062
gemma3:12b,3548,0.5,0.9,10,10,NVIDIA A100-SXM4-40GB,19.49,40.0,4,12200000000,69,4.371
gemma3:12b,3630,0.5,0.9,10,10,NVIDIA A100-SXM4-40GB,19.49,40.0,4,12200000000,81,3.313
gemma3:12b,2631,0.5,0.9,10,10,NVIDIA A100-SXM4-40GB,19.49,40.0,4,12200000000,73,5.182
gemma3:12b,4498,0.5,0.9,10,10,NVIDIA A100-SXM4-40GB,19.49,40.0,4,12200000000,89,3.703
gemma3:12b,3741,0.5,0.9,10,10,NVIDIA A100-SXM4-40GB,19.49,40.0,4,12200000000,69,3.089
gemma3:12b,2669,0.5,0.9,10,10,NVIDIA A100-SXM4-40GB,19.49,40.0,4,12200000000,67,5.463
gemma3:12b,2664,0.5,0.9,10,10,NVIDIA A100-SXM4-40GB,19.49,40.0,4,12200000000,68,5.494
gemma3:12b,2660,0.5,0.9,10,10,NVIDIA A100-SXM4-40GB,19.49,40.0,4,12200000000,78,5.653
gemma3:12b,3592,0.5,0.9,10,10,NVIDIA A100-SXM4-40GB,19.49,40.0,4,12200000000,78,5.377
gemma3:12b,3612,0.5,0.9,10,10,NVIDIA A100-SXM4-40GB,19.49,40.0,4,12200000000,56,3.898
gemma3:12b,4629,0.5,0.9,10,10,NVIDIA A100-SXM4-40GB,19.49,40.0,4,12200000000,85,3.693
gemma3:12b,3851,0.5,0.9,10,10,NVIDIA A100-SXM4-40GB,19.49,40.0,4,12200000000,84,3.413
gemma3:12b,2606,0.5,0.9,10,10,NVIDIA A100-SXM4-40GB,19.49,40.0,4,12200000000,117,9.405
gemma3:12b,4759,0.5,0.9,10,10,NVIDIA A100-SXM4-40GB,19.49,40.0,4,12200000000,88,3.792
gemma3:12b,4572,0.5,0.9,10,10,NVIDIA A100-SXM4-40GB,19.49,40.0,4,12200000000,66,5.582
gemma3:12b,4840,0.5,0.9,10,10,NVIDIA A100-SXM4-40GB,19.49,40.0,4,12200000000,88,3.872
gemma3:12b,3629,0.5,0.9,10,10,NVIDIA A100-SXM4-40GB,19.49,40.0,4,12200000000,100,7.317
gemma3:12b,3640,0.5,0.9,10,10,NVIDIA A100-SXM4-40GB,19.49,40.0,4,12200000000,88,7.185
gemma3:12b,3643,0.5,0.9,10,10,NVIDIA A100-SXM4-40GB,19.49,40.0,4,12200000000,88,7.157
gemma3:12b,4563,0.5,0.9,10,10,NVIDIA A100-SXM4-40GB,19.49,40.0,4,12200000000,97,7.154
gemma3:12b,5755,0.5,0.9,10,10,NVIDIA A100-SXM4-40GB,19.49,40.0,4,12200000000,73,3.936
gemma3:12b,3631,0.5,0.9,10,10,NVIDIA A100-SXM4-40GB,19.49,40.0,4,12200000000,64,6.762
gemma3:12b,4967,0.5,0.9,10,10,NVIDIA A100-SXM4-40GB,19.49,40.0,4,12200000000,87,3.984
gemma3:12b,3769,0.5,0.9,10,10,NVIDIA A100-SXM4-40GB,19.49,40.0,4,12200000000,92,5.211
gemma3:12b,3772,0.5,0.9,10,10,NVIDIA A100-SXM4-40GB,19.49,40.0,4,12200000000,117,5.659
gemma3:12b,4668,0.5,0.9,10,10,NVIDIA A100-SXM4-40GB,19.49,40.0,4,12200000000,68,6.944
gemma3:12b,5869,0.5,0.9,10,10,NVIDIA A100-SXM4-40GB,19.49,40.0,4,12200000000,125,4.779
gemma3:12b,5096,0.5,0.9,10,10,NVIDIA A100-SXM4-40GB,19.49,40.0,4,12200000000,141,4.735
gemma3:12b,3743,0.5,0.9,10,10,NVIDIA A100-SXM4-40GB,19.49,40.0,4,12200000000,100,8.957
gemma3:12b,3709,0.5,0.9,10,10,NVIDIA A100-SXM4-40GB,19.49,40.0,4,12200000000,97,7.468
gemma3:12b,3901,0.5,0.9,10,10,NVIDIA A100-SXM4-40GB,19.49,40.0,4,12200000000,106,5.614
gemma3:12b,3929,0.5,0.9,10,10,NVIDIA A100-SXM4-40GB,19.49,40.0,4,12200000000,119,5.378
gemma3:12b,4766,0.5,0.9,10,10,NVIDIA A100-SXM4-40GB,19.49,40.0,4,12200000000,66,5.505
gemma3:12b,6037,0.5,0.9,10,10,NVIDIA A100-SXM4-40GB,19.49,40.0,4,12200000000,129,4.933
gemma3:12b,3857,0.5,0.9,10,10,NVIDIA A100-SXM4-40GB,19.49,40.0,4,12200000000,114,6.506
gemma3:12b,5725,0.5,0.9,10,10,NVIDIA A100-SXM4-40GB,19.49,40.0,4,12200000000,117,4.836
gemma3:12b,7074,0.5,0.9,10,10,NVIDIA A100-SXM4-40GB,19.49,40.0,4,12200000000,131,5.352
gemma3:12b,4888,0.5,0.9,10,10,NVIDIA A100-SXM4-40GB,19.49,40.0,4,12200000000,109,6.607
gemma3:12b,4938,0.5,0.9,10,10,NVIDIA A100-SXM4-40GB,19.49,40.0,4,12200000000,130,6.713
gemma3:12b,7250,0.5,0.9,10,10,NVIDIA A100-SXM4-40GB,19.49,40.0,4,12200000000,131,5.525
gemma3:12b,5972,0.5,0.9,10,10,NVIDIA A100-SXM4-40GB,19.49,40.0,4,12200000000,49,5.606
gemma3:12b,5039,0.5,0.9,10,10,NVIDIA A100-SXM4-40GB,19.49,40.0,4,12200000000,109,8.769
gemma3:12b,7426,0.5,0.9,10,10,NVIDIA A100-SXM4-40GB,19.49,40.0,4,12200000000,131,5.563
gemma3:12b,6066,0.5,0.9,10,10,NVIDIA A100-SXM4-40GB,19.49,40.0,4,12200000000,62,6.432
gemma3:12b,5190,0.5,0.9,10,10,NVIDIA A100-SXM4-40GB,19.49,40.0,4,12200000000,109,7.041
gemma3:12b,6142,0.5,0.9,10,10,NVIDIA A100-SXM4-40GB,19.49,40.0,4,12200000000,39,3.759
gemma3:12b,8465,0.5,0.9,10,10,NVIDIA A100-SXM4-40GB,19.49,40.0,4,12200000000,131,5.719
gemma3:12b,6204,0.5,0.9,10,10,NVIDIA A100-SXM4-40GB,19.49,40.0,4,12200000000,109,4.564
gemma3:12b,8641,0.5,0.9,10,10,NVIDIA A100-SXM4-40GB,19.49,40.0,4,12200000000,134,5.736
gemma3:12b,6355,0.5,0.9,10,10,NVIDIA A100-SXM4-40GB,19.49,40.0,4,12200000000,109,4.789
gemma3:12b,8820,0.5,0.9,10,10,NVIDIA A100-SXM4-40GB,19.49,40.0,4,12200000000,131,5.786
gemma3:12b,6506,0.5,0.9,10,10,NVIDIA A100-SXM4-40GB,19.49,40.0,4,12200000000,109,4.839
gemma3:12b,9859,0.5,0.9,10,10,NVIDIA A100-SXM4-40GB,19.49,40.0,4,12200000000,94,5.131
gemma3:12b,7520,0.5,0.9,10,10,NVIDIA A100-SXM4-40GB,19.49,40.0,4,12200000000,109,5.287
gemma3:12b,9967,0.5,0.9,10,10,NVIDIA A100-SXM4-40GB,19.49,40.0,4,12200000000,98,5.28
gemma3:12b,7671,0.5,0.9,10,10,NVIDIA A100-SXM4-40GB,19.49,40.0,4,12200000000,109,5.474
gemma3:12b,10095,0.5,0.9,10,10,NVIDIA A100-SXM4-40GB,19.49,40.0,4,12200000000,102,5.193
gemma3:12b,7822,0.5,0.9,10,10,NVIDIA A100-SXM4-40GB,19.49,40.0,4,12200000000,64,4.583
gemma3:12b,1235,0.5,0.95,10,1,NVIDIA GH200,67.0,96.0,1,12200000000,49,1.284
gemma3:12b,1329,0.5,0.95,10,1,NVIDIA GH200,67.0,96.0,1,12200000000,75,1.497
gemma3:12b,1434,0.5,0.95,10,1,NVIDIA GH200,67.0,96.0,1,12200000000,54,1.262
gemma3:12b,2395,0.5,0.95,10,1,NVIDIA GH200,67.0,96.0,1,12200000000,130,2.436
gemma3:12b,2570,0.5,0.95,10,1,NVIDIA GH200,67.0,96.0,1,12200000000,141,2.505
gemma3:12b,1235,0.5,0.95,10,1,NVIDIA A100-SXM4-40GB,19.49,40.0,4,12200000000,53,2.048
gemma3:12b,1333,0.5,0.95,10,1,NVIDIA A100-SXM4-40GB,19.49,40.0,4,12200000000,85,2.506
gemma3:12b,1448,0.5,0.95,10,1,NVIDIA A100-SXM4-40GB,19.49,40.0,4,12200000000,71,2.31
gemma3:12b,2426,0.5,0.95,10,1,NVIDIA A100-SXM4-40GB,19.49,40.0,4,12200000000,48,2.219
gemma3:12b,3377,0.5,0.95,10,1,NVIDIA A100-SXM4-40GB,19.49,40.0,4,12200000000,51,2.846
gemma3:12b,3473,0.5,0.95,10,1,NVIDIA A100-SXM4-40GB,19.49,40.0,4,12200000000,85,3.452
gemma3:12b,3603,0.5,0.95,10,1,NVIDIA A100-SXM4-40GB,19.49,40.0,4,12200000000,71,3.219
gemma3:12b,4567,0.5,0.95,10,1,NVIDIA A100-SXM4-40GB,19.49,40.0,4,12200000000,76,3.698
gemma3:12b,4673,0.5,0.95,10,1,NVIDIA A100-SXM4-40GB,19.49,40.0,4,12200000000,106,4.294
gemma3:12b,4824,0.5,0.95,10,1,NVIDIA A100-SXM4-40GB,19.49,40.0,4,12200000000,80,3.906
gemma3:12b,5812,0.5,0.95,10,1,NVIDIA A100-SXM4-40GB,19.49,40.0,4,12200000000,106,4.661
gemma3:12b,1235,0.5,0.95,10,5,NVIDIA GH200,67.0,96.0,1,12200000000,49,2.819
gemma3:12b,1235,0.5,0.95,10,5,NVIDIA GH200,67.0,96.0,1,12200000000,49,2.583
gemma3:12b,1235,0.5,0.95,10,5,NVIDIA GH200,67.0,96.0,1,12200000000,53,2.873
gemma3:12b,1235,0.5,0.95,10,5,NVIDIA GH200,67.0,96.0,1,12200000000,49,2.329
gemma3:12b,1235,0.5,0.95,10,5,NVIDIA GH200,67.0,96.0,1,12200000000,53,2.357
gemma3:12b,1329,0.5,0.95,10,5,NVIDIA GH200,67.0,96.0,1,12200000000,84,3.523
gemma3:12b,1333,0.5,0.95,10,5,NVIDIA GH200,67.0,96.0,1,12200000000,84,3.563
gemma3:12b,1333,0.5,0.95,10,5,NVIDIA GH200,67.0,96.0,1,12200000000,83,3.482
gemma3:12b,1329,0.5,0.95,10,5,NVIDIA GH200,67.0,96.0,1,12200000000,84,3.551
gemma3:12b,1329,0.5,0.95,10,5,NVIDIA GH200,67.0,96.0,1,12200000000,101,3.809
gemma3:12b,1427,0.5,0.95,10,5,NVIDIA GH200,67.0,96.0,1,12200000000,74,3.389
gemma3:12b,1444,0.5,0.95,10,5,NVIDIA GH200,67.0,96.0,1,12200000000,72,3.233
gemma3:12b,1431,0.5,0.95,10,5,NVIDIA GH200,67.0,96.0,1,12200000000,73,3.478
gemma3:12b,1430,0.5,0.95,10,5,NVIDIA GH200,67.0,96.0,1,12200000000,89,3.721
gemma3:12b,1456,0.5,0.95,10,5,NVIDIA GH200,67.0,96.0,1,12200000000,100,5.811
gemma3:12b,2412,0.5,0.95,10,5,NVIDIA GH200,67.0,96.0,1,12200000000,50,3.807
gemma3:12b,2424,0.5,0.95,10,5,NVIDIA GH200,67.0,96.0,1,12200000000,56,4.122
gemma3:12b,2397,0.5,0.95,10,5,NVIDIA GH200,67.0,96.0,1,12200000000,56,4.124
gemma3:12b,2408,0.5,0.95,10,5,NVIDIA GH200,67.0,96.0,1,12200000000,75,4.386
gemma3:12b,2464,0.5,0.95,10,5,NVIDIA GH200,67.0,96.0,1,12200000000,84,4.758
gemma3:12b,2505,0.5,0.95,10,5,NVIDIA GH200,67.0,96.0,1,12200000000,80,4.781
gemma3:12b,2513,0.5,0.95,10,5,NVIDIA GH200,67.0,96.0,1,12200000000,90,4.884
gemma3:12b,2496,0.5,0.95,10,5,NVIDIA GH200,67.0,96.0,1,12200000000,130,6.282
gemma3:12b,2578,0.5,0.95,10,5,NVIDIA GH200,67.0,96.0,1,12200000000,112,3.84
gemma3:12b,2523,0.5,0.95,10,5,NVIDIA GH200,67.0,96.0,1,12200000000,147,6.851
gemma3:12b,2617,0.5,0.95,10,5,NVIDIA GH200,67.0,96.0,1,12200000000,90,3.732
gemma3:12b,2668,0.5,0.95,10,5,NVIDIA GH200,67.0,96.0,1,12200000000,79,2.92
gemma3:12b,2712,0.5,0.95,10,5,NVIDIA GH200,67.0,96.0,1,12200000000,83,2.53
gemma3:12b,3652,0.5,0.95,10,5,NVIDIA GH200,67.0,96.0,1,12200000000,73,3.083
gemma3:12b,3699,0.5,0.95,10,5,NVIDIA GH200,67.0,96.0,1,12200000000,96,3.424
gemma3:12b,3837,0.5,0.95,10,5,NVIDIA GH200,67.0,96.0,1,12200000000,90,2.989
gemma3:12b,3766,0.5,0.95,10,5,NVIDIA GH200,67.0,96.0,1,12200000000,99,3.512
gemma3:12b,3967,0.5,0.95,10,5,NVIDIA GH200,67.0,96.0,1,12200000000,79,3.225
gemma3:12b,3895,0.5,0.95,10,5,NVIDIA GH200,67.0,96.0,1,12200000000,104,3.536
gemma3:12b,1235,0.5,0.95,10,5,NVIDIA A100-SXM4-40GB,19.49,40.0,4,12200000000,50,1.986
gemma3:12b,1235,0.5,0.95,10,5,NVIDIA A100-SXM4-40GB,19.49,40.0,4,12200000000,51,2.036
gemma3:12b,1235,0.5,0.95,10,5,NVIDIA A100-SXM4-40GB,19.49,40.0,4,12200000000,53,2.032
gemma3:12b,1235,0.5,0.95,10,5,NVIDIA A100-SXM4-40GB,19.49,40.0,4,12200000000,49,2.713
gemma3:12b,1235,0.5,0.95,10,5,NVIDIA A100-SXM4-40GB,19.49,40.0,4,12200000000,53,2.787
gemma3:12b,1330,0.5,0.95,10,5,NVIDIA A100-SXM4-40GB,19.49,40.0,4,12200000000,89,2.496
gemma3:12b,1333,0.5,0.95,10,5,NVIDIA A100-SXM4-40GB,19.49,40.0,4,12200000000,84,2.399
gemma3:12b,1331,0.5,0.95,10,5,NVIDIA A100-SXM4-40GB,19.49,40.0,4,12200000000,100,2.784
gemma3:12b,1433,0.5,0.95,10,5,NVIDIA A100-SXM4-40GB,19.49,40.0,4,12200000000,64,2.097
gemma3:12b,1333,0.5,0.95,10,5,NVIDIA A100-SXM4-40GB,19.49,40.0,4,12200000000,68,2.994
gemma3:12b,1329,0.5,0.95,10,5,NVIDIA A100-SXM4-40GB,19.49,40.0,4,12200000000,84,3.238
gemma3:12b,1431,0.5,0.95,10,5,NVIDIA A100-SXM4-40GB,19.49,40.0,4,12200000000,74,2.217
gemma3:12b,1461,0.5,0.95,10,5,NVIDIA A100-SXM4-40GB,19.49,40.0,4,12200000000,62,2.081
gemma3:12b,2405,0.5,0.95,10,5,NVIDIA A100-SXM4-40GB,19.49,40.0,4,12200000000,54,2.286
gemma3:12b,1431,0.5,0.95,10,5,NVIDIA A100-SXM4-40GB,19.49,40.0,4,12200000000,62,2.816
gemma3:12b,1427,0.5,0.95,10,5,NVIDIA A100-SXM4-40GB,19.49,40.0,4,12200000000,74,2.83
gemma3:12b,2412,0.5,0.95,10,5,NVIDIA A100-SXM4-40GB,19.49,40.0,4,12200000000,78,2.69
gemma3:12b,2430,0.5,0.95,10,5,NVIDIA A100-SXM4-40GB,19.49,40.0,4,12200000000,73,2.743
gemma3:12b,2502,0.5,0.95,10,5,NVIDIA A100-SXM4-40GB,19.49,40.0,4,12200000000,89,2.995
gemma3:12b,2520,0.5,0.95,10,5,NVIDIA A100-SXM4-40GB,19.49,40.0,4,12200000000,77,2.664
gemma3:12b,2408,0.5,0.95,10,5,NVIDIA A100-SXM4-40GB,19.49,40.0,4,12200000000,52,3.183
gemma3:12b,2548,0.5,0.95,10,5,NVIDIA A100-SXM4-40GB,19.49,40.0,4,12200000000,113,3.416
gemma3:12b,2633,0.5,0.95,10,5,NVIDIA A100-SXM4-40GB,19.49,40.0,4,12200000000,100,3.188
gemma3:12b,2400,0.5,0.95,10,5,NVIDIA A100-SXM4-40GB,19.49,40.0,4,12200000000,92,5.34
gemma3:12b,2639,0.5,0.95,10,5,NVIDIA A100-SXM4-40GB,19.49,40.0,4,12200000000,71,2.676
gemma3:12b,3363,0.5,0.95,10,5,NVIDIA A100-SXM4-40GB,19.49,40.0,4,12200000000,47,3.773
gemma3:12b,2706,0.5,0.95,10,5,NVIDIA A100-SXM4-40GB,19.49,40.0,4,12200000000,124,3.504
gemma3:12b,3626,0.5,0.95,10,5,NVIDIA A100-SXM4-40GB,19.49,40.0,4,12200000000,67,3.03
gemma3:12b,3619,0.5,0.95,10,5,NVIDIA A100-SXM4-40GB,19.49,40.0,4,12200000000,78,3.192
gemma3:12b,2522,0.5,0.95,10,5,NVIDIA A100-SXM4-40GB,19.49,40.0,4,12200000000,92,4.583
gemma3:12b,3736,0.5,0.95,10,5,NVIDIA A100-SXM4-40GB,19.49,40.0,4,12200000000,89,3.388
gemma3:12b,3424,0.5,0.95,10,5,NVIDIA A100-SXM4-40GB,19.49,40.0,4,12200000000,77,4.399
gemma3:12b,3742,0.5,0.95,10,5,NVIDIA A100-SXM4-40GB,19.49,40.0,4,12200000000,92,3.349
gemma3:12b,2644,0.5,0.95,10,5,NVIDIA A100-SXM4-40GB,19.49,40.0,4,12200000000,92,4.622
gemma3:12b,3855,0.5,0.95,10,5,NVIDIA A100-SXM4-40GB,19.49,40.0,4,12200000000,112,3.881
gemma3:12b,3546,0.5,0.95,10,5,NVIDIA A100-SXM4-40GB,19.49,40.0,4,12200000000,73,3.765
gemma3:12b,3629,0.5,0.95,10,5,NVIDIA A100-SXM4-40GB,19.49,40.0,4,12200000000,58,4.72
gemma3:12b,4497,0.5,0.95,10,5,NVIDIA A100-SXM4-40GB,19.49,40.0,4,12200000000,67,4.1
gemma3:12b,4875,0.5,0.95,10,5,NVIDIA A100-SXM4-40GB,19.49,40.0,4,12200000000,118,4.33
gemma3:12b,4590,0.5,0.95,10,5,NVIDIA A100-SXM4-40GB,19.49,40.0,4,12200000000,51,3.249
gemma3:12b,5038,0.5,0.95,10,5,NVIDIA A100-SXM4-40GB,19.49,40.0,4,12200000000,172,5.304
gemma3:12b,4686,0.5,0.95,10,5,NVIDIA A100-SXM4-40GB,19.49,40.0,4,12200000000,68,3.619
gemma3:12b,5253,0.5,0.95,10,5,NVIDIA A100-SXM4-40GB,19.49,40.0,4,12200000000,175,5.368
gemma3:12b,4799,0.5,0.95,10,5,NVIDIA A100-SXM4-40GB,19.49,40.0,4,12200000000,147,4.888
gemma3:12b,1235,0.5,0.95,10,10,NVIDIA GH200,67.0,96.0,1,12200000000,50,4.113
gemma3:12b,1235,0.5,0.95,10,10,NVIDIA GH200,67.0,96.0,1,12200000000,49,3.957
gemma3:12b,1235,0.5,0.95,10,10,NVIDIA GH200,67.0,96.0,1,12200000000,50,3.834
gemma3:12b,1235,0.5,0.95,10,10,NVIDIA GH200,67.0,96.0,1,12200000000,49,3.647
gemma3:12b,1235,0.5,0.95,10,10,NVIDIA GH200,67.0,96.0,1,12200000000,51,3.877
gemma3:12b,1235,0.5,0.95,10,10,NVIDIA GH200,67.0,96.0,1,12200000000,53,3.849
gemma3:12b,1235,0.5,0.95,10,10,NVIDIA GH200,67.0,96.0,1,12200000000,53,3.961
gemma3:12b,1235,0.5,0.95,10,10,NVIDIA GH200,67.0,96.0,1,12200000000,53,3.01
gemma3:12b,1235,0.5,0.95,10,10,NVIDIA GH200,67.0,96.0,1,12200000000,53,2.458
gemma3:12b,1235,0.5,0.95,10,10,NVIDIA GH200,67.0,96.0,1,12200000000,62,4.643
gemma3:12b,1330,0.5,0.95,10,10,NVIDIA GH200,67.0,96.0,1,12200000000,60,4.481
gemma3:12b,1329,0.5,0.95,10,10,NVIDIA GH200,67.0,96.0,1,12200000000,67,4.608
gemma3:12b,1342,0.5,0.95,10,10,NVIDIA GH200,67.0,96.0,1,12200000000,70,4.445
gemma3:12b,1330,0.5,0.95,10,10,NVIDIA GH200,67.0,96.0,1,12200000000,78,5.799
gemma3:12b,1333,0.5,0.95,10,10,NVIDIA GH200,67.0,96.0,1,12200000000,83,5.788
gemma3:12b,1333,0.5,0.95,10,10,NVIDIA GH200,67.0,96.0,1,12200000000,84,5.769
gemma3:12b,1329,0.5,0.95,10,10,NVIDIA GH200,67.0,96.0,1,12200000000,84,5.856
gemma3:12b,1333,0.5,0.95,10,10,NVIDIA GH200,67.0,96.0,1,12200000000,85,5.809
gemma3:12b,1333,0.5,0.95,10,10,NVIDIA GH200,67.0,96.0,1,12200000000,89,5.974
gemma3:12b,1331,0.5,0.95,10,10,NVIDIA GH200,67.0,96.0,1,12200000000,100,8.031
gemma3:12b,1404,0.5,0.95,10,10,NVIDIA GH200,67.0,96.0,1,12200000000,60,4.827
gemma3:12b,1426,0.5,0.95,10,10,NVIDIA GH200,67.0,96.0,1,12200000000,75,4.928
gemma3:12b,1442,0.5,0.95,10,10,NVIDIA GH200,67.0,96.0,1,12200000000,83,5.814
gemma3:12b,1430,0.5,0.95,10,10,NVIDIA GH200,67.0,96.0,1,12200000000,60,4.877
gemma3:12b,1431,0.5,0.95,10,10,NVIDIA GH200,67.0,96.0,1,12200000000,63,4.956
gemma3:12b,1427,0.5,0.95,10,10,NVIDIA GH200,67.0,96.0,1,12200000000,70,5.041
gemma3:12b,1432,0.5,0.95,10,10,NVIDIA GH200,67.0,96.0,1,12200000000,72,5.232
gemma3:12b,1461,0.5,0.95,10,10,NVIDIA GH200,67.0,96.0,1,12200000000,62,5.641
gemma3:12b,1438,0.5,0.95,10,10,NVIDIA GH200,67.0,96.0,1,12200000000,97,8.789
gemma3:12b,1436,0.5,0.95,10,10,NVIDIA GH200,67.0,96.0,1,12200000000,100,8.634
gemma3:12b,2372,0.5,0.95,10,10,NVIDIA GH200,67.0,96.0,1,12200000000,58,6.997
gemma3:12b,2402,0.5,0.95,10,10,NVIDIA GH200,67.0,96.0,1,12200000000,42,5.53
gemma3:12b,2412,0.5,0.95,10,10,NVIDIA GH200,67.0,96.0,1,12200000000,56,6.908
gemma3:12b,2398,0.5,0.95,10,10,NVIDIA GH200,67.0,96.0,1,12200000000,67,7.554
gemma3:12b,2430,0.5,0.95,10,10,NVIDIA GH200,67.0,96.0,1,12200000000,50,4.495
gemma3:12b,2443,0.5,0.95,10,10,NVIDIA GH200,67.0,96.0,1,12200000000,47,4.264
gemma3:12b,2404,0.5,0.95,10,10,NVIDIA GH200,67.0,96.0,1,12200000000,78,8.265
gemma3:12b,2408,0.5,0.95,10,10,NVIDIA GH200,67.0,96.0,1,12200000000,103,11.832
gemma3:12b,2413,0.5,0.95,10,10,NVIDIA GH200,67.0,96.0,1,12200000000,52,6.885
gemma3:12b,2432,0.5,0.95,10,10,NVIDIA GH200,67.0,96.0,1,12200000000,111,12.757
gemma3:12b,3347,0.5,0.95,10,10,NVIDIA GH200,67.0,96.0,1,12200000000,54,7.265
gemma3:12b,3383,0.5,0.95,10,10,NVIDIA GH200,67.0,96.0,1,12200000000,49,7.174
gemma3:12b,3393,0.5,0.95,10,10,NVIDIA GH200,67.0,96.0,1,12200000000,51,6.559
gemma3:12b,2512,0.5,0.95,10,10,NVIDIA GH200,67.0,96.0,1,12200000000,81,8.377
gemma3:12b,2508,0.5,0.95,10,10,NVIDIA GH200,67.0,96.0,1,12200000000,92,9.599
gemma3:12b,2511,0.5,0.95,10,10,NVIDIA GH200,67.0,96.0,1,12200000000,99,9.934
gemma3:12b,2473,0.5,0.95,10,10,NVIDIA GH200,67.0,96.0,1,12200000000,129,11.88
gemma3:12b,2541,0.5,0.95,10,10,NVIDIA GH200,67.0,96.0,1,12200000000,106,8.78
gemma3:12b,3444,0.5,0.95,10,10,NVIDIA GH200,67.0,96.0,1,12200000000,103,7.866
gemma3:12b,2508,0.5,0.95,10,10,NVIDIA GH200,67.0,96.0,1,12200000000,143,10.165
gemma3:12b,2588,0.5,0.95,10,10,NVIDIA GH200,67.0,96.0,1,12200000000,109,8.167
gemma3:12b,3489,0.5,0.95,10,10,NVIDIA GH200,67.0,96.0,1,12200000000,89,7.064
gemma3:12b,2630,0.5,0.95,10,10,NVIDIA GH200,67.0,96.0,1,12200000000,75,4.906
gemma3:12b,2640,0.5,0.95,10,10,NVIDIA GH200,67.0,96.0,1,12200000000,64,4.778
gemma3:12b,3477,0.5,0.95,10,10,NVIDIA GH200,67.0,96.0,1,12200000000,100,7.45
gemma3:12b,2644,0.5,0.95,10,10,NVIDIA GH200,67.0,96.0,1,12200000000,89,7.599
gemma3:12b,2692,0.5,0.95,10,10,NVIDIA GH200,67.0,96.0,1,12200000000,73,5.718
gemma3:12b,2693,0.5,0.95,10,10,NVIDIA GH200,67.0,96.0,1,12200000000,85,6.943
gemma3:12b,3609,0.5,0.95,10,10,NVIDIA GH200,67.0,96.0,1,12200000000,82,6.822
gemma3:12b,3592,0.5,0.95,10,10,NVIDIA GH200,67.0,96.0,1,12200000000,104,7.719
gemma3:12b,3622,0.5,0.95,10,10,NVIDIA GH200,67.0,96.0,1,12200000000,111,7.601
gemma3:12b,3673,0.5,0.95,10,10,NVIDIA GH200,67.0,96.0,1,12200000000,85,4.77
gemma3:12b,3626,0.5,0.95,10,10,NVIDIA GH200,67.0,96.0,1,12200000000,100,7.97
gemma3:12b,3729,0.5,0.95,10,10,NVIDIA GH200,67.0,96.0,1,12200000000,44,4.959
gemma3:12b,4626,0.5,0.95,10,10,NVIDIA GH200,67.0,96.0,1,12200000000,50,4.97
gemma3:12b,4604,0.5,0.95,10,10,NVIDIA GH200,67.0,96.0,1,12200000000,70,6.169
gemma3:12b,3683,0.5,0.95,10,10,NVIDIA GH200,67.0,96.0,1,12200000000,130,9.731
gemma3:12b,3768,0.5,0.95,10,10,NVIDIA GH200,67.0,96.0,1,12200000000,100,6.234
gemma3:12b,4704,0.5,0.95,10,10,NVIDIA GH200,67.0,96.0,1,12200000000,72,4.955
gemma3:12b,5579,0.5,0.95,10,10,NVIDIA GH200,67.0,96.0,1,12200000000,119,7.661
gemma3:12b,3857,0.5,0.95,10,10,NVIDIA GH200,67.0,96.0,1,12200000000,94,5.056
gemma3:12b,3898,0.5,0.95,10,10,NVIDIA GH200,67.0,96.0,1,12200000000,84,4.893
gemma3:12b,4806,0.5,0.95,10,10,NVIDIA GH200,67.0,96.0,1,12200000000,72,4.183
gemma3:12b,4890,0.5,0.95,10,10,NVIDIA GH200,67.0,96.0,1,12200000000,52,3.751
gemma3:12b,5771,0.5,0.95,10,10,NVIDIA GH200,67.0,96.0,1,12200000000,70,4.509
gemma3:12b,3992,0.5,0.95,10,10,NVIDIA GH200,67.0,96.0,1,12200000000,125,7.12
gemma3:12b,5846,0.5,0.95,10,10,NVIDIA GH200,67.0,96.0,1,12200000000,82,5.75
gemma3:12b,5871,0.5,0.95,10,10,NVIDIA GH200,67.0,96.0,1,12200000000,70,4.288
gemma3:12b,5021,0.5,0.95,10,10,NVIDIA GH200,67.0,96.0,1,12200000000,129,7.402
gemma3:12b,5971,0.5,0.95,10,10,NVIDIA GH200,67.0,96.0,1,12200000000,70,5.363
gemma3:12b,5973,0.5,0.95,10,10,NVIDIA GH200,67.0,96.0,1,12200000000,113,7.588
gemma3:12b,6934,0.5,0.95,10,10,NVIDIA GH200,67.0,96.0,1,12200000000,70,3.25
gemma3:12b,5193,0.5,0.95,10,10,NVIDIA GH200,67.0,96.0,1,12200000000,131,5.213
gemma3:12b,7034,0.5,0.95,10,10,NVIDIA GH200,67.0,96.0,1,12200000000,70,4.286
gemma3:12b,5368,0.5,0.95,10,10,NVIDIA GH200,67.0,96.0,1,12200000000,130,6.524
gemma3:12b,7134,0.5,0.95,10,10,NVIDIA GH200,67.0,96.0,1,12200000000,70,4.451
gemma3:12b,6403,0.5,0.95,10,10,NVIDIA GH200,67.0,96.0,1,12200000000,122,5.369
gemma3:12b,8097,0.5,0.95,10,10,NVIDIA GH200,67.0,96.0,1,12200000000,70,3.37
gemma3:12b,8197,0.5,0.95,10,10,NVIDIA GH200,67.0,96.0,1,12200000000,70,4.707
gemma3:12b,6565,0.5,0.95,10,10,NVIDIA GH200,67.0,96.0,1,12200000000,124,7.225
gemma3:12b,8297,0.5,0.95,10,10,NVIDIA GH200,67.0,96.0,1,12200000000,70,4.883
gemma3:12b,6731,0.5,0.95,10,10,NVIDIA GH200,67.0,96.0,1,12200000000,126,5.585
gemma3:12b,9260,0.5,0.95,10,10,NVIDIA GH200,67.0,96.0,1,12200000000,109,5.696
gemma3:12b,7761,0.5,0.95,10,10,NVIDIA GH200,67.0,96.0,1,12200000000,140,6.01
gemma3:12b,9383,0.5,0.95,10,10,NVIDIA GH200,67.0,96.0,1,12200000000,113,5.748
gemma3:12b,7940,0.5,0.95,10,10,NVIDIA GH200,67.0,96.0,1,12200000000,138,6.023
gemma3:12b,9510,0.5,0.95,10,10,NVIDIA GH200,67.0,96.0,1,12200000000,122,4.486
gemma3:12b,8118,0.5,0.95,10,10,NVIDIA GH200,67.0,96.0,1,12200000000,71,3.076
gemma3:12b,1235,0.5,0.95,10,10,NVIDIA A100-SXM4-40GB,19.49,40.0,4,12200000000,49,2.599
gemma3:12b,1235,0.5,0.95,10,10,NVIDIA A100-SXM4-40GB,19.49,40.0,4,12200000000,50,2.635
gemma3:12b,1235,0.5,0.95,10,10,NVIDIA A100-SXM4-40GB,19.49,40.0,4,12200000000,53,2.669
gemma3:12b,1235,0.5,0.95,10,10,NVIDIA A100-SXM4-40GB,19.49,40.0,4,12200000000,53,2.222
gemma3:12b,1235,0.5,0.95,10,10,NVIDIA A100-SXM4-40GB,19.49,40.0,4,12200000000,53,3.185
gemma3:12b,1235,0.5,0.95,10,10,NVIDIA A100-SXM4-40GB,19.49,40.0,4,12200000000,49,3.365
gemma3:12b,1235,0.5,0.95,10,10,NVIDIA A100-SXM4-40GB,19.49,40.0,4,12200000000,49,2.917
gemma3:12b,1235,0.5,0.95,10,10,NVIDIA A100-SXM4-40GB,19.49,40.0,4,12200000000,53,3.377
gemma3:12b,1235,0.5,0.95,10,10,NVIDIA A100-SXM4-40GB,19.49,40.0,4,12200000000,62,3.313
gemma3:12b,1235,0.5,0.95,10,10,NVIDIA A100-SXM4-40GB,19.49,40.0,4,12200000000,53,3.372
gemma3:12b,1329,0.5,0.95,10,10,NVIDIA A100-SXM4-40GB,19.49,40.0,4,12200000000,78,3.061
gemma3:12b,1330,0.5,0.95,10,10,NVIDIA A100-SXM4-40GB,19.49,40.0,4,12200000000,88,3.202
gemma3:12b,1333,0.5,0.95,10,10,NVIDIA A100-SXM4-40GB,19.49,40.0,4,12200000000,84,3.173
gemma3:12b,1333,0.5,0.95,10,10,NVIDIA A100-SXM4-40GB,19.49,40.0,4,12200000000,83,3.062
gemma3:12b,1329,0.5,0.95,10,10,NVIDIA A100-SXM4-40GB,19.49,40.0,4,12200000000,67,3.732
gemma3:12b,1329,0.5,0.95,10,10,NVIDIA A100-SXM4-40GB,19.49,40.0,4,12200000000,76,3.95
gemma3:12b,1342,0.5,0.95,10,10,NVIDIA A100-SXM4-40GB,19.49,40.0,4,12200000000,85,3.845
gemma3:12b,1333,0.5,0.95,10,10,NVIDIA A100-SXM4-40GB,19.49,40.0,4,12200000000,97,4.305
gemma3:12b,1421,0.5,0.95,10,10,NVIDIA A100-SXM4-40GB,19.49,40.0,4,12200000000,62,2.839
gemma3:12b,1448,0.5,0.95,10,10,NVIDIA A100-SXM4-40GB,19.49,40.0,4,12200000000,63,2.673
gemma3:12b,1333,0.5,0.95,10,10,NVIDIA A100-SXM4-40GB,19.49,40.0,4,12200000000,92,5.225
gemma3:12b,1446,0.5,0.95,10,10,NVIDIA A100-SXM4-40GB,19.49,40.0,4,12200000000,58,2.771
gemma3:12b,1431,0.5,0.95,10,10,NVIDIA A100-SXM4-40GB,19.49,40.0,4,12200000000,73,3.083
gemma3:12b,1333,0.5,0.95,10,10,NVIDIA A100-SXM4-40GB,19.49,40.0,4,12200000000,83,4.03
gemma3:12b,1426,0.5,0.95,10,10,NVIDIA A100-SXM4-40GB,19.49,40.0,4,12200000000,54,3.346
gemma3:12b,1435,0.5,0.95,10,10,NVIDIA A100-SXM4-40GB,19.49,40.0,4,12200000000,74,3.546
gemma3:12b,1460,0.5,0.95,10,10,NVIDIA A100-SXM4-40GB,19.49,40.0,4,12200000000,58,3.398
gemma3:12b,2397,0.5,0.95,10,10,NVIDIA A100-SXM4-40GB,19.49,40.0,4,12200000000,50,3.134
gemma3:12b,2391,0.5,0.95,10,10,NVIDIA A100-SXM4-40GB,19.49,40.0,4,12200000000,73,3.759
gemma3:12b,1441,0.5,0.95,10,10,NVIDIA A100-SXM4-40GB,19.49,40.0,4,12200000000,92,5.143
gemma3:12b,2418,0.5,0.95,10,10,NVIDIA A100-SXM4-40GB,19.49,40.0,4,12200000000,86,3.929
gemma3:12b,2411,0.5,0.95,10,10,NVIDIA A100-SXM4-40GB,19.49,40.0,4,12200000000,78,3.737
gemma3:12b,1430,0.5,0.95,10,10,NVIDIA A100-SXM4-40GB,19.49,40.0,4,12200000000,64,3.385
gemma3:12b,1439,0.5,0.95,10,10,NVIDIA A100-SXM4-40GB,19.49,40.0,4,12200000000,123,5.64
gemma3:12b,2387,0.5,0.95,10,10,NVIDIA A100-SXM4-40GB,19.49,40.0,4,12200000000,77,4.134
gemma3:12b,2519,0.5,0.95,10,10,NVIDIA A100-SXM4-40GB,19.49,40.0,4,12200000000,78,3.66
gemma3:12b,2402,0.5,0.95,10,10,NVIDIA A100-SXM4-40GB,19.49,40.0,4,12200000000,63,3.508
gemma3:12b,2425,0.5,0.95,10,10,NVIDIA A100-SXM4-40GB,19.49,40.0,4,12200000000,88,5.352
gemma3:12b,2507,0.5,0.95,10,10,NVIDIA A100-SXM4-40GB,19.49,40.0,4,12200000000,91,4.214
gemma3:12b,2441,0.5,0.95,10,10,NVIDIA A100-SXM4-40GB,19.49,40.0,4,12200000000,79,4.103
gemma3:12b,2549,0.5,0.95,10,10,NVIDIA A100-SXM4-40GB,19.49,40.0,4,12200000000,89,4.076
gemma3:12b,2416,0.5,0.95,10,10,NVIDIA A100-SXM4-40GB,19.49,40.0,4,12200000000,104,6.187
gemma3:12b,2490,0.5,0.95,10,10,NVIDIA A100-SXM4-40GB,19.49,40.0,4,12200000000,127,5.712
gemma3:12b,2494,0.5,0.95,10,10,NVIDIA A100-SXM4-40GB,19.49,40.0,4,12200000000,86,5.176
gemma3:12b,2558,0.5,0.95,10,10,NVIDIA A100-SXM4-40GB,19.49,40.0,4,12200000000,118,3.696
gemma3:12b,2627,0.5,0.95,10,10,NVIDIA A100-SXM4-40GB,19.49,40.0,4,12200000000,78,3.939
gemma3:12b,2628,0.5,0.95,10,10,NVIDIA A100-SXM4-40GB,19.49,40.0,4,12200000000,92,4.317
gemma3:12b,2683,0.5,0.95,10,10,NVIDIA A100-SXM4-40GB,19.49,40.0,4,12200000000,118,4.755
gemma3:12b,2469,0.5,0.95,10,10,NVIDIA A100-SXM4-40GB,19.49,40.0,4,12200000000,137,7.403
gemma3:12b,2565,0.5,0.95,10,10,NVIDIA A100-SXM4-40GB,19.49,40.0,4,12200000000,97,4.807
gemma3:12b,2660,0.5,0.95,10,10,NVIDIA A100-SXM4-40GB,19.49,40.0,4,12200000000,71,4.087
gemma3:12b,2690,0.5,0.95,10,10,NVIDIA A100-SXM4-40GB,19.49,40.0,4,12200000000,107,3.334
gemma3:12b,3598,0.5,0.95,10,10,NVIDIA A100-SXM4-40GB,19.49,40.0,4,12200000000,52,4.071
gemma3:12b,2625,0.5,0.95,10,10,NVIDIA A100-SXM4-40GB,19.49,40.0,4,12200000000,88,5.408
gemma3:12b,3621,0.5,0.95,10,10,NVIDIA A100-SXM4-40GB,19.49,40.0,4,12200000000,132,3.987
gemma3:12b,2692,0.5,0.95,10,10,NVIDIA A100-SXM4-40GB,19.49,40.0,4,12200000000,115,4.822
gemma3:12b,3704,0.5,0.95,10,10,NVIDIA A100-SXM4-40GB,19.49,40.0,4,12200000000,117,3.767
gemma3:12b,3624,0.5,0.95,10,10,NVIDIA A100-SXM4-40GB,19.49,40.0,4,12200000000,89,5.218
gemma3:12b,2651,0.5,0.95,10,10,NVIDIA A100-SXM4-40GB,19.49,40.0,4,12200000000,174,5.971
gemma3:12b,4554,0.5,0.95,10,10,NVIDIA A100-SXM4-40GB,19.49,40.0,4,12200000000,88,5.107
gemma3:12b,3727,0.5,0.95,10,10,NVIDIA A100-SXM4-40GB,19.49,40.0,4,12200000000,89,3.595
gemma3:12b,3830,0.5,0.95,10,10,NVIDIA A100-SXM4-40GB,19.49,40.0,4,12200000000,68,3.125
gemma3:12b,1235,0.5,1.0,10,1,NVIDIA GH200,67.0,96.0,1,12200000000,50,1.265
gemma3:12b,1330,0.5,1.0,10,1,NVIDIA GH200,67.0,96.0,1,12200000000,85,1.572
gemma3:12b,1445,0.5,1.0,10,1,NVIDIA GH200,67.0,96.0,1,12200000000,50,1.192
gemma3:12b,2402,0.5,1.0,10,1,NVIDIA GH200,67.0,96.0,1,12200000000,47,1.359
gemma3:12b,3352,0.5,1.0,10,1,NVIDIA GH200,67.0,96.0,1,12200000000,48,1.666
gemma3:12b,3445,0.5,1.0,10,1,NVIDIA GH200,67.0,96.0,1,12200000000,85,2.104
gemma3:12b,3575,0.5,1.0,10,1,NVIDIA GH200,67.0,96.0,1,12200000000,77,2.011
gemma3:12b,4545,0.5,1.0,10,1,NVIDIA GH200,67.0,96.0,1,12200000000,112,2.566
gemma3:12b,1235,0.5,1.0,10,1,NVIDIA A100-SXM4-40GB,19.49,40.0,4,12200000000,49,2.019
gemma3:12b,1329,0.5,1.0,10,1,NVIDIA A100-SXM4-40GB,19.49,40.0,4,12200000000,68,2.252
gemma3:12b,1427,0.5,1.0,10,1,NVIDIA A100-SXM4-40GB,19.49,40.0,4,12200000000,50,1.966
gemma3:12b,2384,0.5,1.0,10,1,NVIDIA A100-SXM4-40GB,19.49,40.0,4,12200000000,89,3.091
gemma3:12b,2518,0.5,1.0,10,1,NVIDIA A100-SXM4-40GB,19.49,40.0,4,12200000000,104,3.271
gemma3:12b,1235,0.5,1.0,10,5,NVIDIA GH200,67.0,96.0,1,12200000000,49,2.79
gemma3:12b,1235,0.5,1.0,10,5,NVIDIA GH200,67.0,96.0,1,12200000000,49,2.566
gemma3:12b,1235,0.5,1.0,10,5,NVIDIA GH200,67.0,96.0,1,12200000000,53,2.875
gemma3:12b,1235,0.5,1.0,10,5,NVIDIA GH200,67.0,96.0,1,12200000000,49,2.023
gemma3:12b,1235,0.5,1.0,10,5,NVIDIA GH200,67.0,96.0,1,12200000000,63,2.739
gemma3:12b,1329,0.5,1.0,10,5,NVIDIA GH200,67.0,96.0,1,12200000000,60,2.954
gemma3:12b,1333,0.5,1.0,10,5,NVIDIA GH200,67.0,96.0,1,12200000000,68,3.142
gemma3:12b,1329,0.5,1.0,10,5,NVIDIA GH200,67.0,96.0,1,12200000000,76,3.347
gemma3:12b,1329,0.5,1.0,10,5,NVIDIA GH200,67.0,96.0,1,12200000000,83,4.369
gemma3:12b,1343,0.5,1.0,10,5,NVIDIA GH200,67.0,96.0,1,12200000000,89,4.094
gemma3:12b,1435,0.5,1.0,10,5,NVIDIA GH200,67.0,96.0,1,12200000000,54,2.84
gemma3:12b,1431,0.5,1.0,10,5,NVIDIA GH200,67.0,96.0,1,12200000000,58,3.012
gemma3:12b,1403,0.5,1.0,10,5,NVIDIA GH200,67.0,96.0,1,12200000000,93,4.805
gemma3:12b,1426,0.5,1.0,10,5,NVIDIA GH200,67.0,96.0,1,12200000000,71,3.502
gemma3:12b,1462,0.5,1.0,10,5,NVIDIA GH200,67.0,96.0,1,12200000000,73,3.404
gemma3:12b,2396,0.5,1.0,10,5,NVIDIA GH200,67.0,96.0,1,12200000000,49,3.897
gemma3:12b,2396,0.5,1.0,10,5,NVIDIA GH200,67.0,96.0,1,12200000000,54,4.02
gemma3:12b,2389,0.5,1.0,10,5,NVIDIA GH200,67.0,96.0,1,12200000000,54,4.532
gemma3:12b,2405,0.5,1.0,10,5,NVIDIA GH200,67.0,96.0,1,12200000000,68,4.792
gemma3:12b,3353,0.5,1.0,10,5,NVIDIA GH200,67.0,96.0,1,12200000000,47,3.955
gemma3:12b,3348,0.5,1.0,10,5,NVIDIA GH200,67.0,96.0,1,12200000000,51,4.07
gemma3:12b,2442,0.5,1.0,10,5,NVIDIA GH200,67.0,96.0,1,12200000000,104,6.378
gemma3:12b,2516,0.5,1.0,10,5,NVIDIA GH200,67.0,96.0,1,12200000000,103,5.23
gemma3:12b,3444,0.5,1.0,10,5,NVIDIA GH200,67.0,96.0,1,12200000000,68,3.955
gemma3:12b,2486,0.5,1.0,10,5,NVIDIA GH200,67.0,96.0,1,12200000000,112,5.794
gemma3:12b,3445,0.5,1.0,10,5,NVIDIA GH200,67.0,96.0,1,12200000000,76,4.138
gemma3:12b,2576,0.5,1.0,10,5,NVIDIA GH200,67.0,96.0,1,12200000000,91,4.351
gemma3:12b,2643,0.5,1.0,10,5,NVIDIA GH200,67.0,96.0,1,12200000000,86,4.732
gemma3:12b,3566,0.5,1.0,10,5,NVIDIA GH200,67.0,96.0,1,12200000000,90,4.707
gemma3:12b,2712,0.5,1.0,10,5,NVIDIA GH200,67.0,96.0,1,12200000000,108,5.226
gemma3:12b,3557,0.5,1.0,10,5,NVIDIA GH200,67.0,96.0,1,12200000000,126,7.285
gemma3:12b,4549,0.5,1.0,10,5,NVIDIA GH200,67.0,96.0,1,12200000000,75,4.249
gemma3:12b,3607,0.5,1.0,10,5,NVIDIA GH200,67.0,96.0,1,12200000000,139,5.295
gemma3:12b,3728,0.5,1.0,10,5,NVIDIA GH200,67.0,96.0,1,12200000000,140,4.358
gemma3:12b,3760,0.5,1.0,10,5,NVIDIA GH200,67.0,96.0,1,12200000000,164,3.104
gemma3:12b,3966,0.5,1.0,10,5,NVIDIA GH200,67.0,96.0,1,12200000000,125,2.726
gemma3:12b,4969,0.5,1.0,10,5,NVIDIA GH200,67.0,96.0,1,12200000000,131,2.954
gemma3:12b,1235,0.5,1.0,10,5,NVIDIA A100-SXM4-40GB,19.49,40.0,4,12200000000,49,1.936
gemma3:12b,1235,0.5,1.0,10,5,NVIDIA A100-SXM4-40GB,19.49,40.0,4,12200000000,49,1.953
gemma3:12b,1235,0.5,1.0,10,5,NVIDIA A100-SXM4-40GB,19.49,40.0,4,12200000000,49,2.676
gemma3:12b,1235,0.5,1.0,10,5,NVIDIA A100-SXM4-40GB,19.49,40.0,4,12200000000,50,1.982
gemma3:12b,1235,0.5,1.0,10,5,NVIDIA A100-SXM4-40GB,19.49,40.0,4,12200000000,50,2.572
gemma3:12b,1329,0.5,1.0,10,5,NVIDIA A100-SXM4-40GB,19.49,40.0,4,12200000000,88,2.423
gemma3:12b,1329,0.5,1.0,10,5,NVIDIA A100-SXM4-40GB,19.49,40.0,4,12200000000,95,2.689
gemma3:12b,1330,0.5,1.0,10,5,NVIDIA A100-SXM4-40GB,19.49,40.0,4,12200000000,84,2.454
gemma3:12b,1330,0.5,1.0,10,5,NVIDIA A100-SXM4-40GB,19.49,40.0,4,12200000000,75,3.12
gemma3:12b,1329,0.5,1.0,10,5,NVIDIA A100-SXM4-40GB,19.49,40.0,4,12200000000,77,3.225
gemma3:12b,1447,0.5,1.0,10,5,NVIDIA A100-SXM4-40GB,19.49,40.0,4,12200000000,69,2.308
gemma3:12b,1428,0.5,1.0,10,5,NVIDIA A100-SXM4-40GB,19.49,40.0,4,12200000000,63,2.1
gemma3:12b,1438,0.5,1.0,10,5,NVIDIA A100-SXM4-40GB,19.49,40.0,4,12200000000,118,3.01
gemma3:12b,1435,0.5,1.0,10,5,NVIDIA A100-SXM4-40GB,19.49,40.0,4,12200000000,59,2.878
gemma3:12b,2394,0.5,1.0,10,5,NVIDIA A100-SXM4-40GB,19.49,40.0,4,12200000000,54,2.352
gemma3:12b,1420,0.5,1.0,10,5,NVIDIA A100-SXM4-40GB,19.49,40.0,4,12200000000,89,3.511
gemma3:12b,2399,0.5,1.0,10,5,NVIDIA A100-SXM4-40GB,19.49,40.0,4,12200000000,63,2.524
gemma3:12b,2464,0.5,1.0,10,5,NVIDIA A100-SXM4-40GB,19.49,40.0,4,12200000000,56,2.411
gemma3:12b,2372,0.5,1.0,10,5,NVIDIA A100-SXM4-40GB,19.49,40.0,4,12200000000,56,3.481
gemma3:12b,2417,0.5,1.0,10,5,NVIDIA A100-SXM4-40GB,19.49,40.0,4,12200000000,56,2.931
gemma3:12b,2491,0.5,1.0,10,5,NVIDIA A100-SXM4-40GB,19.49,40.0,4,12200000000,108,3.206
gemma3:12b,2505,0.5,1.0,10,5,NVIDIA A100-SXM4-40GB,19.49,40.0,4,12200000000,99,3.169
gemma3:12b,2563,0.5,1.0,10,5,NVIDIA A100-SXM4-40GB,19.49,40.0,4,12200000000,119,3.501
gemma3:12b,2641,0.5,1.0,10,5,NVIDIA A100-SXM4-40GB,19.49,40.0,4,12200000000,90,3.037
gemma3:12b,2634,0.5,1.0,10,5,NVIDIA A100-SXM4-40GB,19.49,40.0,4,12200000000,91,2.955
gemma3:12b,2471,0.5,1.0,10,5,NVIDIA A100-SXM4-40GB,19.49,40.0,4,12200000000,93,4.36
gemma3:12b,2724,0.5,1.0,10,5,NVIDIA A100-SXM4-40GB,19.49,40.0,4,12200000000,103,3.315
gemma3:12b,2516,0.5,1.0,10,5,NVIDIA A100-SXM4-40GB,19.49,40.0,4,12200000000,133,5.965
gemma3:12b,3636,0.5,1.0,10,5,NVIDIA A100-SXM4-40GB,19.49,40.0,4,12200000000,84,3.337
gemma3:12b,2606,0.5,1.0,10,5,NVIDIA A100-SXM4-40GB,19.49,40.0,4,12200000000,76,4.12
gemma3:12b,3736,0.5,1.0,10,5,NVIDIA A100-SXM4-40GB,19.49,40.0,4,12200000000,120,3.841
gemma3:12b,3761,0.5,1.0,10,5,NVIDIA A100-SXM4-40GB,19.49,40.0,4,12200000000,103,3.67
gemma3:12b,2691,0.5,1.0,10,5,NVIDIA A100-SXM4-40GB,19.49,40.0,4,12200000000,89,4.677
gemma3:12b,3590,0.5,1.0,10,5,NVIDIA A100-SXM4-40GB,19.49,40.0,4,12200000000,60,4.454
gemma3:12b,3904,0.5,1.0,10,5,NVIDIA A100-SXM4-40GB,19.49,40.0,4,12200000000,125,4.026
gemma3:12b,3673,0.5,1.0,10,5,NVIDIA A100-SXM4-40GB,19.49,40.0,4,12200000000,100,5.333
gemma3:12b,3692,0.5,1.0,10,5,NVIDIA A100-SXM4-40GB,19.49,40.0,4,12200000000,75,3.458
gemma3:12b,3808,0.5,1.0,10,5,NVIDIA A100-SXM4-40GB,19.49,40.0,4,12200000000,92,5.041
gemma3:12b,3800,0.5,1.0,10,5,NVIDIA A100-SXM4-40GB,19.49,40.0,4,12200000000,147,8.109
gemma3:12b,4804,0.5,1.0,10,5,NVIDIA A100-SXM4-40GB,19.49,40.0,4,12200000000,181,7.531
gemma3:12b,3992,0.5,1.0,10,5,NVIDIA A100-SXM4-40GB,19.49,40.0,4,12200000000,260,7.033
gemma3:12b,1235,0.5,1.0,10,10,NVIDIA GH200,67.0,96.0,1,12200000000,49,4.137
gemma3:12b,1235,0.5,1.0,10,10,NVIDIA GH200,67.0,96.0,1,12200000000,49,4.105
gemma3:12b,1235,0.5,1.0,10,10,NVIDIA GH200,67.0,96.0,1,12200000000,51,4.11
gemma3:12b,1235,0.5,1.0,10,10,NVIDIA GH200,67.0,96.0,1,12200000000,50,3.985
gemma3:12b,1235,0.5,1.0,10,10,NVIDIA GH200,67.0,96.0,1,12200000000,49,3.887
gemma3:12b,1235,0.5,1.0,10,10,NVIDIA GH200,67.0,96.0,1,12200000000,50,3.419
gemma3:12b,1235,0.5,1.0,10,10,NVIDIA GH200,67.0,96.0,1,12200000000,51,4.199
gemma3:12b,1235,0.5,1.0,10,10,NVIDIA GH200,67.0,96.0,1,12200000000,50,3.451
gemma3:12b,1235,0.5,1.0,10,10,NVIDIA GH200,67.0,96.0,1,12200000000,53,4.243
gemma3:12b,1235,0.5,1.0,10,10,NVIDIA GH200,67.0,96.0,1,12200000000,53,4.031
gemma3:12b,1330,0.5,1.0,10,10,NVIDIA GH200,67.0,96.0,1,12200000000,75,4.791
gemma3:12b,1331,0.5,1.0,10,10,NVIDIA GH200,67.0,96.0,1,12200000000,75,4.784
gemma3:12b,1329,0.5,1.0,10,10,NVIDIA GH200,67.0,96.0,1,12200000000,84,5.022
gemma3:12b,1333,0.5,1.0,10,10,NVIDIA GH200,67.0,96.0,1,12200000000,84,4.93
gemma3:12b,1333,0.5,1.0,10,10,NVIDIA GH200,67.0,96.0,1,12200000000,83,4.959
gemma3:12b,1330,0.5,1.0,10,10,NVIDIA GH200,67.0,96.0,1,12200000000,85,4.995
gemma3:12b,1329,0.5,1.0,10,10,NVIDIA GH200,67.0,96.0,1,12200000000,90,5.503
gemma3:12b,1329,0.5,1.0,10,10,NVIDIA GH200,67.0,96.0,1,12200000000,101,7.398
gemma3:12b,1331,0.5,1.0,10,10,NVIDIA GH200,67.0,96.0,1,12200000000,104,7.434
gemma3:12b,1330,0.5,1.0,10,10,NVIDIA GH200,67.0,96.0,1,12200000000,103,7.51
gemma3:12b,1449,0.5,1.0,10,10,NVIDIA GH200,67.0,96.0,1,12200000000,50,3.907
gemma3:12b,1436,0.5,1.0,10,10,NVIDIA GH200,67.0,96.0,1,12200000000,54,4.639
gemma3:12b,1443,0.5,1.0,10,10,NVIDIA GH200,67.0,96.0,1,12200000000,57,4.584
gemma3:12b,1445,0.5,1.0,10,10,NVIDIA GH200,67.0,96.0,1,12200000000,57,4.535
gemma3:12b,1419,0.5,1.0,10,10,NVIDIA GH200,67.0,96.0,1,12200000000,64,4.927
gemma3:12b,1430,0.5,1.0,10,10,NVIDIA GH200,67.0,96.0,1,12200000000,62,4.762
gemma3:12b,1431,0.5,1.0,10,10,NVIDIA GH200,67.0,96.0,1,12200000000,73,8.07
gemma3:12b,1444,0.5,1.0,10,10,NVIDIA GH200,67.0,96.0,1,12200000000,59,5.864
gemma3:12b,1447,0.5,1.0,10,10,NVIDIA GH200,67.0,96.0,1,12200000000,69,6.837
gemma3:12b,2407,0.5,1.0,10,10,NVIDIA GH200,67.0,96.0,1,12200000000,46,5.98
gemma3:12b,2397,0.5,1.0,10,10,NVIDIA GH200,67.0,96.0,1,12200000000,48,6.139
gemma3:12b,1478,0.5,1.0,10,10,NVIDIA GH200,67.0,96.0,1,12200000000,106,8.31
gemma3:12b,2397,0.5,1.0,10,10,NVIDIA GH200,67.0,96.0,1,12200000000,50,5.216
gemma3:12b,2411,0.5,1.0,10,10,NVIDIA GH200,67.0,96.0,1,12200000000,52,5.18
gemma3:12b,2409,0.5,1.0,10,10,NVIDIA GH200,67.0,96.0,1,12200000000,76,8.76
gemma3:12b,2391,0.5,1.0,10,10,NVIDIA GH200,67.0,96.0,1,12200000000,76,8.706
gemma3:12b,2400,0.5,1.0,10,10,NVIDIA GH200,67.0,96.0,1,12200000000,87,8.843
gemma3:12b,2424,0.5,1.0,10,10,NVIDIA GH200,67.0,96.0,1,12200000000,56,4.682
gemma3:12b,2406,0.5,1.0,10,10,NVIDIA GH200,67.0,96.0,1,12200000000,93,11.86
gemma3:12b,3356,0.5,1.0,10,10,NVIDIA GH200,67.0,96.0,1,12200000000,47,7.021
gemma3:12b,2492,0.5,1.0,10,10,NVIDIA GH200,67.0,96.0,1,12200000000,55,6.813
gemma3:12b,3348,0.5,1.0,10,10,NVIDIA GH200,67.0,96.0,1,12200000000,49,7.058
gemma3:12b,2523,0.5,1.0,10,10,NVIDIA GH200,67.0,96.0,1,12200000000,65,6.786
gemma3:12b,2490,0.5,1.0,10,10,NVIDIA GH200,67.0,96.0,1,12200000000,73,7.75
gemma3:12b,2515,0.5,1.0,10,10,NVIDIA GH200,67.0,96.0,1,12200000000,76,7.766
gemma3:12b,2544,0.5,1.0,10,10,NVIDIA GH200,67.0,96.0,1,12200000000,84,7.301
gemma3:12b,3451,0.5,1.0,10,10,NVIDIA GH200,67.0,96.0,1,12200000000,49,5.991
gemma3:12b,2510,0.5,1.0,10,10,NVIDIA GH200,67.0,96.0,1,12200000000,119,12.116
gemma3:12b,3442,0.5,1.0,10,10,NVIDIA GH200,67.0,96.0,1,12200000000,75,7.984
gemma3:12b,2506,0.5,1.0,10,10,NVIDIA GH200,67.0,96.0,1,12200000000,130,12.512
gemma3:12b,3448,0.5,1.0,10,10,NVIDIA GH200,67.0,96.0,1,12200000000,92,9.445
gemma3:12b,3491,0.5,1.0,10,10,NVIDIA GH200,67.0,96.0,1,12200000000,48,7.071
gemma3:12b,2621,0.5,1.0,10,10,NVIDIA GH200,67.0,96.0,1,12200000000,76,9.023
gemma3:12b,2605,0.5,1.0,10,10,NVIDIA GH200,67.0,96.0,1,12200000000,88,9.781
gemma3:12b,3570,0.5,1.0,10,10,NVIDIA GH200,67.0,96.0,1,12200000000,64,5.863
gemma3:12b,2642,0.5,1.0,10,10,NVIDIA GH200,67.0,96.0,1,12200000000,111,9.436
gemma3:12b,2678,0.5,1.0,10,10,NVIDIA GH200,67.0,96.0,1,12200000000,90,8.051
gemma3:12b,2659,0.5,1.0,10,10,NVIDIA GH200,67.0,96.0,1,12200000000,99,9.666
gemma3:12b,3545,0.5,1.0,10,10,NVIDIA GH200,67.0,96.0,1,12200000000,134,12.104
gemma3:12b,3584,0.5,1.0,10,10,NVIDIA GH200,67.0,96.0,1,12200000000,103,8.583
gemma3:12b,3562,0.5,1.0,10,10,NVIDIA GH200,67.0,96.0,1,12200000000,118,10.934
gemma3:12b,3590,0.5,1.0,10,10,NVIDIA GH200,67.0,96.0,1,12200000000,76,6.462
gemma3:12b,3586,0.5,1.0,10,10,NVIDIA GH200,67.0,96.0,1,12200000000,117,9.888
gemma3:12b,4542,0.5,1.0,10,10,NVIDIA GH200,67.0,96.0,1,12200000000,92,9.113
gemma3:12b,4565,0.5,1.0,10,10,NVIDIA GH200,67.0,96.0,1,12200000000,62,6.44
gemma3:12b,3666,0.5,1.0,10,10,NVIDIA GH200,67.0,96.0,1,12200000000,101,8.43
gemma3:12b,3696,0.5,1.0,10,10,NVIDIA GH200,67.0,96.0,1,12200000000,78,8.128
gemma3:12b,3661,0.5,1.0,10,10,NVIDIA GH200,67.0,96.0,1,12200000000,126,10.965
gemma3:12b,4573,0.5,1.0,10,10,NVIDIA GH200,67.0,96.0,1,12200000000,127,10.778
gemma3:12b,3717,0.5,1.0,10,10,NVIDIA GH200,67.0,96.0,1,12200000000,117,7.848
gemma3:12b,3804,0.5,1.0,10,10,NVIDIA GH200,67.0,96.0,1,12200000000,76,3.957
gemma3:12b,4672,0.5,1.0,10,10,NVIDIA GH200,67.0,96.0,1,12200000000,112,6.195
gemma3:12b,4679,0.5,1.0,10,10,NVIDIA GH200,67.0,96.0,1,12200000000,121,7.138
gemma3:12b,3832,0.5,1.0,10,10,NVIDIA GH200,67.0,96.0,1,12200000000,106,7.38
gemma3:12b,4773,0.5,1.0,10,10,NVIDIA GH200,67.0,96.0,1,12200000000,78,5.816
gemma3:12b,4831,0.5,1.0,10,10,NVIDIA GH200,67.0,96.0,1,12200000000,111,7.079
gemma3:12b,3848,0.5,1.0,10,10,NVIDIA GH200,67.0,96.0,1,12200000000,117,7.788
gemma3:12b,4881,0.5,1.0,10,10,NVIDIA GH200,67.0,96.0,1,12200000000,78,5.579
gemma3:12b,3952,0.5,1.0,10,10,NVIDIA GH200,67.0,96.0,1,12200000000,173,8.019
gemma3:12b,5848,0.5,1.0,10,10,NVIDIA GH200,67.0,96.0,1,12200000000,95,5.902
gemma3:12b,4843,0.5,1.0,10,10,NVIDIA GH200,67.0,96.0,1,12200000000,117,7.336
gemma3:12b,4989,0.5,1.0,10,10,NVIDIA GH200,67.0,96.0,1,12200000000,78,5.503
gemma3:12b,4974,0.5,1.0,10,10,NVIDIA GH200,67.0,96.0,1,12200000000,115,5.157
gemma3:12b,5960,0.5,1.0,10,10,NVIDIA GH200,67.0,96.0,1,12200000000,78,3.325
gemma3:12b,5987,0.5,1.0,10,10,NVIDIA GH200,67.0,96.0,1,12200000000,171,9.239
gemma3:12b,6068,0.5,1.0,10,10,NVIDIA GH200,67.0,96.0,1,12200000000,78,4.264
gemma3:12b,5103,0.5,1.0,10,10,NVIDIA GH200,67.0,96.0,1,12200000000,108,4.6
gemma3:12b,6176,0.5,1.0,10,10,NVIDIA GH200,67.0,96.0,1,12200000000,78,2.748
gemma3:12b,7147,0.5,1.0,10,10,NVIDIA GH200,67.0,96.0,1,12200000000,78,2.991
gemma3:12b,7255,0.5,1.0,10,10,NVIDIA GH200,67.0,96.0,1,12200000000,78,3.034
gemma3:12b,7363,0.5,1.0,10,10,NVIDIA GH200,67.0,96.0,1,12200000000,78,3.054
gemma3:12b,8334,0.5,1.0,10,10,NVIDIA GH200,67.0,96.0,1,12200000000,28,2.488
gemma3:12b,1235,0.5,1.0,10,10,NVIDIA A100-SXM4-40GB,19.49,40.0,4,12200000000,49,2.574
gemma3:12b,1235,0.5,1.0,10,10,NVIDIA A100-SXM4-40GB,19.49,40.0,4,12200000000,49,2.567
gemma3:12b,1235,0.5,1.0,10,10,NVIDIA A100-SXM4-40GB,19.49,40.0,4,12200000000,53,2.709
gemma3:12b,1235,0.5,1.0,10,10,NVIDIA A100-SXM4-40GB,19.49,40.0,4,12200000000,51,2.341
gemma3:12b,1235,0.5,1.0,10,10,NVIDIA A100-SXM4-40GB,19.49,40.0,4,12200000000,49,3.336
gemma3:12b,1235,0.5,1.0,10,10,NVIDIA A100-SXM4-40GB,19.49,40.0,4,12200000000,49,3.28
gemma3:12b,1235,0.5,1.0,10,10,NVIDIA A100-SXM4-40GB,19.49,40.0,4,12200000000,50,3.281
gemma3:12b,1235,0.5,1.0,10,10,NVIDIA A100-SXM4-40GB,19.49,40.0,4,12200000000,53,3.177
gemma3:12b,1235,0.5,1.0,10,10,NVIDIA A100-SXM4-40GB,19.49,40.0,4,12200000000,53,2.805
gemma3:12b,1235,0.5,1.0,10,10,NVIDIA A100-SXM4-40GB,19.49,40.0,4,12200000000,49,3.185
gemma3:12b,1329,0.5,1.0,10,10,NVIDIA A100-SXM4-40GB,19.49,40.0,4,12200000000,69,2.862
gemma3:12b,1333,0.5,1.0,10,10,NVIDIA A100-SXM4-40GB,19.49,40.0,4,12200000000,68,2.97
gemma3:12b,1331,0.5,1.0,10,10,NVIDIA A100-SXM4-40GB,19.49,40.0,4,12200000000,84,3.221
gemma3:12b,1329,0.5,1.0,10,10,NVIDIA A100-SXM4-40GB,19.49,40.0,4,12200000000,109,4.199
gemma3:12b,1333,0.5,1.0,10,10,NVIDIA A100-SXM4-40GB,19.49,40.0,4,12200000000,68,3.632
gemma3:12b,1330,0.5,1.0,10,10,NVIDIA A100-SXM4-40GB,19.49,40.0,4,12200000000,75,3.877
gemma3:12b,1329,0.5,1.0,10,10,NVIDIA A100-SXM4-40GB,19.49,40.0,4,12200000000,85,4.092
gemma3:12b,1333,0.5,1.0,10,10,NVIDIA A100-SXM4-40GB,19.49,40.0,4,12200000000,92,4.059
gemma3:12b,1445,0.5,1.0,10,10,NVIDIA A100-SXM4-40GB,19.49,40.0,4,12200000000,54,2.509
gemma3:12b,1329,0.5,1.0,10,10,NVIDIA A100-SXM4-40GB,19.49,40.0,4,12200000000,100,5.022
gemma3:12b,1431,0.5,1.0,10,10,NVIDIA A100-SXM4-40GB,19.49,40.0,4,12200000000,73,3.008
gemma3:12b,1441,0.5,1.0,10,10,NVIDIA A100-SXM4-40GB,19.49,40.0,4,12200000000,87,3.226
gemma3:12b,1452,0.5,1.0,10,10,NVIDIA A100-SXM4-40GB,19.49,40.0,4,12200000000,62,2.287
gemma3:12b,1329,0.5,1.0,10,10,NVIDIA A100-SXM4-40GB,19.49,40.0,4,12200000000,68,3.725
gemma3:12b,1455,0.5,1.0,10,10,NVIDIA A100-SXM4-40GB,19.49,40.0,4,12200000000,58,3.118
gemma3:12b,1444,0.5,1.0,10,10,NVIDIA A100-SXM4-40GB,19.49,40.0,4,12200000000,50,3.239
gemma3:12b,1431,0.5,1.0,10,10,NVIDIA A100-SXM4-40GB,19.49,40.0,4,12200000000,66,3.69
gemma3:12b,1419,0.5,1.0,10,10,NVIDIA A100-SXM4-40GB,19.49,40.0,4,12200000000,64,3.632
gemma3:12b,1443,0.5,1.0,10,10,NVIDIA A100-SXM4-40GB,19.49,40.0,4,12200000000,63,2.638
gemma3:12b,2411,0.5,1.0,10,10,NVIDIA A100-SXM4-40GB,19.49,40.0,4,12200000000,37,2.79
gemma3:12b,2406,0.5,1.0,10,10,NVIDIA A100-SXM4-40GB,19.49,40.0,4,12200000000,49,3.209
gemma3:12b,2407,0.5,1.0,10,10,NVIDIA A100-SXM4-40GB,19.49,40.0,4,12200000000,54,3.16
gemma3:12b,2421,0.5,1.0,10,10,NVIDIA A100-SXM4-40GB,19.49,40.0,4,12200000000,62,3.624
gemma3:12b,1427,0.5,1.0,10,10,NVIDIA A100-SXM4-40GB,19.49,40.0,4,12200000000,54,3.963
gemma3:12b,2375,0.5,1.0,10,10,NVIDIA A100-SXM4-40GB,19.49,40.0,4,12200000000,52,4.416
gemma3:12b,2401,0.5,1.0,10,10,NVIDIA A100-SXM4-40GB,19.49,40.0,4,12200000000,51,4.477
gemma3:12b,2414,0.5,1.0,10,10,NVIDIA A100-SXM4-40GB,19.49,40.0,4,12200000000,56,4.394
gemma3:12b,3351,0.5,1.0,10,10,NVIDIA A100-SXM4-40GB,19.49,40.0,4,12200000000,51,4.109
gemma3:12b,3358,0.5,1.0,10,10,NVIDIA A100-SXM4-40GB,19.49,40.0,4,12200000000,49,3.949
gemma3:12b,2504,0.5,1.0,10,10,NVIDIA A100-SXM4-40GB,19.49,40.0,4,12200000000,66,3.693
gemma3:12b,2528,0.5,1.0,10,10,NVIDIA A100-SXM4-40GB,19.49,40.0,4,12200000000,97,4.686
gemma3:12b,2420,0.5,1.0,10,10,NVIDIA A100-SXM4-40GB,19.49,40.0,4,12200000000,104,6.569
gemma3:12b,2388,0.5,1.0,10,10,NVIDIA A100-SXM4-40GB,19.49,40.0,4,12200000000,88,4.504
gemma3:12b,2391,0.5,1.0,10,10,NVIDIA A100-SXM4-40GB,19.49,40.0,4,12200000000,85,7.218
gemma3:12b,3473,0.5,1.0,10,10,NVIDIA A100-SXM4-40GB,19.49,40.0,4,12200000000,47,3.843
gemma3:12b,3447,0.5,1.0,10,10,NVIDIA A100-SXM4-40GB,19.49,40.0,4,12200000000,68,4.509
gemma3:12b,3355,0.5,1.0,10,10,NVIDIA A100-SXM4-40GB,19.49,40.0,4,12200000000,47,4.917
gemma3:12b,3452,0.5,1.0,10,10,NVIDIA A100-SXM4-40GB,19.49,40.0,4,12200000000,84,4.749
gemma3:12b,2470,0.5,1.0,10,10,NVIDIA A100-SXM4-40GB,19.49,40.0,4,12200000000,94,5.677
gemma3:12b,2513,0.5,1.0,10,10,NVIDIA A100-SXM4-40GB,19.49,40.0,4,12200000000,89,6.766
gemma3:12b,2655,0.5,1.0,10,10,NVIDIA A100-SXM4-40GB,19.49,40.0,4,12200000000,120,5.322
gemma3:12b,2521,0.5,1.0,10,10,NVIDIA A100-SXM4-40GB,19.49,40.0,4,12200000000,93,5.24
gemma3:12b,3534,0.5,1.0,10,10,NVIDIA A100-SXM4-40GB,19.49,40.0,4,12200000000,61,3.064
gemma3:12b,2569,0.5,1.0,10,10,NVIDIA A100-SXM4-40GB,19.49,40.0,4,12200000000,111,5.887
gemma3:12b,2519,0.5,1.0,10,10,NVIDIA A100-SXM4-40GB,19.49,40.0,4,12200000000,98,5.053
gemma3:12b,2594,0.5,1.0,10,10,NVIDIA A100-SXM4-40GB,19.49,40.0,4,12200000000,98,3.447
gemma3:12b,3560,0.5,1.0,10,10,NVIDIA A100-SXM4-40GB,19.49,40.0,4,12200000000,71,4.442
gemma3:12b,3581,0.5,1.0,10,10,NVIDIA A100-SXM4-40GB,19.49,40.0,4,12200000000,85,4.523
gemma3:12b,3447,0.5,1.0,10,10,NVIDIA A100-SXM4-40GB,19.49,40.0,4,12200000000,85,5.783
gemma3:12b,4503,0.5,1.0,10,10,NVIDIA A100-SXM4-40GB,19.49,40.0,4,12200000000,54,3.15
gemma3:12b,2640,0.5,1.0,10,10,NVIDIA A100-SXM4-40GB,19.49,40.0,4,12200000000,46,3.42
gemma3:12b,3597,0.5,1.0,10,10,NVIDIA A100-SXM4-40GB,19.49,40.0,4,12200000000,74,3.16
gemma3:12b,2647,0.5,1.0,10,10,NVIDIA A100-SXM4-40GB,19.49,40.0,4,12200000000,72,4.987
gemma3:12b,4524,0.5,1.0,10,10,NVIDIA A100-SXM4-40GB,19.49,40.0,4,12200000000,37,4.557
gemma3:12b,4587,0.5,1.0,10,10,NVIDIA A100-SXM4-40GB,19.49,40.0,4,12200000000,53,3.068
gemma3:12b,3577,0.5,1.0,10,10,NVIDIA A100-SXM4-40GB,19.49,40.0,4,12200000000,91,3.572
gemma3:12b,3714,0.5,1.0,10,10,NVIDIA A100-SXM4-40GB,19.49,40.0,4,12200000000,103,3.671
gemma3:12b,4559,0.5,1.0,10,10,NVIDIA A100-SXM4-40GB,19.49,40.0,4,12200000000,79,6.938
gemma3:12b,5464,0.5,1.0,10,10,NVIDIA A100-SXM4-40GB,19.49,40.0,4,12200000000,80,4.079
gemma3:12b,4576,0.5,1.0,10,10,NVIDIA A100-SXM4-40GB,19.49,40.0,4,12200000000,125,4.382
gemma3:12b,3857,0.5,1.0,10,10,NVIDIA A100-SXM4-40GB,19.49,40.0,4,12200000000,118,4.137
gemma3:12b,5589,0.5,1.0,10,10,NVIDIA A100-SXM4-40GB,19.49,40.0,4,12200000000,132,4.781
gemma3:12b,4883,0.5,1.0,10,10,NVIDIA A100-SXM4-40GB,19.49,40.0,4,12200000000,105,4.094
gemma3:12b,1235,0.5,0.9,20,1,NVIDIA GH200,67.0,96.0,1,12200000000,49,1.226
gemma3:12b,1329,0.5,0.9,20,1,NVIDIA GH200,67.0,96.0,1,12200000000,84,1.528
gemma3:12b,1427,0.5,0.9,20,1,NVIDIA GH200,67.0,96.0,1,12200000000,62,1.367
gemma3:12b,2397,0.5,0.9,20,1,NVIDIA GH200,67.0,96.0,1,12200000000,54,1.457
gemma3:12b,2494,0.5,0.9,20,1,NVIDIA GH200,67.0,96.0,1,12200000000,143,2.484
gemma3:12b,2679,0.5,0.9,20,1,NVIDIA GH200,67.0,96.0,1,12200000000,83,1.855
gemma3:12b,3667,0.5,0.9,20,1,NVIDIA GH200,67.0,96.0,1,12200000000,88,2.131
gemma3:12b,3796,0.5,0.9,20,1,NVIDIA GH200,67.0,96.0,1,12200000000,119,2.535
gemma3:12b,3931,0.5,0.9,20,1,NVIDIA GH200,67.0,96.0,1,12200000000,25,1.423
gemma3:12b,1235,0.5,0.9,20,1,NVIDIA A100-SXM4-40GB,19.49,40.0,4,12200000000,53,2.15
gemma3:12b,1333,0.5,0.9,20,1,NVIDIA A100-SXM4-40GB,19.49,40.0,4,12200000000,97,2.629
gemma3:12b,1473,0.5,0.9,20,1,NVIDIA A100-SXM4-40GB,19.49,40.0,4,12200000000,112,2.988
gemma3:12b,2490,0.5,0.9,20,1,NVIDIA A100-SXM4-40GB,19.49,40.0,4,12200000000,115,3.394
gemma3:12b,3509,0.5,0.9,20,1,NVIDIA A100-SXM4-40GB,19.49,40.0,4,12200000000,51,2.853
gemma3:12b,3605,0.5,0.9,20,1,NVIDIA A100-SXM4-40GB,19.49,40.0,4,12200000000,113,3.831
gemma3:12b,3761,0.5,0.9,20,1,NVIDIA A100-SXM4-40GB,19.49,40.0,4,12200000000,89,3.566
gemma3:12b,4743,0.5,0.9,20,1,NVIDIA A100-SXM4-40GB,19.49,40.0,4,12200000000,62,3.505
gemma3:12b,4850,0.5,0.9,20,1,NVIDIA A100-SXM4-40GB,19.49,40.0,4,12200000000,137,4.738
gemma3:12b,1235,0.5,0.9,20,5,NVIDIA GH200,67.0,96.0,1,12200000000,49,2.724
gemma3:12b,1235,0.5,0.9,20,5,NVIDIA GH200,67.0,96.0,1,12200000000,49,2.67
gemma3:12b,1235,0.5,0.9,20,5,NVIDIA GH200,67.0,96.0,1,12200000000,49,2.303
gemma3:12b,1235,0.5,0.9,20,5,NVIDIA GH200,67.0,96.0,1,12200000000,53,2.834
gemma3:12b,1235,0.5,0.9,20,5,NVIDIA GH200,67.0,96.0,1,12200000000,53,2.857
gemma3:12b,1329,0.5,0.9,20,5,NVIDIA GH200,67.0,96.0,1,12200000000,76,3.407
gemma3:12b,1329,0.5,0.9,20,5,NVIDIA GH200,67.0,96.0,1,12200000000,83,3.524
gemma3:12b,1329,0.5,0.9,20,5,NVIDIA GH200,67.0,96.0,1,12200000000,90,3.933
gemma3:12b,1333,0.5,0.9,20,5,NVIDIA GH200,67.0,96.0,1,12200000000,103,4.668
gemma3:12b,1333,0.5,0.9,20,5,NVIDIA GH200,67.0,96.0,1,12200000000,102,4.094
gemma3:12b,1435,0.5,0.9,20,5,NVIDIA GH200,67.0,96.0,1,12200000000,50,2.608
gemma3:12b,1449,0.5,0.9,20,5,NVIDIA GH200,67.0,96.0,1,12200000000,54,2.878
gemma3:12b,1426,0.5,0.9,20,5,NVIDIA GH200,67.0,96.0,1,12200000000,62,3.486
gemma3:12b,1466,0.5,0.9,20,5,NVIDIA GH200,67.0,96.0,1,12200000000,80,4.099
gemma3:12b,1465,0.5,0.9,20,5,NVIDIA GH200,67.0,96.0,1,12200000000,62,3.392
gemma3:12b,2410,0.5,0.9,20,5,NVIDIA GH200,67.0,96.0,1,12200000000,52,2.852
gemma3:12b,2392,0.5,0.9,20,5,NVIDIA GH200,67.0,96.0,1,12200000000,69,4.568
gemma3:12b,2396,0.5,0.9,20,5,NVIDIA GH200,67.0,96.0,1,12200000000,56,4.244
gemma3:12b,2453,0.5,0.9,20,5,NVIDIA GH200,67.0,96.0,1,12200000000,45,4.059
gemma3:12b,2434,0.5,0.9,20,5,NVIDIA GH200,67.0,96.0,1,12200000000,53,4.078
gemma3:12b,3365,0.5,0.9,20,5,NVIDIA GH200,67.0,96.0,1,12200000000,47,3.954
gemma3:12b,2506,0.5,0.9,20,5,NVIDIA GH200,67.0,96.0,1,12200000000,57,5.158
gemma3:12b,3401,0.5,0.9,20,5,NVIDIA GH200,67.0,96.0,1,12200000000,51,4.353
gemma3:12b,3390,0.5,0.9,20,5,NVIDIA GH200,67.0,96.0,1,12200000000,51,4.159
gemma3:12b,2495,0.5,0.9,20,5,NVIDIA GH200,67.0,96.0,1,12200000000,129,7.912
gemma3:12b,2577,0.5,0.9,20,5,NVIDIA GH200,67.0,96.0,1,12200000000,63,4.072
gemma3:12b,3457,0.5,0.9,20,5,NVIDIA GH200,67.0,96.0,1,12200000000,90,6.381
gemma3:12b,3592,0.5,0.9,20,5,NVIDIA GH200,67.0,96.0,1,12200000000,61,3.309
gemma3:12b,3548,0.5,0.9,20,5,NVIDIA GH200,67.0,96.0,1,12200000000,71,3.558
gemma3:12b,2666,0.5,0.9,20,5,NVIDIA GH200,67.0,96.0,1,12200000000,75,4.165
gemma3:12b,3497,0.5,0.9,20,5,NVIDIA GH200,67.0,96.0,1,12200000000,103,6.235
gemma3:12b,3486,0.5,0.9,20,5,NVIDIA GH200,67.0,96.0,1,12200000000,102,6.221
gemma3:12b,3634,0.5,0.9,20,5,NVIDIA GH200,67.0,96.0,1,12200000000,64,4.993
gemma3:12b,4546,0.5,0.9,20,5,NVIDIA GH200,67.0,96.0,1,12200000000,80,5.35
gemma3:12b,3645,0.5,0.9,20,5,NVIDIA GH200,67.0,96.0,1,12200000000,87,5.636
gemma3:12b,3633,0.5,0.9,20,5,NVIDIA GH200,67.0,96.0,1,12200000000,93,7.071
gemma3:12b,4625,0.5,0.9,20,5,NVIDIA GH200,67.0,96.0,1,12200000000,45,4.429
gemma3:12b,3741,0.5,0.9,20,5,NVIDIA GH200,67.0,96.0,1,12200000000,82,6.904
gemma3:12b,4619,0.5,0.9,20,5,NVIDIA GH200,67.0,96.0,1,12200000000,98,6.03
gemma3:12b,4671,0.5,0.9,20,5,NVIDIA GH200,67.0,96.0,1,12200000000,141,8.569
gemma3:12b,5573,0.5,0.9,20,5,NVIDIA GH200,67.0,96.0,1,12200000000,73,3.926
gemma3:12b,3862,0.5,0.9,20,5,NVIDIA GH200,67.0,96.0,1,12200000000,82,3.737
gemma3:12b,5676,0.5,0.9,20,5,NVIDIA GH200,67.0,96.0,1,12200000000,73,3.804
gemma3:12b,4846,0.5,0.9,20,5,NVIDIA GH200,67.0,96.0,1,12200000000,70,2.879
gemma3:12b,5779,0.5,0.9,20,5,NVIDIA GH200,67.0,96.0,1,12200000000,73,3.879
gemma3:12b,4961,0.5,0.9,20,5,NVIDIA GH200,67.0,96.0,1,12200000000,104,4.237
gemma3:12b,6745,0.5,0.9,20,5,NVIDIA GH200,67.0,96.0,1,12200000000,75,2.861
gemma3:12b,6850,0.5,0.9,20,5,NVIDIA GH200,67.0,96.0,1,12200000000,75,2.814
gemma3:12b,6955,0.5,0.9,20,5,NVIDIA GH200,67.0,96.0,1,12200000000,75,2.836
gemma3:12b,7923,0.5,0.9,20,5,NVIDIA GH200,67.0,96.0,1,12200000000,73,3.163
gemma3:12b,8026,0.5,0.9,20,5,NVIDIA GH200,67.0,96.0,1,12200000000,73,3.166
gemma3:12b,8129,0.5,0.9,20,5,NVIDIA GH200,67.0,96.0,1,12200000000,73,3.178
gemma3:12b,9095,0.5,0.9,20,5,NVIDIA GH200,67.0,96.0,1,12200000000,73,3.184
gemma3:12b,9198,0.5,0.9,20,5,NVIDIA GH200,67.0,96.0,1,12200000000,73,3.178
gemma3:12b,9301,0.5,0.9,20,5,NVIDIA GH200,67.0,96.0,1,12200000000,73,3.183
gemma3:12b,10267,0.5,0.9,20,5,NVIDIA GH200,67.0,96.0,1,12200000000,75,3.216
gemma3:12b,10372,0.5,0.9,20,5,NVIDIA GH200,67.0,96.0,1,12200000000,75,3.22
gemma3:12b,10477,0.5,0.9,20,5,NVIDIA GH200,67.0,96.0,1,12200000000,75,3.216
gemma3:12b,11445,0.5,0.9,20,5,NVIDIA GH200,67.0,96.0,1,12200000000,66,3.15
gemma3:12b,11525,0.5,0.9,20,5,NVIDIA GH200,67.0,96.0,1,12200000000,65,3.153
gemma3:12b,11781,0.5,0.9,20,5,NVIDIA GH200,67.0,96.0,1,12200000000,80,3.221
gemma3:12b,1235,0.5,0.9,20,5,NVIDIA A100-SXM4-40GB,19.49,40.0,4,12200000000,50,1.929
gemma3:12b,1235,0.5,0.9,20,5,NVIDIA A100-SXM4-40GB,19.49,40.0,4,12200000000,49,2.024
gemma3:12b,1235,0.5,0.9,20,5,NVIDIA A100-SXM4-40GB,19.49,40.0,4,12200000000,49,1.992
gemma3:12b,1235,0.5,0.9,20,5,NVIDIA A100-SXM4-40GB,19.49,40.0,4,12200000000,49,2.706
gemma3:12b,1235,0.5,0.9,20,5,NVIDIA A100-SXM4-40GB,19.49,40.0,4,12200000000,50,2.649
gemma3:12b,1330,0.5,0.9,20,5,NVIDIA A100-SXM4-40GB,19.49,40.0,4,12200000000,86,2.481
gemma3:12b,1329,0.5,0.9,20,5,NVIDIA A100-SXM4-40GB,19.49,40.0,4,12200000000,89,2.473
gemma3:12b,1329,0.5,0.9,20,5,NVIDIA A100-SXM4-40GB,19.49,40.0,4,12200000000,88,2.487
gemma3:12b,1329,0.5,0.9,20,5,NVIDIA A100-SXM4-40GB,19.49,40.0,4,12200000000,77,3.146
gemma3:12b,1330,0.5,0.9,20,5,NVIDIA A100-SXM4-40GB,19.49,40.0,4,12200000000,84,3.255
gemma3:12b,1446,0.5,0.9,20,5,NVIDIA A100-SXM4-40GB,19.49,40.0,4,12200000000,64,2.068
gemma3:12b,1432,0.5,0.9,20,5,NVIDIA A100-SXM4-40GB,19.49,40.0,4,12200000000,60,2.057
gemma3:12b,1431,0.5,0.9,20,5,NVIDIA A100-SXM4-40GB,19.49,40.0,4,12200000000,100,2.694
gemma3:12b,2400,0.5,0.9,20,5,NVIDIA A100-SXM4-40GB,19.49,40.0,4,12200000000,50,2.188
gemma3:12b,1428,0.5,0.9,20,5,NVIDIA A100-SXM4-40GB,19.49,40.0,4,12200000000,58,2.871
gemma3:12b,1420,0.5,0.9,20,5,NVIDIA A100-SXM4-40GB,19.49,40.0,4,12200000000,83,3.387
gemma3:12b,2417,0.5,0.9,20,5,NVIDIA A100-SXM4-40GB,19.49,40.0,4,12200000000,118,3.387
gemma3:12b,2438,0.5,0.9,20,5,NVIDIA A100-SXM4-40GB,19.49,40.0,4,12200000000,96,2.97
gemma3:12b,2493,0.5,0.9,20,5,NVIDIA A100-SXM4-40GB,19.49,40.0,4,12200000000,94,3.049
gemma3:12b,2394,0.5,0.9,20,5,NVIDIA A100-SXM4-40GB,19.49,40.0,4,12200000000,58,3.403
gemma3:12b,2411,0.5,0.9,20,5,NVIDIA A100-SXM4-40GB,19.49,40.0,4,12200000000,69,3.381
gemma3:12b,2580,0.5,0.9,20,5,NVIDIA A100-SXM4-40GB,19.49,40.0,4,12200000000,89,3.053
gemma3:12b,2629,0.5,0.9,20,5,NVIDIA A100-SXM4-40GB,19.49,40.0,4,12200000000,68,2.643
gemma3:12b,2523,0.5,0.9,20,5,NVIDIA A100-SXM4-40GB,19.49,40.0,4,12200000000,77,2.793
gemma3:12b,2714,0.5,0.9,20,5,NVIDIA A100-SXM4-40GB,19.49,40.0,4,12200000000,142,3.926
gemma3:12b,3605,0.5,0.9,20,5,NVIDIA A100-SXM4-40GB,19.49,40.0,4,12200000000,98,3.53
gemma3:12b,3503,0.5,0.9,20,5,NVIDIA A100-SXM4-40GB,19.49,40.0,4,12200000000,71,3.211
gemma3:12b,3749,0.5,0.9,20,5,NVIDIA A100-SXM4-40GB,19.49,40.0,4,12200000000,126,3.986
gemma3:12b,3744,0.5,0.9,20,5,NVIDIA A100-SXM4-40GB,19.49,40.0,4,12200000000,138,4.108
gemma3:12b,3619,0.5,0.9,20,5,NVIDIA A100-SXM4-40GB,19.49,40.0,4,12200000000,125,4.096
gemma3:12b,4652,0.5,0.9,20,5,NVIDIA A100-SXM4-40GB,19.49,40.0,4,12200000000,134,4.602
gemma3:12b,1235,0.5,0.9,20,10,NVIDIA GH200,67.0,96.0,1,12200000000,49,4.168
gemma3:12b,1235,0.5,0.9,20,10,NVIDIA GH200,67.0,96.0,1,12200000000,49,3.987
gemma3:12b,1235,0.5,0.9,20,10,NVIDIA GH200,67.0,96.0,1,12200000000,49,4.235
gemma3:12b,1235,0.5,0.9,20,10,NVIDIA GH200,67.0,96.0,1,12200000000,50,4.199
gemma3:12b,1235,0.5,0.9,20,10,NVIDIA GH200,67.0,96.0,1,12200000000,49,4.186
gemma3:12b,1235,0.5,0.9,20,10,NVIDIA GH200,67.0,96.0,1,12200000000,49,3.874
gemma3:12b,1235,0.5,0.9,20,10,NVIDIA GH200,67.0,96.0,1,12200000000,51,4.153
gemma3:12b,1235,0.5,0.9,20,10,NVIDIA GH200,67.0,96.0,1,12200000000,51,3.908
gemma3:12b,1235,0.5,0.9,20,10,NVIDIA GH200,67.0,96.0,1,12200000000,53,4.033
gemma3:12b,1235,0.5,0.9,20,10,NVIDIA GH200,67.0,96.0,1,12200000000,57,4.312
gemma3:12b,1329,0.5,0.9,20,10,NVIDIA GH200,67.0,96.0,1,12200000000,62,4.439
gemma3:12b,1329,0.5,0.9,20,10,NVIDIA GH200,67.0,96.0,1,12200000000,68,4.559
gemma3:12b,1331,0.5,0.9,20,10,NVIDIA GH200,67.0,96.0,1,12200000000,76,5.351
gemma3:12b,1331,0.5,0.9,20,10,NVIDIA GH200,67.0,96.0,1,12200000000,77,5.399
gemma3:12b,1329,0.5,0.9,20,10,NVIDIA GH200,67.0,96.0,1,12200000000,84,5.555
gemma3:12b,1329,0.5,0.9,20,10,NVIDIA GH200,67.0,96.0,1,12200000000,84,5.582
gemma3:12b,1329,0.5,0.9,20,10,NVIDIA GH200,67.0,96.0,1,12200000000,85,5.625
gemma3:12b,1333,0.5,0.9,20,10,NVIDIA GH200,67.0,96.0,1,12200000000,84,5.512
gemma3:12b,1330,0.5,0.9,20,10,NVIDIA GH200,67.0,96.0,1,12200000000,91,7.596
gemma3:12b,1337,0.5,0.9,20,10,NVIDIA GH200,67.0,96.0,1,12200000000,100,7.637
gemma3:12b,1427,0.5,0.9,20,10,NVIDIA GH200,67.0,96.0,1,12200000000,54,4.566
gemma3:12b,1405,0.5,0.9,20,10,NVIDIA GH200,67.0,96.0,1,12200000000,63,5.014
gemma3:12b,1444,0.5,0.9,20,10,NVIDIA GH200,67.0,96.0,1,12200000000,57,4.697
gemma3:12b,1431,0.5,0.9,20,10,NVIDIA GH200,67.0,96.0,1,12200000000,58,5.336
gemma3:12b,1422,0.5,0.9,20,10,NVIDIA GH200,67.0,96.0,1,12200000000,63,5.87
gemma3:12b,1427,0.5,0.9,20,10,NVIDIA GH200,67.0,96.0,1,12200000000,74,6.894
gemma3:12b,1427,0.5,0.9,20,10,NVIDIA GH200,67.0,96.0,1,12200000000,74,6.921
gemma3:12b,1451,0.5,0.9,20,10,NVIDIA GH200,67.0,96.0,1,12200000000,63,4.988
gemma3:12b,1437,0.5,0.9,20,10,NVIDIA GH200,67.0,96.0,1,12200000000,98,9.267
gemma3:12b,1435,0.5,0.9,20,10,NVIDIA GH200,67.0,96.0,1,12200000000,94,7.241
gemma3:12b,2376,0.5,0.9,20,10,NVIDIA GH200,67.0,96.0,1,12200000000,58,6.916
gemma3:12b,2388,0.5,0.9,20,10,NVIDIA GH200,67.0,96.0,1,12200000000,75,7.412
gemma3:12b,2408,0.5,0.9,20,10,NVIDIA GH200,67.0,96.0,1,12200000000,48,4.815
gemma3:12b,2393,0.5,0.9,20,10,NVIDIA GH200,67.0,96.0,1,12200000000,69,6.766
gemma3:12b,2408,0.5,0.9,20,10,NVIDIA GH200,67.0,96.0,1,12200000000,66,6.85
gemma3:12b,2397,0.5,0.9,20,10,NVIDIA GH200,67.0,96.0,1,12200000000,94,8.625
gemma3:12b,2436,0.5,0.9,20,10,NVIDIA GH200,67.0,96.0,1,12200000000,48,4.763
gemma3:12b,2408,0.5,0.9,20,10,NVIDIA GH200,67.0,96.0,1,12200000000,123,11.301
gemma3:12b,3359,0.5,0.9,20,10,NVIDIA GH200,67.0,96.0,1,12200000000,47,4.743
gemma3:12b,2442,0.5,0.9,20,10,NVIDIA GH200,67.0,96.0,1,12200000000,102,8.933
gemma3:12b,3377,0.5,0.9,20,10,NVIDIA GH200,67.0,96.0,1,12200000000,47,4.448
gemma3:12b,3387,0.5,0.9,20,10,NVIDIA GH200,67.0,96.0,1,12200000000,48,4.551
gemma3:12b,2505,0.5,0.9,20,10,NVIDIA GH200,67.0,96.0,1,12200000000,83,7.522
gemma3:12b,2477,0.5,0.9,20,10,NVIDIA GH200,67.0,96.0,1,12200000000,95,9.428
gemma3:12b,2493,0.5,0.9,20,10,NVIDIA GH200,67.0,96.0,1,12200000000,95,9.625
gemma3:12b,2422,0.5,0.9,20,10,NVIDIA GH200,67.0,96.0,1,12200000000,149,14.772
gemma3:12b,3420,0.5,0.9,20,10,NVIDIA GH200,67.0,96.0,1,12200000000,56,7.405
gemma3:12b,2576,0.5,0.9,20,10,NVIDIA GH200,67.0,96.0,1,12200000000,89,9.27
gemma3:12b,3491,0.5,0.9,20,10,NVIDIA GH200,67.0,96.0,1,12200000000,49,5.333
gemma3:12b,3438,0.5,0.9,20,10,NVIDIA GH200,67.0,96.0,1,12200000000,60,7.22
gemma3:12b,2618,0.5,0.9,20,10,NVIDIA GH200,67.0,96.0,1,12200000000,74,7.155
gemma3:12b,2614,0.5,0.9,20,10,NVIDIA GH200,67.0,96.0,1,12200000000,76,8.003
gemma3:12b,2614,0.5,0.9,20,10,NVIDIA GH200,67.0,96.0,1,12200000000,74,6.255
gemma3:12b,3480,0.5,0.9,20,10,NVIDIA GH200,67.0,96.0,1,12200000000,91,9.881
gemma3:12b,2574,0.5,0.9,20,10,NVIDIA GH200,67.0,96.0,1,12200000000,98,10.495
gemma3:12b,3521,0.5,0.9,20,10,NVIDIA GH200,67.0,96.0,1,12200000000,72,8.377
gemma3:12b,3585,0.5,0.9,20,10,NVIDIA GH200,67.0,96.0,1,12200000000,88,9.233
gemma3:12b,3543,0.5,0.9,20,10,NVIDIA GH200,67.0,96.0,1,12200000000,107,9.359
gemma3:12b,2710,0.5,0.9,20,10,NVIDIA GH200,67.0,96.0,1,12200000000,108,9.585
gemma3:12b,2717,0.5,0.9,20,10,NVIDIA GH200,67.0,96.0,1,12200000000,83,7.344
gemma3:12b,3585,0.5,0.9,20,10,NVIDIA GH200,67.0,96.0,1,12200000000,95,9.482
gemma3:12b,3591,0.5,0.9,20,10,NVIDIA GH200,67.0,96.0,1,12200000000,100,9.848
gemma3:12b,3598,0.5,0.9,20,10,NVIDIA GH200,67.0,96.0,1,12200000000,115,10.699
gemma3:12b,4486,0.5,0.9,20,10,NVIDIA GH200,67.0,96.0,1,12200000000,71,6.61
gemma3:12b,3711,0.5,0.9,20,10,NVIDIA GH200,67.0,96.0,1,12200000000,93,8.966
gemma3:12b,4571,0.5,0.9,20,10,NVIDIA GH200,67.0,96.0,1,12200000000,65,5.339
gemma3:12b,4551,0.5,0.9,20,10,NVIDIA GH200,67.0,96.0,1,12200000000,118,9.95
gemma3:12b,4588,0.5,0.9,20,10,NVIDIA GH200,67.0,96.0,1,12200000000,98,8.468
gemma3:12b,3708,0.5,0.9,20,10,NVIDIA GH200,67.0,96.0,1,12200000000,138,11.165
gemma3:12b,3758,0.5,0.9,20,10,NVIDIA GH200,67.0,96.0,1,12200000000,115,8.178
gemma3:12b,3736,0.5,0.9,20,10,NVIDIA GH200,67.0,96.0,1,12200000000,132,9.158
gemma3:12b,4650,0.5,0.9,20,10,NVIDIA GH200,67.0,96.0,1,12200000000,65,6.296
gemma3:12b,3834,0.5,0.9,20,10,NVIDIA GH200,67.0,96.0,1,12200000000,142,9.232
gemma3:12b,5593,0.5,0.9,20,10,NVIDIA GH200,67.0,96.0,1,12200000000,75,3.307
gemma3:12b,3918,0.5,0.9,20,10,NVIDIA GH200,67.0,96.0,1,12200000000,117,6.899
gemma3:12b,4771,0.5,0.9,20,10,NVIDIA GH200,67.0,96.0,1,12200000000,134,6.962
gemma3:12b,3891,0.5,0.9,20,10,NVIDIA GH200,67.0,96.0,1,12200000000,152,8.513
gemma3:12b,4943,0.5,0.9,20,10,NVIDIA GH200,67.0,96.0,1,12200000000,117,3.066
gemma3:12b,5105,0.5,0.9,20,10,NVIDIA GH200,67.0,96.0,1,12200000000,117,2.955
gemma3:12b,5267,0.5,0.9,20,10,NVIDIA GH200,67.0,96.0,1,12200000000,117,3.007
gemma3:12b,6292,0.5,0.9,20,10,NVIDIA GH200,67.0,96.0,1,12200000000,75,2.753
gemma3:12b,6412,0.5,0.9,20,10,NVIDIA GH200,67.0,96.0,1,12200000000,75,2.796
gemma3:12b,6532,0.5,0.9,20,10,NVIDIA GH200,67.0,96.0,1,12200000000,75,2.816
gemma3:12b,7515,0.5,0.9,20,10,NVIDIA GH200,67.0,96.0,1,12200000000,75,3.07
gemma3:12b,7635,0.5,0.9,20,10,NVIDIA GH200,67.0,96.0,1,12200000000,75,3.105
gemma3:12b,7755,0.5,0.9,20,10,NVIDIA GH200,67.0,96.0,1,12200000000,118,3.54
gemma3:12b,1235,0.5,0.9,20,10,NVIDIA A100-SXM4-40GB,19.49,40.0,4,12200000000,53,2.628
gemma3:12b,1235,0.5,0.9,20,10,NVIDIA A100-SXM4-40GB,19.49,40.0,4,12200000000,51,2.199
gemma3:12b,1235,0.5,0.9,20,10,NVIDIA A100-SXM4-40GB,19.49,40.0,4,12200000000,49,2.578
gemma3:12b,1235,0.5,0.9,20,10,NVIDIA A100-SXM4-40GB,19.49,40.0,4,12200000000,49,2.217
gemma3:12b,1235,0.5,0.9,20,10,NVIDIA A100-SXM4-40GB,19.49,40.0,4,12200000000,50,3.307
gemma3:12b,1235,0.5,0.9,20,10,NVIDIA A100-SXM4-40GB,19.49,40.0,4,12200000000,49,3.24
gemma3:12b,1235,0.5,0.9,20,10,NVIDIA A100-SXM4-40GB,19.49,40.0,4,12200000000,49,3.244
gemma3:12b,1235,0.5,0.9,20,10,NVIDIA A100-SXM4-40GB,19.49,40.0,4,12200000000,51,2.642
gemma3:12b,1235,0.5,0.9,20,10,NVIDIA A100-SXM4-40GB,19.49,40.0,4,12200000000,53,3.186
gemma3:12b,1235,0.5,0.9,20,10,NVIDIA A100-SXM4-40GB,19.49,40.0,4,12200000000,51,2.609
gemma3:12b,1331,0.5,0.9,20,10,NVIDIA A100-SXM4-40GB,19.49,40.0,4,12200000000,77,3.134
gemma3:12b,1333,0.5,0.9,20,10,NVIDIA A100-SXM4-40GB,19.49,40.0,4,12200000000,83,3.225
gemma3:12b,1329,0.5,0.9,20,10,NVIDIA A100-SXM4-40GB,19.49,40.0,4,12200000000,99,3.429
gemma3:12b,1329,0.5,0.9,20,10,NVIDIA A100-SXM4-40GB,19.49,40.0,4,12200000000,101,3.493
gemma3:12b,1331,0.5,0.9,20,10,NVIDIA A100-SXM4-40GB,19.49,40.0,4,12200000000,62,3.535
gemma3:12b,1329,0.5,0.9,20,10,NVIDIA A100-SXM4-40GB,19.49,40.0,4,12200000000,68,3.804
gemma3:12b,1330,0.5,0.9,20,10,NVIDIA A100-SXM4-40GB,19.49,40.0,4,12200000000,83,4.108
gemma3:12b,1333,0.5,0.9,20,10,NVIDIA A100-SXM4-40GB,19.49,40.0,4,12200000000,83,3.962
gemma3:12b,1331,0.5,0.9,20,10,NVIDIA A100-SXM4-40GB,19.49,40.0,4,12200000000,83,4.045
gemma3:12b,1329,0.5,0.9,20,10,NVIDIA A100-SXM4-40GB,19.49,40.0,4,12200000000,100,5.425
gemma3:12b,1422,0.5,0.9,20,10,NVIDIA A100-SXM4-40GB,19.49,40.0,4,12200000000,64,2.94
gemma3:12b,1444,0.5,0.9,20,10,NVIDIA A100-SXM4-40GB,19.49,40.0,4,12200000000,61,2.858
gemma3:12b,1430,0.5,0.9,20,10,NVIDIA A100-SXM4-40GB,19.49,40.0,4,12200000000,89,3.316
gemma3:12b,1471,0.5,0.9,20,10,NVIDIA A100-SXM4-40GB,19.49,40.0,4,12200000000,64,2.902
gemma3:12b,1427,0.5,0.9,20,10,NVIDIA A100-SXM4-40GB,19.49,40.0,4,12200000000,63,3.741
gemma3:12b,1427,0.5,0.9,20,10,NVIDIA A100-SXM4-40GB,19.49,40.0,4,12200000000,71,3.657
gemma3:12b,1407,0.5,0.9,20,10,NVIDIA A100-SXM4-40GB,19.49,40.0,4,12200000000,79,4.022
gemma3:12b,1430,0.5,0.9,20,10,NVIDIA A100-SXM4-40GB,19.49,40.0,4,12200000000,89,3.923
gemma3:12b,1459,0.5,0.9,20,10,NVIDIA A100-SXM4-40GB,19.49,40.0,4,12200000000,62,2.611
gemma3:12b,2412,0.5,0.9,20,10,NVIDIA A100-SXM4-40GB,19.49,40.0,4,12200000000,56,3.004
gemma3:12b,2394,0.5,0.9,20,10,NVIDIA A100-SXM4-40GB,19.49,40.0,4,12200000000,71,3.674
gemma3:12b,2413,0.5,0.9,20,10,NVIDIA A100-SXM4-40GB,19.49,40.0,4,12200000000,52,3.321
gemma3:12b,2413,0.5,0.9,20,10,NVIDIA A100-SXM4-40GB,19.49,40.0,4,12200000000,49,3.26
gemma3:12b,1428,0.5,0.9,20,10,NVIDIA A100-SXM4-40GB,19.49,40.0,4,12200000000,92,5.662
gemma3:12b,2368,0.5,0.9,20,10,NVIDIA A100-SXM4-40GB,19.49,40.0,4,12200000000,50,4.31
gemma3:12b,2412,0.5,0.9,20,10,NVIDIA A100-SXM4-40GB,19.49,40.0,4,12200000000,50,4.25
gemma3:12b,2394,0.5,0.9,20,10,NVIDIA A100-SXM4-40GB,19.49,40.0,4,12200000000,56,4.62
gemma3:12b,2427,0.5,0.9,20,10,NVIDIA A100-SXM4-40GB,19.49,40.0,4,12200000000,47,2.525
gemma3:12b,2428,0.5,0.9,20,10,NVIDIA A100-SXM4-40GB,19.49,40.0,4,12200000000,73,4.567
gemma3:12b,2508,0.5,0.9,20,10,NVIDIA A100-SXM4-40GB,19.49,40.0,4,12200000000,101,4.201
gemma3:12b,2508,0.5,0.9,20,10,NVIDIA A100-SXM4-40GB,19.49,40.0,4,12200000000,95,4.351
gemma3:12b,2507,0.5,0.9,20,10,NVIDIA A100-SXM4-40GB,19.49,40.0,4,12200000000,101,4.452
gemma3:12b,2511,0.5,0.9,20,10,NVIDIA A100-SXM4-40GB,19.49,40.0,4,12200000000,161,6.335
gemma3:12b,2405,0.5,0.9,20,10,NVIDIA A100-SXM4-40GB,19.49,40.0,4,12200000000,107,7.576
gemma3:12b,3377,0.5,0.9,20,10,NVIDIA A100-SXM4-40GB,19.49,40.0,4,12200000000,49,4.545
gemma3:12b,2493,0.5,0.9,20,10,NVIDIA A100-SXM4-40GB,19.49,40.0,4,12200000000,54,4.577
gemma3:12b,2639,0.5,0.9,20,10,NVIDIA A100-SXM4-40GB,19.49,40.0,4,12200000000,78,3.986
gemma3:12b,2651,0.5,0.9,20,10,NVIDIA A100-SXM4-40GB,19.49,40.0,4,12200000000,66,3.908
gemma3:12b,2633,0.5,0.9,20,10,NVIDIA A100-SXM4-40GB,19.49,40.0,4,12200000000,73,3.981
gemma3:12b,2546,0.5,0.9,20,10,NVIDIA A100-SXM4-40GB,19.49,40.0,4,12200000000,75,5.408
gemma3:12b,2461,0.5,0.9,20,10,NVIDIA A100-SXM4-40GB,19.49,40.0,4,12200000000,109,7.441
gemma3:12b,2714,0.5,0.9,20,10,NVIDIA A100-SXM4-40GB,19.49,40.0,4,12200000000,89,4.529
gemma3:12b,2505,0.5,0.9,20,10,NVIDIA A100-SXM4-40GB,19.49,40.0,4,12200000000,93,7.774
gemma3:12b,3471,0.5,0.9,20,10,NVIDIA A100-SXM4-40GB,19.49,40.0,4,12200000000,83,4.935
gemma3:12b,2557,0.5,0.9,20,10,NVIDIA A100-SXM4-40GB,19.49,40.0,4,12200000000,129,6.563
gemma3:12b,3622,0.5,0.9,20,10,NVIDIA A100-SXM4-40GB,19.49,40.0,4,12200000000,76,4.707
gemma3:12b,3450,0.5,0.9,20,10,NVIDIA A100-SXM4-40GB,19.49,40.0,4,12200000000,49,5.113
gemma3:12b,3611,0.5,0.9,20,10,NVIDIA A100-SXM4-40GB,19.49,40.0,4,12200000000,74,4.695
gemma3:12b,3610,0.5,0.9,20,10,NVIDIA A100-SXM4-40GB,19.49,40.0,4,12200000000,115,6.693
gemma3:12b,2635,0.5,0.9,20,10,NVIDIA A100-SXM4-40GB,19.49,40.0,4,12200000000,112,6.547
gemma3:12b,2628,0.5,0.9,20,10,NVIDIA A100-SXM4-40GB,19.49,40.0,4,12200000000,79,4.566
gemma3:12b,3711,0.5,0.9,20,10,NVIDIA A100-SXM4-40GB,19.49,40.0,4,12200000000,102,5.227
gemma3:12b,2600,0.5,0.9,20,10,NVIDIA A100-SXM4-40GB,19.49,40.0,4,12200000000,132,5.761
gemma3:12b,3544,0.5,0.9,20,10,NVIDIA A100-SXM4-40GB,19.49,40.0,4,12200000000,62,3.293
gemma3:12b,3743,0.5,0.9,20,10,NVIDIA A100-SXM4-40GB,19.49,40.0,4,12200000000,78,3.446
gemma3:12b,3729,0.5,0.9,20,10,NVIDIA A100-SXM4-40GB,19.49,40.0,4,12200000000,113,5.497
gemma3:12b,3568,0.5,0.9,20,10,NVIDIA A100-SXM4-40GB,19.49,40.0,4,12200000000,139,6.12
gemma3:12b,4484,0.5,0.9,20,10,NVIDIA A100-SXM4-40GB,19.49,40.0,4,12200000000,53,3.141
gemma3:12b,3768,0.5,0.9,20,10,NVIDIA A100-SXM4-40GB,19.49,40.0,4,12200000000,107,5.542
gemma3:12b,3866,0.5,0.9,20,10,NVIDIA A100-SXM4-40GB,19.49,40.0,4,12200000000,108,5.035
gemma3:12b,3858,0.5,0.9,20,10,NVIDIA A100-SXM4-40GB,19.49,40.0,4,12200000000,130,5.773
gemma3:12b,3640,0.5,0.9,20,10,NVIDIA A100-SXM4-40GB,19.49,40.0,4,12200000000,117,5.822
gemma3:12b,4615,0.5,0.9,20,10,NVIDIA A100-SXM4-40GB,19.49,40.0,4,12200000000,97,4.012
gemma3:12b,3887,0.5,0.9,20,10,NVIDIA A100-SXM4-40GB,19.49,40.0,4,12200000000,135,5.813
gemma3:12b,3917,0.5,0.9,20,10,NVIDIA A100-SXM4-40GB,19.49,40.0,4,12200000000,115,4.288
gemma3:12b,4939,0.5,0.9,20,10,NVIDIA A100-SXM4-40GB,19.49,40.0,4,12200000000,132,4.425
gemma3:12b,1235,0.5,0.95,20,1,NVIDIA GH200,67.0,96.0,1,12200000000,49,1.251
gemma3:12b,1329,0.5,0.95,20,1,NVIDIA GH200,67.0,96.0,1,12200000000,90,1.641
gemma3:12b,1449,0.5,0.95,20,1,NVIDIA GH200,67.0,96.0,1,12200000000,50,1.196
gemma3:12b,2406,0.5,0.95,20,1,NVIDIA GH200,67.0,96.0,1,12200000000,48,1.386
gemma3:12b,3357,0.5,0.95,20,1,NVIDIA GH200,67.0,96.0,1,12200000000,47,1.654
gemma3:12b,3449,0.5,0.95,20,1,NVIDIA GH200,67.0,96.0,1,12200000000,90,2.175
gemma3:12b,3584,0.5,0.95,20,1,NVIDIA GH200,67.0,96.0,1,12200000000,133,2.617
gemma3:12b,1235,0.5,0.95,20,1,NVIDIA A100-SXM4-40GB,19.49,40.0,4,12200000000,53,2.057
gemma3:12b,1333,0.5,0.95,20,1,NVIDIA A100-SXM4-40GB,19.49,40.0,4,12200000000,84,2.479
gemma3:12b,1431,0.5,0.95,20,1,NVIDIA A100-SXM4-40GB,19.49,40.0,4,12200000000,60,2.148
gemma3:12b,2399,0.5,0.95,20,1,NVIDIA A100-SXM4-40GB,19.49,40.0,4,12200000000,54,2.366
gemma3:12b,2496,0.5,0.95,20,1,NVIDIA A100-SXM4-40GB,19.49,40.0,4,12200000000,127,3.653
gemma3:12b,2665,0.5,0.95,20,1,NVIDIA A100-SXM4-40GB,19.49,40.0,4,12200000000,116,3.511
gemma3:12b,3688,0.5,0.95,20,1,NVIDIA A100-SXM4-40GB,19.49,40.0,4,12200000000,98,3.683
gemma3:12b,3828,0.5,0.95,20,1,NVIDIA A100-SXM4-40GB,19.49,40.0,4,12200000000,100,3.82
gemma3:12b,3972,0.5,0.95,20,1,NVIDIA A100-SXM4-40GB,19.49,40.0,4,12200000000,169,4.966
gemma3:12b,1235,0.5,0.95,20,5,NVIDIA GH200,67.0,96.0,1,12200000000,49,2.824
gemma3:12b,1235,0.5,0.95,20,5,NVIDIA GH200,67.0,96.0,1,12200000000,49,2.644
gemma3:12b,1235,0.5,0.95,20,5,NVIDIA GH200,67.0,96.0,1,12200000000,49,2.595
gemma3:12b,1235,0.5,0.95,20,5,NVIDIA GH200,67.0,96.0,1,12200000000,49,2.642
gemma3:12b,1235,0.5,0.95,20,5,NVIDIA GH200,67.0,96.0,1,12200000000,53,2.103
gemma3:12b,1329,0.5,0.95,20,5,NVIDIA GH200,67.0,96.0,1,12200000000,68,3.233
gemma3:12b,1333,0.5,0.95,20,5,NVIDIA GH200,67.0,96.0,1,12200000000,68,3.146
gemma3:12b,1329,0.5,0.95,20,5,NVIDIA GH200,67.0,96.0,1,12200000000,79,3.33
gemma3:12b,1329,0.5,0.95,20,5,NVIDIA GH200,67.0,96.0,1,12200000000,84,3.848
gemma3:12b,1329,0.5,0.95,20,5,NVIDIA GH200,67.0,96.0,1,12200000000,101,4.952
gemma3:12b,1427,0.5,0.95,20,5,NVIDIA GH200,67.0,96.0,1,12200000000,56,3.11
gemma3:12b,1427,0.5,0.95,20,5,NVIDIA GH200,67.0,96.0,1,12200000000,59,2.583
gemma3:12b,1444,0.5,0.95,20,5,NVIDIA GH200,67.0,96.0,1,12200000000,60,3.032
gemma3:12b,1451,0.5,0.95,20,5,NVIDIA GH200,67.0,96.0,1,12200000000,98,4.661
gemma3:12b,1431,0.5,0.95,20,5,NVIDIA GH200,67.0,96.0,1,12200000000,102,4.902
gemma3:12b,2361,0.5,0.95,20,5,NVIDIA GH200,67.0,96.0,1,12200000000,56,4.142
gemma3:12b,2379,0.5,0.95,20,5,NVIDIA GH200,67.0,96.0,1,12200000000,56,4.017
gemma3:12b,2460,0.5,0.95,20,5,NVIDIA GH200,67.0,96.0,1,12200000000,67,3.007
gemma3:12b,2457,0.5,0.95,20,5,NVIDIA GH200,67.0,96.0,1,12200000000,118,5.401
gemma3:12b,2478,0.5,0.95,20,5,NVIDIA GH200,67.0,96.0,1,12200000000,72,3.071
gemma3:12b,2440,0.5,0.95,20,5,NVIDIA GH200,67.0,96.0,1,12200000000,123,5.388
gemma3:12b,2412,0.5,0.95,20,5,NVIDIA GH200,67.0,96.0,1,12200000000,135,5.808
gemma3:12b,2580,0.5,0.95,20,5,NVIDIA GH200,67.0,96.0,1,12200000000,66,4.274
gemma3:12b,2557,0.5,0.95,20,5,NVIDIA GH200,67.0,96.0,1,12200000000,62,4.396
gemma3:12b,2605,0.5,0.95,20,5,NVIDIA GH200,67.0,96.0,1,12200000000,102,5.717
gemma3:12b,2605,0.5,0.95,20,5,NVIDIA GH200,67.0,96.0,1,12200000000,109,5.823
gemma3:12b,2592,0.5,0.95,20,5,NVIDIA GH200,67.0,96.0,1,12200000000,121,6.306
gemma3:12b,3512,0.5,0.95,20,5,NVIDIA GH200,67.0,96.0,1,12200000000,83,3.813
gemma3:12b,2737,0.5,0.95,20,5,NVIDIA GH200,67.0,96.0,1,12200000000,101,4.072
gemma3:12b,2756,0.5,0.95,20,5,NVIDIA GH200,67.0,96.0,1,12200000000,150,5.092
gemma3:12b,3640,0.5,0.95,20,5,NVIDIA GH200,67.0,96.0,1,12200000000,122,4.842
gemma3:12b,3746,0.5,0.95,20,5,NVIDIA GH200,67.0,96.0,1,12200000000,134,4.944
gemma3:12b,3784,0.5,0.95,20,5,NVIDIA GH200,67.0,96.0,1,12200000000,118,3.888
gemma3:12b,3776,0.5,0.95,20,5,NVIDIA GH200,67.0,96.0,1,12200000000,136,4.341
gemma3:12b,4820,0.5,0.95,20,5,NVIDIA GH200,67.0,96.0,1,12200000000,58,2.351
gemma3:12b,4806,0.5,0.95,20,5,NVIDIA GH200,67.0,96.0,1,12200000000,159,6.088
gemma3:12b,5782,0.5,0.95,20,5,NVIDIA GH200,67.0,96.0,1,12200000000,97,4.198
gemma3:12b,5010,0.5,0.95,20,5,NVIDIA GH200,67.0,96.0,1,12200000000,189,3.907
gemma3:12b,1235,0.5,0.95,20,5,NVIDIA A100-SXM4-40GB,19.49,40.0,4,12200000000,49,2.009
gemma3:12b,1235,0.5,0.95,20,5,NVIDIA A100-SXM4-40GB,19.49,40.0,4,12200000000,53,2.046
gemma3:12b,1235,0.5,0.95,20,5,NVIDIA A100-SXM4-40GB,19.49,40.0,4,12200000000,49,2.623
gemma3:12b,1235,0.5,0.95,20,5,NVIDIA A100-SXM4-40GB,19.49,40.0,4,12200000000,53,2.735
gemma3:12b,1235,0.5,0.95,20,5,NVIDIA A100-SXM4-40GB,19.49,40.0,4,12200000000,51,2.0
gemma3:12b,1329,0.5,0.95,20,5,NVIDIA A100-SXM4-40GB,19.49,40.0,4,12200000000,90,2.583
gemma3:12b,1333,0.5,0.95,20,5,NVIDIA A100-SXM4-40GB,19.49,40.0,4,12200000000,84,2.348
gemma3:12b,1333,0.5,0.95,20,5,NVIDIA A100-SXM4-40GB,19.49,40.0,4,12200000000,68,2.899
gemma3:12b,1329,0.5,0.95,20,5,NVIDIA A100-SXM4-40GB,19.49,40.0,4,12200000000,81,3.16
gemma3:12b,1449,0.5,0.95,20,5,NVIDIA A100-SXM4-40GB,19.49,40.0,4,12200000000,54,1.988
gemma3:12b,1331,0.5,0.95,20,5,NVIDIA A100-SXM4-40GB,19.49,40.0,4,12200000000,100,2.687
gemma3:12b,1431,0.5,0.95,20,5,NVIDIA A100-SXM4-40GB,19.49,40.0,4,12200000000,112,2.921
gemma3:12b,1461,0.5,0.95,20,5,NVIDIA A100-SXM4-40GB,19.49,40.0,4,12200000000,62,2.005
gemma3:12b,1424,0.5,0.95,20,5,NVIDIA A100-SXM4-40GB,19.49,40.0,4,12200000000,66,2.767
gemma3:12b,2410,0.5,0.95,20,5,NVIDIA A100-SXM4-40GB,19.49,40.0,4,12200000000,48,2.237
gemma3:12b,1431,0.5,0.95,20,5,NVIDIA A100-SXM4-40GB,19.49,40.0,4,12200000000,111,4.509
gemma3:12b,2450,0.5,0.95,20,5,NVIDIA A100-SXM4-40GB,19.49,40.0,4,12200000000,68,2.55
gemma3:12b,2430,0.5,0.95,20,5,NVIDIA A100-SXM4-40GB,19.49,40.0,4,12200000000,58,2.292
gemma3:12b,3361,0.5,0.95,20,5,NVIDIA A100-SXM4-40GB,19.49,40.0,4,12200000000,47,2.693
gemma3:12b,2397,0.5,0.95,20,5,NVIDIA A100-SXM4-40GB,19.49,40.0,4,12200000000,45,3.205
gemma3:12b,2560,0.5,0.95,20,5,NVIDIA A100-SXM4-40GB,19.49,40.0,4,12200000000,76,2.776
gemma3:12b,3391,0.5,0.95,20,5,NVIDIA A100-SXM4-40GB,19.49,40.0,4,12200000000,49,2.64
gemma3:12b,3345,0.5,0.95,20,5,NVIDIA A100-SXM4-40GB,19.49,40.0,4,12200000000,47,2.917
gemma3:12b,3453,0.5,0.95,20,5,NVIDIA A100-SXM4-40GB,19.49,40.0,4,12200000000,90,3.483
gemma3:12b,2449,0.5,0.95,20,5,NVIDIA A100-SXM4-40GB,19.49,40.0,4,12200000000,111,4.837
gemma3:12b,2679,0.5,0.95,20,5,NVIDIA A100-SXM4-40GB,19.49,40.0,4,12200000000,94,3.041
gemma3:12b,3485,0.5,0.95,20,5,NVIDIA A100-SXM4-40GB,19.49,40.0,4,12200000000,100,3.454
gemma3:12b,3588,0.5,0.95,20,5,NVIDIA A100-SXM4-40GB,19.49,40.0,4,12200000000,62,3.06
gemma3:12b,3406,0.5,0.95,20,5,NVIDIA A100-SXM4-40GB,19.49,40.0,4,12200000000,79,4.549
gemma3:12b,3680,0.5,0.95,20,5,NVIDIA A100-SXM4-40GB,19.49,40.0,4,12200000000,112,3.58
gemma3:12b,3630,0.5,0.95,20,5,NVIDIA A100-SXM4-40GB,19.49,40.0,4,12200000000,163,4.444
gemma3:12b,2605,0.5,0.95,20,5,NVIDIA A100-SXM4-40GB,19.49,40.0,4,12200000000,133,6.545
gemma3:12b,4558,0.5,0.95,20,5,NVIDIA A100-SXM4-40GB,19.49,40.0,4,12200000000,106,4.101
gemma3:12b,3530,0.5,0.95,20,5,NVIDIA A100-SXM4-40GB,19.49,40.0,4,12200000000,93,4.801
gemma3:12b,2768,0.5,0.95,20,5,NVIDIA A100-SXM4-40GB,19.49,40.0,4,12200000000,129,5.692
gemma3:12b,4516,0.5,0.95,20,5,NVIDIA A100-SXM4-40GB,19.49,40.0,4,12200000000,125,4.602
gemma3:12b,1235,0.5,0.95,20,10,NVIDIA GH200,67.0,96.0,1,12200000000,49,4.101
gemma3:12b,1235,0.5,0.95,20,10,NVIDIA GH200,67.0,96.0,1,12200000000,49,4.135
gemma3:12b,1235,0.5,0.95,20,10,NVIDIA GH200,67.0,96.0,1,12200000000,49,3.882
gemma3:12b,1235,0.5,0.95,20,10,NVIDIA GH200,67.0,96.0,1,12200000000,49,3.624
gemma3:12b,1235,0.5,0.95,20,10,NVIDIA GH200,67.0,96.0,1,12200000000,49,3.657
gemma3:12b,1235,0.5,0.95,20,10,NVIDIA GH200,67.0,96.0,1,12200000000,49,3.603
gemma3:12b,1235,0.5,0.95,20,10,NVIDIA GH200,67.0,96.0,1,12200000000,51,3.889
gemma3:12b,1235,0.5,0.95,20,10,NVIDIA GH200,67.0,96.0,1,12200000000,53,3.769
gemma3:12b,1235,0.5,0.95,20,10,NVIDIA GH200,67.0,96.0,1,12200000000,53,3.999
gemma3:12b,1235,0.5,0.95,20,10,NVIDIA GH200,67.0,96.0,1,12200000000,54,4.18
gemma3:12b,1329,0.5,0.95,20,10,NVIDIA GH200,67.0,96.0,1,12200000000,75,4.751
gemma3:12b,1334,0.5,0.95,20,10,NVIDIA GH200,67.0,96.0,1,12200000000,70,4.581
gemma3:12b,1329,0.5,0.95,20,10,NVIDIA GH200,67.0,96.0,1,12200000000,73,4.712
gemma3:12b,1331,0.5,0.95,20,10,NVIDIA GH200,67.0,96.0,1,12200000000,76,4.795
gemma3:12b,1329,0.5,0.95,20,10,NVIDIA GH200,67.0,96.0,1,12200000000,84,5.073
gemma3:12b,1333,0.5,0.95,20,10,NVIDIA GH200,67.0,96.0,1,12200000000,84,5.11
gemma3:12b,1333,0.5,0.95,20,10,NVIDIA GH200,67.0,96.0,1,12200000000,84,5.095
gemma3:12b,1329,0.5,0.95,20,10,NVIDIA GH200,67.0,96.0,1,12200000000,83,5.615
gemma3:12b,1329,0.5,0.95,20,10,NVIDIA GH200,67.0,96.0,1,12200000000,91,7.511
gemma3:12b,1329,0.5,0.95,20,10,NVIDIA GH200,67.0,96.0,1,12200000000,101,7.693
gemma3:12b,1434,0.5,0.95,20,10,NVIDIA GH200,67.0,96.0,1,12200000000,58,4.746
gemma3:12b,1431,0.5,0.95,20,10,NVIDIA GH200,67.0,96.0,1,12200000000,63,4.47
gemma3:12b,1450,0.5,0.95,20,10,NVIDIA GH200,67.0,96.0,1,12200000000,54,2.318
gemma3:12b,1426,0.5,0.95,20,10,NVIDIA GH200,67.0,96.0,1,12200000000,70,4.254
gemma3:12b,1418,0.5,0.95,20,10,NVIDIA GH200,67.0,96.0,1,12200000000,76,5.512
gemma3:12b,1427,0.5,0.95,20,10,NVIDIA GH200,67.0,96.0,1,12200000000,73,5.105
gemma3:12b,1444,0.5,0.95,20,10,NVIDIA GH200,67.0,96.0,1,12200000000,61,5.411
gemma3:12b,1421,0.5,0.95,20,10,NVIDIA GH200,67.0,96.0,1,12200000000,85,8.356
gemma3:12b,1431,0.5,0.95,20,10,NVIDIA GH200,67.0,96.0,1,12200000000,94,8.206
gemma3:12b,1432,0.5,0.95,20,10,NVIDIA GH200,67.0,96.0,1,12200000000,110,10.667
gemma3:12b,2402,0.5,0.95,20,10,NVIDIA GH200,67.0,96.0,1,12200000000,50,6.819
gemma3:12b,2411,0.5,0.95,20,10,NVIDIA GH200,67.0,96.0,1,12200000000,52,6.57
gemma3:12b,2404,0.5,0.95,20,10,NVIDIA GH200,67.0,96.0,1,12200000000,50,6.646
gemma3:12b,2402,0.5,0.95,20,10,NVIDIA GH200,67.0,96.0,1,12200000000,54,6.422
gemma3:12b,2393,0.5,0.95,20,10,NVIDIA GH200,67.0,96.0,1,12200000000,54,6.446
gemma3:12b,2413,0.5,0.95,20,10,NVIDIA GH200,67.0,96.0,1,12200000000,50,6.755
gemma3:12b,2399,0.5,0.95,20,10,NVIDIA GH200,67.0,96.0,1,12200000000,104,11.635
gemma3:12b,2435,0.5,0.95,20,10,NVIDIA GH200,67.0,96.0,1,12200000000,56,5.779
gemma3:12b,3366,0.5,0.95,20,10,NVIDIA GH200,67.0,96.0,1,12200000000,47,6.326
gemma3:12b,2432,0.5,0.95,20,10,NVIDIA GH200,67.0,96.0,1,12200000000,119,10.215
gemma3:12b,2414,0.5,0.95,20,10,NVIDIA GH200,67.0,96.0,1,12200000000,122,10.609
gemma3:12b,2490,0.5,0.95,20,10,NVIDIA GH200,67.0,96.0,1,12200000000,72,7.668
gemma3:12b,2499,0.5,0.95,20,10,NVIDIA GH200,67.0,96.0,1,12200000000,109,9.896
gemma3:12b,2592,0.5,0.95,20,10,NVIDIA GH200,67.0,96.0,1,12200000000,47,3.398
gemma3:12b,2495,0.5,0.95,20,10,NVIDIA GH200,67.0,96.0,1,12200000000,140,11.329
gemma3:12b,2593,0.5,0.95,20,10,NVIDIA GH200,67.0,96.0,1,12200000000,72,5.016
gemma3:12b,2497,0.5,0.95,20,10,NVIDIA GH200,67.0,96.0,1,12200000000,153,12.584
gemma3:12b,2506,0.5,0.95,20,10,NVIDIA GH200,67.0,96.0,1,12200000000,136,10.753
gemma3:12b,2534,0.5,0.95,20,10,NVIDIA GH200,67.0,96.0,1,12200000000,108,9.786
gemma3:12b,2548,0.5,0.95,20,10,NVIDIA GH200,67.0,96.0,1,12200000000,123,10.372
gemma3:12b,3458,0.5,0.95,20,10,NVIDIA GH200,67.0,96.0,1,12200000000,91,8.732
gemma3:12b,2579,0.5,0.95,20,10,NVIDIA GH200,67.0,96.0,1,12200000000,89,7.845
gemma3:12b,3547,0.5,0.95,20,10,NVIDIA GH200,67.0,96.0,1,12200000000,56,7.182
gemma3:12b,2638,0.5,0.95,20,10,NVIDIA GH200,67.0,96.0,1,12200000000,94,8.621
gemma3:12b,2695,0.5,0.95,20,10,NVIDIA GH200,67.0,96.0,1,12200000000,74,8.031
gemma3:12b,2677,0.5,0.95,20,10,NVIDIA GH200,67.0,96.0,1,12200000000,86,10.039
gemma3:12b,2692,0.5,0.95,20,10,NVIDIA GH200,67.0,96.0,1,12200000000,88,9.006
gemma3:12b,2687,0.5,0.95,20,10,NVIDIA GH200,67.0,96.0,1,12200000000,74,7.442
gemma3:12b,2684,0.5,0.95,20,10,NVIDIA GH200,67.0,96.0,1,12200000000,97,10.341
gemma3:12b,3633,0.5,0.95,20,10,NVIDIA GH200,67.0,96.0,1,12200000000,74,7.96
gemma3:12b,3594,0.5,0.95,20,10,NVIDIA GH200,67.0,96.0,1,12200000000,139,11.475
gemma3:12b,3676,0.5,0.95,20,10,NVIDIA GH200,67.0,96.0,1,12200000000,74,6.535
gemma3:12b,3637,0.5,0.95,20,10,NVIDIA GH200,67.0,96.0,1,12200000000,86,9.008
gemma3:12b,3673,0.5,0.95,20,10,NVIDIA GH200,67.0,96.0,1,12200000000,115,8.895
gemma3:12b,3656,0.5,0.95,20,10,NVIDIA GH200,67.0,96.0,1,12200000000,122,9.478
gemma3:12b,3639,0.5,0.95,20,10,NVIDIA GH200,67.0,96.0,1,12200000000,119,8.978
gemma3:12b,3571,0.5,0.95,20,10,NVIDIA GH200,67.0,96.0,1,12200000000,235,16.131
gemma3:12b,3674,0.5,0.95,20,10,NVIDIA GH200,67.0,96.0,1,12200000000,122,8.773
gemma3:12b,3792,0.5,0.95,20,10,NVIDIA GH200,67.0,96.0,1,12200000000,81,6.654
gemma3:12b,3737,0.5,0.95,20,10,NVIDIA GH200,67.0,96.0,1,12200000000,95,7.515
gemma3:12b,3767,0.5,0.95,20,10,NVIDIA GH200,67.0,96.0,1,12200000000,86,6.22
gemma3:12b,3823,0.5,0.95,20,10,NVIDIA GH200,67.0,96.0,1,12200000000,71,7.532
gemma3:12b,3841,0.5,0.95,20,10,NVIDIA GH200,67.0,96.0,1,12200000000,71,6.628
gemma3:12b,3913,0.5,0.95,20,10,NVIDIA GH200,67.0,96.0,1,12200000000,73,6.562
gemma3:12b,3801,0.5,0.95,20,10,NVIDIA GH200,67.0,96.0,1,12200000000,114,9.082
gemma3:12b,3898,0.5,0.95,20,10,NVIDIA GH200,67.0,96.0,1,12200000000,100,8.551
gemma3:12b,4740,0.5,0.95,20,10,NVIDIA GH200,67.0,96.0,1,12200000000,97,8.58
gemma3:12b,3921,0.5,0.95,20,10,NVIDIA GH200,67.0,96.0,1,12200000000,144,8.46
gemma3:12b,4879,0.5,0.95,20,10,NVIDIA GH200,67.0,96.0,1,12200000000,108,6.929
gemma3:12b,3957,0.5,0.95,20,10,NVIDIA GH200,67.0,96.0,1,12200000000,146,7.571
gemma3:12b,4851,0.5,0.95,20,10,NVIDIA GH200,67.0,96.0,1,12200000000,120,5.135
gemma3:12b,4902,0.5,0.95,20,10,NVIDIA GH200,67.0,96.0,1,12200000000,119,5.232
gemma3:12b,1235,0.5,0.95,20,10,NVIDIA A100-SXM4-40GB,19.49,40.0,4,12200000000,49,2.471
gemma3:12b,1235,0.5,0.95,20,10,NVIDIA A100-SXM4-40GB,19.49,40.0,4,12200000000,53,2.761
gemma3:12b,1235,0.5,0.95,20,10,NVIDIA A100-SXM4-40GB,19.49,40.0,4,12200000000,53,2.247
gemma3:12b,1235,0.5,0.95,20,10,NVIDIA A100-SXM4-40GB,19.49,40.0,4,12200000000,49,3.351
gemma3:12b,1235,0.5,0.95,20,10,NVIDIA A100-SXM4-40GB,19.49,40.0,4,12200000000,49,3.317
gemma3:12b,1235,0.5,0.95,20,10,NVIDIA A100-SXM4-40GB,19.49,40.0,4,12200000000,51,3.415
gemma3:12b,1235,0.5,0.95,20,10,NVIDIA A100-SXM4-40GB,19.49,40.0,4,12200000000,51,3.428
gemma3:12b,1235,0.5,0.95,20,10,NVIDIA A100-SXM4-40GB,19.49,40.0,4,12200000000,49,3.361
gemma3:12b,1235,0.5,0.95,20,10,NVIDIA A100-SXM4-40GB,19.49,40.0,4,12200000000,49,3.041
gemma3:12b,1235,0.5,0.95,20,10,NVIDIA A100-SXM4-40GB,19.49,40.0,4,12200000000,49,2.61
gemma3:12b,1329,0.5,0.95,20,10,NVIDIA A100-SXM4-40GB,19.49,40.0,4,12200000000,77,2.966
gemma3:12b,1333,0.5,0.95,20,10,NVIDIA A100-SXM4-40GB,19.49,40.0,4,12200000000,95,3.417
gemma3:12b,1333,0.5,0.95,20,10,NVIDIA A100-SXM4-40GB,19.49,40.0,4,12200000000,93,3.373
gemma3:12b,1329,0.5,0.95,20,10,NVIDIA A100-SXM4-40GB,19.49,40.0,4,12200000000,77,2.971
gemma3:12b,1331,0.5,0.95,20,10,NVIDIA A100-SXM4-40GB,19.49,40.0,4,12200000000,77,4.014
gemma3:12b,1329,0.5,0.95,20,10,NVIDIA A100-SXM4-40GB,19.49,40.0,4,12200000000,84,4.076
gemma3:12b,1329,0.5,0.95,20,10,NVIDIA A100-SXM4-40GB,19.49,40.0,4,12200000000,85,4.226
gemma3:12b,1331,0.5,0.95,20,10,NVIDIA A100-SXM4-40GB,19.49,40.0,4,12200000000,86,4.251
gemma3:12b,1329,0.5,0.95,20,10,NVIDIA A100-SXM4-40GB,19.49,40.0,4,12200000000,92,4.301
gemma3:12b,1329,0.5,0.95,20,10,NVIDIA A100-SXM4-40GB,19.49,40.0,4,12200000000,100,4.431
gemma3:12b,1458,0.5,0.95,20,10,NVIDIA A100-SXM4-40GB,19.49,40.0,4,12200000000,62,2.835
gemma3:12b,1456,0.5,0.95,20,10,NVIDIA A100-SXM4-40GB,19.49,40.0,4,12200000000,62,2.821
gemma3:12b,1420,0.5,0.95,20,10,NVIDIA A100-SXM4-40GB,19.49,40.0,4,12200000000,125,4.074
gemma3:12b,1420,0.5,0.95,20,10,NVIDIA A100-SXM4-40GB,19.49,40.0,4,12200000000,120,3.302
gemma3:12b,1444,0.5,0.95,20,10,NVIDIA A100-SXM4-40GB,19.49,40.0,4,12200000000,50,3.393
gemma3:12b,1427,0.5,0.95,20,10,NVIDIA A100-SXM4-40GB,19.49,40.0,4,12200000000,60,3.628
gemma3:12b,1459,0.5,0.95,20,10,NVIDIA A100-SXM4-40GB,19.49,40.0,4,12200000000,62,3.272
gemma3:12b,1451,0.5,0.95,20,10,NVIDIA A100-SXM4-40GB,19.49,40.0,4,12200000000,50,3.35
gemma3:12b,1447,0.5,0.95,20,10,NVIDIA A100-SXM4-40GB,19.49,40.0,4,12200000000,49,3.454
gemma3:12b,1422,0.5,0.95,20,10,NVIDIA A100-SXM4-40GB,19.49,40.0,4,12200000000,69,3.788
gemma3:12b,2427,0.5,0.95,20,10,NVIDIA A100-SXM4-40GB,19.49,40.0,4,12200000000,64,3.516
gemma3:12b,2425,0.5,0.95,20,10,NVIDIA A100-SXM4-40GB,19.49,40.0,4,12200000000,65,3.558
gemma3:12b,2452,0.5,0.95,20,10,NVIDIA A100-SXM4-40GB,19.49,40.0,4,12200000000,112,4.571
gemma3:12b,2447,0.5,0.95,20,10,NVIDIA A100-SXM4-40GB,19.49,40.0,4,12200000000,119,4.287
gemma3:12b,2401,0.5,0.95,20,10,NVIDIA A100-SXM4-40GB,19.49,40.0,4,12200000000,51,4.452
gemma3:12b,2395,0.5,0.95,20,10,NVIDIA A100-SXM4-40GB,19.49,40.0,4,12200000000,56,4.605
gemma3:12b,2389,0.5,0.95,20,10,NVIDIA A100-SXM4-40GB,19.49,40.0,4,12200000000,56,4.571
gemma3:12b,2428,0.5,0.95,20,10,NVIDIA A100-SXM4-40GB,19.49,40.0,4,12200000000,73,4.996
gemma3:12b,2399,0.5,0.95,20,10,NVIDIA A100-SXM4-40GB,19.49,40.0,4,12200000000,77,5.022
gemma3:12b,3394,0.5,0.95,20,10,NVIDIA A100-SXM4-40GB,19.49,40.0,4,12200000000,51,4.122
gemma3:12b,3393,0.5,0.95,20,10,NVIDIA A100-SXM4-40GB,19.49,40.0,4,12200000000,51,4.083
gemma3:12b,2594,0.5,0.95,20,10,NVIDIA A100-SXM4-40GB,19.49,40.0,4,12200000000,85,4.089
gemma3:12b,2608,0.5,0.95,20,10,NVIDIA A100-SXM4-40GB,19.49,40.0,4,12200000000,96,4.134
gemma3:12b,2408,0.5,0.95,20,10,NVIDIA A100-SXM4-40GB,19.49,40.0,4,12200000000,115,8.014
gemma3:12b,3355,0.5,0.95,20,10,NVIDIA A100-SXM4-40GB,19.49,40.0,4,12200000000,47,3.961
gemma3:12b,2546,0.5,0.95,20,10,NVIDIA A100-SXM4-40GB,19.49,40.0,4,12200000000,73,4.839
gemma3:12b,2519,0.5,0.95,20,10,NVIDIA A100-SXM4-40GB,19.49,40.0,4,12200000000,79,4.803
gemma3:12b,3490,0.5,0.95,20,10,NVIDIA A100-SXM4-40GB,19.49,40.0,4,12200000000,95,5.039
gemma3:12b,3489,0.5,0.95,20,10,NVIDIA A100-SXM4-40GB,19.49,40.0,4,12200000000,93,5.02
gemma3:12b,2488,0.5,0.95,20,10,NVIDIA A100-SXM4-40GB,19.49,40.0,4,12200000000,86,6.769
gemma3:12b,2494,0.5,0.95,20,10,NVIDIA A100-SXM4-40GB,19.49,40.0,4,12200000000,135,8.26
gemma3:12b,2568,0.5,0.95,20,10,NVIDIA A100-SXM4-40GB,19.49,40.0,4,12200000000,77,5.603
gemma3:12b,3447,0.5,0.95,20,10,NVIDIA A100-SXM4-40GB,19.49,40.0,4,12200000000,85,5.468
gemma3:12b,3630,0.5,0.95,20,10,NVIDIA A100-SXM4-40GB,19.49,40.0,4,12200000000,68,4.521
gemma3:12b,2616,0.5,0.95,20,10,NVIDIA A100-SXM4-40GB,19.49,40.0,4,12200000000,79,5.367
gemma3:12b,3627,0.5,0.95,20,10,NVIDIA A100-SXM4-40GB,19.49,40.0,4,12200000000,71,4.629
gemma3:12b,2633,0.5,0.95,20,10,NVIDIA A100-SXM4-40GB,19.49,40.0,4,12200000000,112,6.265
gemma3:12b,2671,0.5,0.95,20,10,NVIDIA A100-SXM4-40GB,19.49,40.0,4,12200000000,63,3.798
gemma3:12b,2616,0.5,0.95,20,10,NVIDIA A100-SXM4-40GB,19.49,40.0,4,12200000000,78,5.671
gemma3:12b,3577,0.5,0.95,20,10,NVIDIA A100-SXM4-40GB,19.49,40.0,4,12200000000,68,5.808
gemma3:12b,4591,0.5,0.95,20,10,NVIDIA A100-SXM4-40GB,19.49,40.0,4,12200000000,64,5.129
gemma3:12b,4591,0.5,0.95,20,10,NVIDIA A100-SXM4-40GB,19.49,40.0,4,12200000000,67,5.127
gemma3:12b,3602,0.5,0.95,20,10,NVIDIA A100-SXM4-40GB,19.49,40.0,4,12200000000,79,6.731
gemma3:12b,3652,0.5,0.95,20,10,NVIDIA A100-SXM4-40GB,19.49,40.0,4,12200000000,92,6.155
gemma3:12b,2690,0.5,0.95,20,10,NVIDIA A100-SXM4-40GB,19.49,40.0,4,12200000000,135,8.992
gemma3:12b,3587,0.5,0.95,20,10,NVIDIA A100-SXM4-40GB,19.49,40.0,4,12200000000,79,5.583
gemma3:12b,3627,0.5,0.95,20,10,NVIDIA A100-SXM4-40GB,19.49,40.0,4,12200000000,114,7.53
gemma3:12b,4538,0.5,0.95,20,10,NVIDIA A100-SXM4-40GB,19.49,40.0,4,12200000000,121,6.104
gemma3:12b,3711,0.5,0.95,20,10,NVIDIA A100-SXM4-40GB,19.49,40.0,4,12200000000,81,3.636
gemma3:12b,5558,0.5,0.95,20,10,NVIDIA A100-SXM4-40GB,19.49,40.0,4,12200000000,87,6.349
gemma3:12b,5561,0.5,0.95,20,10,NVIDIA A100-SXM4-40GB,19.49,40.0,4,12200000000,92,6.343
gemma3:12b,3724,0.5,0.95,20,10,NVIDIA A100-SXM4-40GB,19.49,40.0,4,12200000000,79,4.938
gemma3:12b,3837,0.5,0.95,20,10,NVIDIA A100-SXM4-40GB,19.49,40.0,4,12200000000,81,3.419
gemma3:12b,3782,0.5,0.95,20,10,NVIDIA A100-SXM4-40GB,19.49,40.0,4,12200000000,132,5.981
gemma3:12b,3846,0.5,0.95,20,10,NVIDIA A100-SXM4-40GB,19.49,40.0,4,12200000000,79,3.622
gemma3:12b,4826,0.5,0.95,20,10,NVIDIA A100-SXM4-40GB,19.49,40.0,4,12200000000,81,3.89
gemma3:12b,4832,0.5,0.95,20,10,NVIDIA A100-SXM4-40GB,19.49,40.0,4,12200000000,79,3.832
gemma3:12b,4952,0.5,0.95,20,10,NVIDIA A100-SXM4-40GB,19.49,40.0,4,12200000000,81,3.852
gemma3:12b,4954,0.5,0.95,20,10,NVIDIA A100-SXM4-40GB,19.49,40.0,4,12200000000,79,3.914
gemma3:12b,5078,0.5,0.95,20,10,NVIDIA A100-SXM4-40GB,19.49,40.0,4,12200000000,81,3.962
gemma3:12b,5076,0.5,0.95,20,10,NVIDIA A100-SXM4-40GB,19.49,40.0,4,12200000000,79,3.964
gemma3:12b,6067,0.5,0.95,20,10,NVIDIA A100-SXM4-40GB,19.49,40.0,4,12200000000,81,4.395
gemma3:12b,6062,0.5,0.95,20,10,NVIDIA A100-SXM4-40GB,19.49,40.0,4,12200000000,79,4.333
gemma3:12b,6193,0.5,0.95,20,10,NVIDIA A100-SXM4-40GB,19.49,40.0,4,12200000000,81,4.499
gemma3:12b,6184,0.5,0.95,20,10,NVIDIA A100-SXM4-40GB,19.49,40.0,4,12200000000,79,4.34
gemma3:12b,6319,0.5,0.95,20,10,NVIDIA A100-SXM4-40GB,19.49,40.0,4,12200000000,81,4.423
gemma3:12b,6306,0.5,0.95,20,10,NVIDIA A100-SXM4-40GB,19.49,40.0,4,12200000000,79,4.49
gemma3:12b,7308,0.5,0.95,20,10,NVIDIA A100-SXM4-40GB,19.49,40.0,4,12200000000,81,4.937
gemma3:12b,7292,0.5,0.95,20,10,NVIDIA A100-SXM4-40GB,19.49,40.0,4,12200000000,79,4.878
gemma3:12b,7434,0.5,0.95,20,10,NVIDIA A100-SXM4-40GB,19.49,40.0,4,12200000000,81,4.948
gemma3:12b,7414,0.5,0.95,20,10,NVIDIA A100-SXM4-40GB,19.49,40.0,4,12200000000,79,4.991
gemma3:12b,7560,0.5,0.95,20,10,NVIDIA A100-SXM4-40GB,19.49,40.0,4,12200000000,81,5.066
gemma3:12b,7536,0.5,0.95,20,10,NVIDIA A100-SXM4-40GB,19.49,40.0,4,12200000000,79,4.957
gemma3:12b,8549,0.5,0.95,20,10,NVIDIA A100-SXM4-40GB,19.49,40.0,4,12200000000,53,4.37
gemma3:12b,8522,0.5,0.95,20,10,NVIDIA A100-SXM4-40GB,19.49,40.0,4,12200000000,35,4.165
gemma3:12b,1235,0.5,1.0,20,1,NVIDIA GH200,67.0,96.0,1,12200000000,49,1.268
gemma3:12b,1329,0.5,1.0,20,1,NVIDIA GH200,67.0,96.0,1,12200000000,78,1.52
gemma3:12b,1421,0.5,1.0,20,1,NVIDIA GH200,67.0,96.0,1,12200000000,83,1.606
gemma3:12b,2412,0.5,1.0,20,1,NVIDIA GH200,67.0,96.0,1,12200000000,56,1.535
gemma3:12b,2511,0.5,1.0,20,1,NVIDIA GH200,67.0,96.0,1,12200000000,69,1.692
gemma3:12b,3483,0.5,1.0,20,1,NVIDIA GH200,67.0,96.0,1,12200000000,47,1.743
gemma3:12b,3575,0.5,1.0,20,1,NVIDIA GH200,67.0,96.0,1,12200000000,78,2.122
gemma3:12b,4531,0.5,1.0,20,1,NVIDIA GH200,67.0,96.0,1,12200000000,110,2.65
gemma3:12b,1235,0.5,1.0,20,1,NVIDIA A100-SXM4-40GB,19.49,40.0,4,12200000000,51,2.049
gemma3:12b,1331,0.5,1.0,20,1,NVIDIA A100-SXM4-40GB,19.49,40.0,4,12200000000,77,2.424
gemma3:12b,1422,0.5,1.0,20,1,NVIDIA A100-SXM4-40GB,19.49,40.0,4,12200000000,77,2.47
gemma3:12b,2407,0.5,1.0,20,1,NVIDIA A100-SXM4-40GB,19.49,40.0,4,12200000000,75,2.678
gemma3:12b,2525,0.5,1.0,20,1,NVIDIA A100-SXM4-40GB,19.49,40.0,4,12200000000,85,2.937
gemma3:12b,3513,0.5,1.0,20,1,NVIDIA A100-SXM4-40GB,19.49,40.0,4,12200000000,49,2.789
gemma3:12b,3607,0.5,1.0,20,1,NVIDIA A100-SXM4-40GB,19.49,40.0,4,12200000000,75,3.214
gemma3:12b,4575,0.5,1.0,20,1,NVIDIA A100-SXM4-40GB,19.49,40.0,4,12200000000,60,3.508
gemma3:12b,4649,0.5,1.0,20,1,NVIDIA A100-SXM4-40GB,19.49,40.0,4,12200000000,116,4.14
gemma3:12b,1235,0.5,1.0,20,5,NVIDIA GH200,67.0,96.0,1,12200000000,53,2.857
gemma3:12b,1235,0.5,1.0,20,5,NVIDIA GH200,67.0,96.0,1,12200000000,53,2.842
gemma3:12b,1235,0.5,1.0,20,5,NVIDIA GH200,67.0,96.0,1,12200000000,49,2.437
gemma3:12b,1235,0.5,1.0,20,5,NVIDIA GH200,67.0,96.0,1,12200000000,51,2.277
gemma3:12b,1235,0.5,1.0,20,5,NVIDIA GH200,67.0,96.0,1,12200000000,53,2.486
gemma3:12b,1329,0.5,1.0,20,5,NVIDIA GH200,67.0,96.0,1,12200000000,67,3.214
gemma3:12b,1333,0.5,1.0,20,5,NVIDIA GH200,67.0,96.0,1,12200000000,77,3.419
gemma3:12b,1333,0.5,1.0,20,5,NVIDIA GH200,67.0,96.0,1,12200000000,75,3.39
gemma3:12b,1331,0.5,1.0,20,5,NVIDIA GH200,67.0,96.0,1,12200000000,79,3.421
gemma3:12b,1333,0.5,1.0,20,5,NVIDIA GH200,67.0,96.0,1,12200000000,90,4.595
gemma3:12b,1438,0.5,1.0,20,5,NVIDIA GH200,67.0,96.0,1,12200000000,50,2.831
gemma3:12b,1424,0.5,1.0,20,5,NVIDIA GH200,67.0,96.0,1,12200000000,57,3.005
gemma3:12b,1424,0.5,1.0,20,5,NVIDIA GH200,67.0,96.0,1,12200000000,61,3.122
gemma3:12b,1426,0.5,1.0,20,5,NVIDIA GH200,67.0,96.0,1,12200000000,79,4.05
gemma3:12b,1453,0.5,1.0,20,5,NVIDIA GH200,67.0,96.0,1,12200000000,76,4.124
gemma3:12b,2389,0.5,1.0,20,5,NVIDIA GH200,67.0,96.0,1,12200000000,56,4.081
gemma3:12b,2393,0.5,1.0,20,5,NVIDIA GH200,67.0,96.0,1,12200000000,67,4.221
gemma3:12b,2436,0.5,1.0,20,5,NVIDIA GH200,67.0,96.0,1,12200000000,63,3.061
gemma3:12b,2395,0.5,1.0,20,5,NVIDIA GH200,67.0,96.0,1,12200000000,99,6.751
gemma3:12b,2412,0.5,1.0,20,5,NVIDIA GH200,67.0,96.0,1,12200000000,110,6.167
gemma3:12b,3402,0.5,1.0,20,5,NVIDIA GH200,67.0,96.0,1,12200000000,51,3.444
gemma3:12b,2503,0.5,1.0,20,5,NVIDIA GH200,67.0,96.0,1,12200000000,86,5.088
gemma3:12b,2488,0.5,1.0,20,5,NVIDIA GH200,67.0,96.0,1,12200000000,100,6.071
gemma3:12b,2539,0.5,1.0,20,5,NVIDIA GH200,67.0,96.0,1,12200000000,64,3.674
gemma3:12b,2564,0.5,1.0,20,5,NVIDIA GH200,67.0,96.0,1,12200000000,69,3.376
gemma3:12b,3498,0.5,1.0,20,5,NVIDIA GH200,67.0,96.0,1,12200000000,90,4.612
gemma3:12b,2663,0.5,1.0,20,5,NVIDIA GH200,67.0,96.0,1,12200000000,88,4.408
gemma3:12b,2617,0.5,1.0,20,5,NVIDIA GH200,67.0,96.0,1,12200000000,91,4.645
gemma3:12b,2630,0.5,1.0,20,5,NVIDIA GH200,67.0,96.0,1,12200000000,108,4.888
gemma3:12b,3633,0.5,1.0,20,5,NVIDIA GH200,67.0,96.0,1,12200000000,76,5.024
gemma3:12b,3616,0.5,1.0,20,5,NVIDIA GH200,67.0,96.0,1,12200000000,97,5.498
gemma3:12b,3645,0.5,1.0,20,5,NVIDIA GH200,67.0,96.0,1,12200000000,105,5.607
gemma3:12b,4602,0.5,1.0,20,5,NVIDIA GH200,67.0,96.0,1,12200000000,63,2.582
gemma3:12b,3659,0.5,1.0,20,5,NVIDIA GH200,67.0,96.0,1,12200000000,149,8.512
gemma3:12b,5568,0.5,1.0,20,5,NVIDIA GH200,67.0,96.0,1,12200000000,79,3.645
gemma3:12b,3764,0.5,1.0,20,5,NVIDIA GH200,67.0,96.0,1,12200000000,159,6.111
gemma3:12b,5692,0.5,1.0,20,5,NVIDIA GH200,67.0,96.0,1,12200000000,81,3.874
gemma3:12b,5818,0.5,1.0,20,5,NVIDIA GH200,67.0,96.0,1,12200000000,81,3.081
gemma3:12b,3965,0.5,1.0,20,5,NVIDIA GH200,67.0,96.0,1,12200000000,240,7.42
gemma3:12b,6807,0.5,1.0,20,5,NVIDIA GH200,67.0,96.0,1,12200000000,81,3.274
gemma3:12b,6933,0.5,1.0,20,5,NVIDIA GH200,67.0,96.0,1,12200000000,81,3.011
gemma3:12b,7059,0.5,1.0,20,5,NVIDIA GH200,67.0,96.0,1,12200000000,79,3.02
gemma3:12b,8046,0.5,1.0,20,5,NVIDIA GH200,67.0,96.0,1,12200000000,81,3.178
gemma3:12b,8172,0.5,1.0,20,5,NVIDIA GH200,67.0,96.0,1,12200000000,39,2.581
gemma3:12b,1235,0.5,1.0,20,5,NVIDIA A100-SXM4-40GB,19.49,40.0,4,12200000000,50,2.024
gemma3:12b,1235,0.5,1.0,20,5,NVIDIA A100-SXM4-40GB,19.49,40.0,4,12200000000,53,2.073
gemma3:12b,1235,0.5,1.0,20,5,NVIDIA A100-SXM4-40GB,19.49,40.0,4,12200000000,51,2.722
gemma3:12b,1235,0.5,1.0,20,5,NVIDIA A100-SXM4-40GB,19.49,40.0,4,12200000000,51,2.622
gemma3:12b,1235,0.5,1.0,20,5,NVIDIA A100-SXM4-40GB,19.49,40.0,4,12200000000,49,2.009
gemma3:12b,1333,0.5,1.0,20,5,NVIDIA A100-SXM4-40GB,19.49,40.0,4,12200000000,68,2.091
gemma3:12b,1330,0.5,1.0,20,5,NVIDIA A100-SXM4-40GB,19.49,40.0,4,12200000000,101,2.645
gemma3:12b,1329,0.5,1.0,20,5,NVIDIA A100-SXM4-40GB,19.49,40.0,4,12200000000,83,2.419
gemma3:12b,1331,0.5,1.0,20,5,NVIDIA A100-SXM4-40GB,19.49,40.0,4,12200000000,85,3.339
gemma3:12b,1431,0.5,1.0,20,5,NVIDIA A100-SXM4-40GB,19.49,40.0,4,12200000000,62,2.044
gemma3:12b,1331,0.5,1.0,20,5,NVIDIA A100-SXM4-40GB,19.49,40.0,4,12200000000,101,3.594
gemma3:12b,1445,0.5,1.0,20,5,NVIDIA A100-SXM4-40GB,19.49,40.0,4,12200000000,96,2.756
gemma3:12b,1442,0.5,1.0,20,5,NVIDIA A100-SXM4-40GB,19.49,40.0,4,12200000000,50,1.888
gemma3:12b,1446,0.5,1.0,20,5,NVIDIA A100-SXM4-40GB,19.49,40.0,4,12200000000,57,2.756
gemma3:12b,2400,0.5,1.0,20,5,NVIDIA A100-SXM4-40GB,19.49,40.0,4,12200000000,92,2.874
gemma3:12b,1446,0.5,1.0,20,5,NVIDIA A100-SXM4-40GB,19.49,40.0,4,12200000000,82,3.033
gemma3:12b,2449,0.5,1.0,20,5,NVIDIA A100-SXM4-40GB,19.49,40.0,4,12200000000,52,2.333
gemma3:12b,2399,0.5,1.0,20,5,NVIDIA A100-SXM4-40GB,19.49,40.0,4,12200000000,48,2.207
gemma3:12b,2522,0.5,1.0,20,5,NVIDIA A100-SXM4-40GB,19.49,40.0,4,12200000000,92,2.951
gemma3:12b,2421,0.5,1.0,20,5,NVIDIA A100-SXM4-40GB,19.49,40.0,4,12200000000,50,3.032
gemma3:12b,3350,0.5,1.0,20,5,NVIDIA A100-SXM4-40GB,19.49,40.0,4,12200000000,47,2.644
gemma3:12b,2410,0.5,1.0,20,5,NVIDIA A100-SXM4-40GB,19.49,40.0,4,12200000000,76,3.78
gemma3:12b,2544,0.5,1.0,20,5,NVIDIA A100-SXM4-40GB,19.49,40.0,4,12200000000,91,3.05
gemma3:12b,2644,0.5,1.0,20,5,NVIDIA A100-SXM4-40GB,19.49,40.0,4,12200000000,92,3.003
gemma3:12b,3442,0.5,1.0,20,5,NVIDIA A100-SXM4-40GB,19.49,40.0,4,12200000000,83,3.274
gemma3:12b,2514,0.5,1.0,20,5,NVIDIA A100-SXM4-40GB,19.49,40.0,4,12200000000,68,3.837
gemma3:12b,2665,0.5,1.0,20,5,NVIDIA A100-SXM4-40GB,19.49,40.0,4,12200000000,120,3.503
gemma3:12b,2516,0.5,1.0,20,5,NVIDIA A100-SXM4-40GB,19.49,40.0,4,12200000000,78,3.768
gemma3:12b,3629,0.5,1.0,20,5,NVIDIA A100-SXM4-40GB,19.49,40.0,4,12200000000,74,3.181
gemma3:12b,3570,0.5,1.0,20,5,NVIDIA A100-SXM4-40GB,19.49,40.0,4,12200000000,76,3.15
gemma3:12b,3690,0.5,1.0,20,5,NVIDIA A100-SXM4-40GB,19.49,40.0,4,12200000000,94,3.589
gemma3:12b,2624,0.5,1.0,20,5,NVIDIA A100-SXM4-40GB,19.49,40.0,4,12200000000,76,3.876
gemma3:12b,2612,0.5,1.0,20,5,NVIDIA A100-SXM4-40GB,19.49,40.0,4,12200000000,92,4.27
gemma3:12b,3733,0.5,1.0,20,5,NVIDIA A100-SXM4-40GB,19.49,40.0,4,12200000000,74,3.154
gemma3:12b,4539,0.5,1.0,20,5,NVIDIA A100-SXM4-40GB,19.49,40.0,4,12200000000,76,3.466
gemma3:12b,3827,0.5,1.0,20,5,NVIDIA A100-SXM4-40GB,19.49,40.0,4,12200000000,93,3.607
gemma3:12b,3609,0.5,1.0,20,5,NVIDIA A100-SXM4-40GB,19.49,40.0,4,12200000000,61,4.315
gemma3:12b,3837,0.5,1.0,20,5,NVIDIA A100-SXM4-40GB,19.49,40.0,4,12200000000,95,3.434
gemma3:12b,3593,0.5,1.0,20,5,NVIDIA A100-SXM4-40GB,19.49,40.0,4,12200000000,76,4.692
gemma3:12b,4645,0.5,1.0,20,5,NVIDIA A100-SXM4-40GB,19.49,40.0,4,12200000000,83,3.703
gemma3:12b,3965,0.5,1.0,20,5,NVIDIA A100-SXM4-40GB,19.49,40.0,4,12200000000,170,4.721
gemma3:12b,3715,0.5,1.0,20,5,NVIDIA A100-SXM4-40GB,19.49,40.0,4,12200000000,75,4.889
gemma3:12b,3699,0.5,1.0,20,5,NVIDIA A100-SXM4-40GB,19.49,40.0,4,12200000000,78,4.87
gemma3:12b,4773,0.5,1.0,20,5,NVIDIA A100-SXM4-40GB,19.49,40.0,4,12200000000,120,4.314
gemma3:12b,3807,0.5,1.0,20,5,NVIDIA A100-SXM4-40GB,19.49,40.0,4,12200000000,49,4.252
gemma3:12b,3831,0.5,1.0,20,5,NVIDIA A100-SXM4-40GB,19.49,40.0,4,12200000000,74,4.868
gemma3:12b,4808,0.5,1.0,20,5,NVIDIA A100-SXM4-40GB,19.49,40.0,4,12200000000,96,3.973
gemma3:12b,1235,0.5,1.0,20,10,NVIDIA GH200,67.0,96.0,1,12200000000,49,4.088
gemma3:12b,1235,0.5,1.0,20,10,NVIDIA GH200,67.0,96.0,1,12200000000,49,3.938
gemma3:12b,1235,0.5,1.0,20,10,NVIDIA GH200,67.0,96.0,1,12200000000,51,4.062
gemma3:12b,1235,0.5,1.0,20,10,NVIDIA GH200,67.0,96.0,1,12200000000,49,3.957
gemma3:12b,1235,0.5,1.0,20,10,NVIDIA GH200,67.0,96.0,1,12200000000,50,3.943
gemma3:12b,1235,0.5,1.0,20,10,NVIDIA GH200,67.0,96.0,1,12200000000,51,3.886
gemma3:12b,1235,0.5,1.0,20,10,NVIDIA GH200,67.0,96.0,1,12200000000,51,4.081
gemma3:12b,1235,0.5,1.0,20,10,NVIDIA GH200,67.0,96.0,1,12200000000,53,4.026
gemma3:12b,1235,0.5,1.0,20,10,NVIDIA GH200,67.0,96.0,1,12200000000,53,3.559
gemma3:12b,1235,0.5,1.0,20,10,NVIDIA GH200,67.0,96.0,1,12200000000,53,2.787
gemma3:12b,1331,0.5,1.0,20,10,NVIDIA GH200,67.0,96.0,1,12200000000,68,4.569
gemma3:12b,1330,0.5,1.0,20,10,NVIDIA GH200,67.0,96.0,1,12200000000,68,4.663
gemma3:12b,1329,0.5,1.0,20,10,NVIDIA GH200,67.0,96.0,1,12200000000,84,5.609
gemma3:12b,1333,0.5,1.0,20,10,NVIDIA GH200,67.0,96.0,1,12200000000,84,5.527
gemma3:12b,1333,0.5,1.0,20,10,NVIDIA GH200,67.0,96.0,1,12200000000,84,5.511
gemma3:12b,1329,0.5,1.0,20,10,NVIDIA GH200,67.0,96.0,1,12200000000,85,5.632
gemma3:12b,1333,0.5,1.0,20,10,NVIDIA GH200,67.0,96.0,1,12200000000,83,5.532
gemma3:12b,1331,0.5,1.0,20,10,NVIDIA GH200,67.0,96.0,1,12200000000,83,5.607
gemma3:12b,1329,0.5,1.0,20,10,NVIDIA GH200,67.0,96.0,1,12200000000,101,6.005
gemma3:12b,1331,0.5,1.0,20,10,NVIDIA GH200,67.0,96.0,1,12200000000,98,6.112
gemma3:12b,1429,0.5,1.0,20,10,NVIDIA GH200,67.0,96.0,1,12200000000,49,4.607
gemma3:12b,1444,0.5,1.0,20,10,NVIDIA GH200,67.0,96.0,1,12200000000,59,4.505
gemma3:12b,1459,0.5,1.0,20,10,NVIDIA GH200,67.0,96.0,1,12200000000,63,4.296
gemma3:12b,1427,0.5,1.0,20,10,NVIDIA GH200,67.0,96.0,1,12200000000,73,5.315
gemma3:12b,1431,0.5,1.0,20,10,NVIDIA GH200,67.0,96.0,1,12200000000,73,5.405
gemma3:12b,1431,0.5,1.0,20,10,NVIDIA GH200,67.0,96.0,1,12200000000,83,7.351
gemma3:12b,1428,0.5,1.0,20,10,NVIDIA GH200,67.0,96.0,1,12200000000,92,7.579
gemma3:12b,1428,0.5,1.0,20,10,NVIDIA GH200,67.0,96.0,1,12200000000,104,7.681
gemma3:12b,1428,0.5,1.0,20,10,NVIDIA GH200,67.0,96.0,1,12200000000,118,8.832
gemma3:12b,1430,0.5,1.0,20,10,NVIDIA GH200,67.0,96.0,1,12200000000,100,7.973
gemma3:12b,2371,0.5,1.0,20,10,NVIDIA GH200,67.0,96.0,1,12200000000,56,6.483
gemma3:12b,2411,0.5,1.0,20,10,NVIDIA GH200,67.0,96.0,1,12200000000,52,6.474
gemma3:12b,2393,0.5,1.0,20,10,NVIDIA GH200,67.0,96.0,1,12200000000,50,5.998
gemma3:12b,2397,0.5,1.0,20,10,NVIDIA GH200,67.0,96.0,1,12200000000,56,6.065
gemma3:12b,2421,0.5,1.0,20,10,NVIDIA GH200,67.0,96.0,1,12200000000,47,4.574
gemma3:12b,2453,0.5,1.0,20,10,NVIDIA GH200,67.0,96.0,1,12200000000,48,5.67
gemma3:12b,2438,0.5,1.0,20,10,NVIDIA GH200,67.0,96.0,1,12200000000,64,7.349
gemma3:12b,2428,0.5,1.0,20,10,NVIDIA GH200,67.0,96.0,1,12200000000,73,7.857
gemma3:12b,2429,0.5,1.0,20,10,NVIDIA GH200,67.0,96.0,1,12200000000,111,12.144
gemma3:12b,3371,0.5,1.0,20,10,NVIDIA GH200,67.0,96.0,1,12200000000,51,6.071
gemma3:12b,3404,0.5,1.0,20,10,NVIDIA GH200,67.0,96.0,1,12200000000,48,4.51
gemma3:12b,2470,0.5,1.0,20,10,NVIDIA GH200,67.0,96.0,1,12200000000,96,8.2
gemma3:12b,2506,0.5,1.0,20,10,NVIDIA GH200,67.0,96.0,1,12200000000,100,9.804
gemma3:12b,2486,0.5,1.0,20,10,NVIDIA GH200,67.0,96.0,1,12200000000,117,10.858
gemma3:12b,2496,0.5,1.0,20,10,NVIDIA GH200,67.0,96.0,1,12200000000,118,10.706
gemma3:12b,2544,0.5,1.0,20,10,NVIDIA GH200,67.0,96.0,1,12200000000,100,8.392
gemma3:12b,2596,0.5,1.0,20,10,NVIDIA GH200,67.0,96.0,1,12200000000,69,5.932
gemma3:12b,3497,0.5,1.0,20,10,NVIDIA GH200,67.0,96.0,1,12200000000,68,6.138
gemma3:12b,2585,0.5,1.0,20,10,NVIDIA GH200,67.0,96.0,1,12200000000,108,9.69
gemma3:12b,3467,0.5,1.0,20,10,NVIDIA GH200,67.0,96.0,1,12200000000,84,8.649
gemma3:12b,2545,0.5,1.0,20,10,NVIDIA GH200,67.0,96.0,1,12200000000,145,12.066
gemma3:12b,2636,0.5,1.0,20,10,NVIDIA GH200,67.0,96.0,1,12200000000,77,7.758
gemma3:12b,2645,0.5,1.0,20,10,NVIDIA GH200,67.0,96.0,1,12200000000,68,6.929
gemma3:12b,2674,0.5,1.0,20,10,NVIDIA GH200,67.0,96.0,1,12200000000,75,7.742
gemma3:12b,2644,0.5,1.0,20,10,NVIDIA GH200,67.0,96.0,1,12200000000,101,9.478
gemma3:12b,3573,0.5,1.0,20,10,NVIDIA GH200,67.0,96.0,1,12200000000,87,7.561
gemma3:12b,3565,0.5,1.0,20,10,NVIDIA GH200,67.0,96.0,1,12200000000,64,5.451
gemma3:12b,3610,0.5,1.0,20,10,NVIDIA GH200,67.0,96.0,1,12200000000,116,11.073
gemma3:12b,3606,0.5,1.0,20,10,NVIDIA GH200,67.0,96.0,1,12200000000,71,6.406
gemma3:12b,3653,0.5,1.0,20,10,NVIDIA GH200,67.0,96.0,1,12200000000,52,6.434
gemma3:12b,3621,0.5,1.0,20,10,NVIDIA GH200,67.0,96.0,1,12200000000,102,9.331
gemma3:12b,2723,0.5,1.0,20,10,NVIDIA GH200,67.0,96.0,1,12200000000,147,11.746
gemma3:12b,4537,0.5,1.0,20,10,NVIDIA GH200,67.0,96.0,1,12200000000,90,9.377
gemma3:12b,3707,0.5,1.0,20,10,NVIDIA GH200,67.0,96.0,1,12200000000,64,7.348
gemma3:12b,4619,0.5,1.0,20,10,NVIDIA GH200,67.0,96.0,1,12200000000,123,9.586
gemma3:12b,3719,0.5,1.0,20,10,NVIDIA GH200,67.0,96.0,1,12200000000,102,7.175
gemma3:12b,3657,0.5,1.0,20,10,NVIDIA GH200,67.0,96.0,1,12200000000,187,13.683
gemma3:12b,3778,0.5,1.0,20,10,NVIDIA GH200,67.0,96.0,1,12200000000,111,7.128
gemma3:12b,3737,0.5,1.0,20,10,NVIDIA GH200,67.0,96.0,1,12200000000,131,7.678
gemma3:12b,4657,0.5,1.0,20,10,NVIDIA GH200,67.0,96.0,1,12200000000,101,4.478
gemma3:12b,3785,0.5,1.0,20,10,NVIDIA GH200,67.0,96.0,1,12200000000,156,4.078
gemma3:12b,4834,0.5,1.0,20,10,NVIDIA GH200,67.0,96.0,1,12200000000,91,2.465
gemma3:12b,1235,0.5,1.0,20,10,NVIDIA A100-SXM4-40GB,19.49,40.0,4,12200000000,53,2.674
gemma3:12b,1235,0.5,1.0,20,10,NVIDIA A100-SXM4-40GB,19.49,40.0,4,12200000000,51,2.655
gemma3:12b,1235,0.5,1.0,20,10,NVIDIA A100-SXM4-40GB,19.49,40.0,4,12200000000,53,2.73
gemma3:12b,1235,0.5,1.0,20,10,NVIDIA A100-SXM4-40GB,19.49,40.0,4,12200000000,53,2.467
gemma3:12b,1235,0.5,1.0,20,10,NVIDIA A100-SXM4-40GB,19.49,40.0,4,12200000000,50,3.339
gemma3:12b,1235,0.5,1.0,20,10,NVIDIA A100-SXM4-40GB,19.49,40.0,4,12200000000,50,3.25
gemma3:12b,1235,0.5,1.0,20,10,NVIDIA A100-SXM4-40GB,19.49,40.0,4,12200000000,49,3.331
gemma3:12b,1235,0.5,1.0,20,10,NVIDIA A100-SXM4-40GB,19.49,40.0,4,12200000000,53,3.366
gemma3:12b,1235,0.5,1.0,20,10,NVIDIA A100-SXM4-40GB,19.49,40.0,4,12200000000,49,3.318
gemma3:12b,1235,0.5,1.0,20,10,NVIDIA A100-SXM4-40GB,19.49,40.0,4,12200000000,49,3.183
gemma3:12b,1331,0.5,1.0,20,10,NVIDIA A100-SXM4-40GB,19.49,40.0,4,12200000000,68,2.983
gemma3:12b,1333,0.5,1.0,20,10,NVIDIA A100-SXM4-40GB,19.49,40.0,4,12200000000,83,3.193
gemma3:12b,1333,0.5,1.0,20,10,NVIDIA A100-SXM4-40GB,19.49,40.0,4,12200000000,83,3.194
gemma3:12b,1333,0.5,1.0,20,10,NVIDIA A100-SXM4-40GB,19.49,40.0,4,12200000000,101,3.491
gemma3:12b,1330,0.5,1.0,20,10,NVIDIA A100-SXM4-40GB,19.49,40.0,4,12200000000,66,3.709
gemma3:12b,1333,0.5,1.0,20,10,NVIDIA A100-SXM4-40GB,19.49,40.0,4,12200000000,68,3.685
gemma3:12b,1330,0.5,1.0,20,10,NVIDIA A100-SXM4-40GB,19.49,40.0,4,12200000000,84,3.993
gemma3:12b,1329,0.5,1.0,20,10,NVIDIA A100-SXM4-40GB,19.49,40.0,4,12200000000,85,4.23
gemma3:12b,1329,0.5,1.0,20,10,NVIDIA A100-SXM4-40GB,19.49,40.0,4,12200000000,94,4.349
gemma3:12b,1329,0.5,1.0,20,10,NVIDIA A100-SXM4-40GB,19.49,40.0,4,12200000000,101,4.507
gemma3:12b,1429,0.5,1.0,20,10,NVIDIA A100-SXM4-40GB,19.49,40.0,4,12200000000,54,2.696
gemma3:12b,1430,0.5,1.0,20,10,NVIDIA A100-SXM4-40GB,19.49,40.0,4,12200000000,75,2.871
gemma3:12b,1448,0.5,1.0,20,10,NVIDIA A100-SXM4-40GB,19.49,40.0,4,12200000000,61,2.539
gemma3:12b,1430,0.5,1.0,20,10,NVIDIA A100-SXM4-40GB,19.49,40.0,4,12200000000,89,3.295
gemma3:12b,1426,0.5,1.0,20,10,NVIDIA A100-SXM4-40GB,19.49,40.0,4,12200000000,56,3.487
gemma3:12b,1444,0.5,1.0,20,10,NVIDIA A100-SXM4-40GB,19.49,40.0,4,12200000000,62,3.311
gemma3:12b,1431,0.5,1.0,20,10,NVIDIA A100-SXM4-40GB,19.49,40.0,4,12200000000,69,3.67
gemma3:12b,1444,0.5,1.0,20,10,NVIDIA A100-SXM4-40GB,19.49,40.0,4,12200000000,61,3.52
gemma3:12b,2413,0.5,1.0,20,10,NVIDIA A100-SXM4-40GB,19.49,40.0,4,12200000000,54,3.165
gemma3:12b,2417,0.5,1.0,20,10,NVIDIA A100-SXM4-40GB,19.49,40.0,4,12200000000,50,3.286
gemma3:12b,2412,0.5,1.0,20,10,NVIDIA A100-SXM4-40GB,19.49,40.0,4,12200000000,50,2.927
gemma3:12b,1437,0.5,1.0,20,10,NVIDIA A100-SXM4-40GB,19.49,40.0,4,12200000000,105,5.393
gemma3:12b,2390,0.5,1.0,20,10,NVIDIA A100-SXM4-40GB,19.49,40.0,4,12200000000,109,5.287
gemma3:12b,2413,0.5,1.0,20,10,NVIDIA A100-SXM4-40GB,19.49,40.0,4,12200000000,52,3.62
gemma3:12b,2389,0.5,1.0,20,10,NVIDIA A100-SXM4-40GB,19.49,40.0,4,12200000000,75,5.131
gemma3:12b,2407,0.5,1.0,20,10,NVIDIA A100-SXM4-40GB,19.49,40.0,4,12200000000,92,5.253
gemma3:12b,2413,0.5,1.0,20,10,NVIDIA A100-SXM4-40GB,19.49,40.0,4,12200000000,92,5.313
gemma3:12b,2505,0.5,1.0,20,10,NVIDIA A100-SXM4-40GB,19.49,40.0,4,12200000000,72,3.85
gemma3:12b,2510,0.5,1.0,20,10,NVIDIA A100-SXM4-40GB,19.49,40.0,4,12200000000,137,5.127
gemma3:12b,2541,0.5,1.0,20,10,NVIDIA A100-SXM4-40GB,19.49,40.0,4,12200000000,92,3.391
gemma3:12b,2449,0.5,1.0,20,10,NVIDIA A100-SXM4-40GB,19.49,40.0,4,12200000000,76,4.176
gemma3:12b,2510,0.5,1.0,20,10,NVIDIA A100-SXM4-40GB,19.49,40.0,4,12200000000,123,5.714
gemma3:12b,2607,0.5,1.0,20,10,NVIDIA A100-SXM4-40GB,19.49,40.0,4,12200000000,81,3.868
gemma3:12b,2508,0.5,1.0,20,10,NVIDIA A100-SXM4-40GB,19.49,40.0,4,12200000000,140,5.907
gemma3:12b,2494,0.5,1.0,20,10,NVIDIA A100-SXM4-40GB,19.49,40.0,4,12200000000,84,5.45
gemma3:12b,2675,0.5,1.0,20,10,NVIDIA A100-SXM4-40GB,19.49,40.0,4,12200000000,91,3.158
gemma3:12b,2555,0.5,1.0,20,10,NVIDIA A100-SXM4-40GB,19.49,40.0,4,12200000000,93,3.93
gemma3:12b,2529,0.5,1.0,20,10,NVIDIA A100-SXM4-40GB,19.49,40.0,4,12200000000,92,5.245
gemma3:12b,2689,0.5,1.0,20,10,NVIDIA A100-SXM4-40GB,19.49,40.0,4,12200000000,70,4.119
gemma3:12b,2677,0.5,1.0,20,10,NVIDIA A100-SXM4-40GB,19.49,40.0,4,12200000000,70,4.118
gemma3:12b,2535,0.5,1.0,20,10,NVIDIA A100-SXM4-40GB,19.49,40.0,4,12200000000,94,5.275
gemma3:12b,3671,0.5,1.0,20,10,NVIDIA A100-SXM4-40GB,19.49,40.0,4,12200000000,120,3.816
gemma3:12b,3652,0.5,1.0,20,10,NVIDIA A100-SXM4-40GB,19.49,40.0,4,12200000000,98,4.967
gemma3:12b,3652,0.5,1.0,20,10,NVIDIA A100-SXM4-40GB,19.49,40.0,4,12200000000,88,5.053
gemma3:12b,2690,0.5,1.0,20,10,NVIDIA A100-SXM4-40GB,19.49,40.0,4,12200000000,110,5.336
gemma3:12b,2620,0.5,1.0,20,10,NVIDIA A100-SXM4-40GB,19.49,40.0,4,12200000000,71,5.4
gemma3:12b,2651,0.5,1.0,20,10,NVIDIA A100-SXM4-40GB,19.49,40.0,4,12200000000,92,5.627
gemma3:12b,2659,0.5,1.0,20,10,NVIDIA A100-SXM4-40GB,19.49,40.0,4,12200000000,92,5.595
gemma3:12b,3832,0.5,1.0,20,10,NVIDIA A100-SXM4-40GB,19.49,40.0,4,12200000000,110,3.819
gemma3:12b,2693,0.5,1.0,20,10,NVIDIA A100-SXM4-40GB,19.49,40.0,4,12200000000,167,7.657
gemma3:12b,3785,0.5,1.0,20,10,NVIDIA A100-SXM4-40GB,19.49,40.0,4,12200000000,133,4.001
gemma3:12b,3693,0.5,1.0,20,10,NVIDIA A100-SXM4-40GB,19.49,40.0,4,12200000000,105,4.3
gemma3:12b,3982,0.5,1.0,20,10,NVIDIA A100-SXM4-40GB,19.49,40.0,4,12200000000,97,3.619
gemma3:12b,3636,0.5,1.0,20,10,NVIDIA A100-SXM4-40GB,19.49,40.0,4,12200000000,70,5.964
gemma3:12b,3812,0.5,1.0,20,10,NVIDIA A100-SXM4-40GB,19.49,40.0,4,12200000000,23,2.489
gemma3:12b,3644,0.5,1.0,20,10,NVIDIA A100-SXM4-40GB,19.49,40.0,4,12200000000,92,6.414
gemma3:12b,4982,0.5,1.0,20,10,NVIDIA A100-SXM4-40GB,19.49,40.0,4,12200000000,81,3.715
gemma3:12b,1444,0.5,1.0,20,10,NVIDIA A100-SXM4-40GB,19.49,40.0,4,12200000000,765,29.43
gemma3:12b,3599,0.5,1.0,20,10,NVIDIA A100-SXM4-40GB,19.49,40.0,4,12200000000,138,10.604
gemma3:12b,3736,0.5,1.0,20,10,NVIDIA A100-SXM4-40GB,19.49,40.0,4,12200000000,70,6.477
gemma3:12b,3102,0.5,1.0,20,10,NVIDIA A100-SXM4-40GB,19.49,40.0,4,12200000000,56,2.724
gemma3:12b,5967,0.5,1.0,20,10,NVIDIA A100-SXM4-40GB,19.49,40.0,4,12200000000,98,4.443
gemma3:12b,3766,0.5,1.0,20,10,NVIDIA A100-SXM4-40GB,19.49,40.0,4,12200000000,94,7.47
gemma3:12b,3201,0.5,1.0,20,10,NVIDIA A100-SXM4-40GB,19.49,40.0,4,12200000000,63,2.862
gemma3:12b,3782,0.5,1.0,20,10,NVIDIA A100-SXM4-40GB,19.49,40.0,4,12200000000,99,7.036
gemma3:12b,3836,0.5,1.0,20,10,NVIDIA A100-SXM4-40GB,19.49,40.0,4,12200000000,70,5.132
gemma3:12b,3890,0.5,1.0,20,10,NVIDIA A100-SXM4-40GB,19.49,40.0,4,12200000000,92,4.191
gemma3:12b,4167,0.5,1.0,20,10,NVIDIA A100-SXM4-40GB,19.49,40.0,4,12200000000,47,3.101
gemma3:12b,6110,0.5,1.0,20,10,NVIDIA A100-SXM4-40GB,19.49,40.0,4,12200000000,147,5.352
gemma3:12b,4259,0.5,1.0,20,10,NVIDIA A100-SXM4-40GB,19.49,40.0,4,12200000000,87,3.766
gemma3:12b,4799,0.5,1.0,20,10,NVIDIA A100-SXM4-40GB,19.49,40.0,4,12200000000,68,5.613
gemma3:12b,4875,0.5,1.0,20,10,NVIDIA A100-SXM4-40GB,19.49,40.0,4,12200000000,94,5.651
gemma3:12b,5254,0.5,1.0,20,10,NVIDIA A100-SXM4-40GB,19.49,40.0,4,12200000000,54,3.64
gemma3:12b,4897,0.5,1.0,20,10,NVIDIA A100-SXM4-40GB,19.49,40.0,4,12200000000,68,5.72
gemma3:12b,4999,0.5,1.0,20,10,NVIDIA A100-SXM4-40GB,19.49,40.0,4,12200000000,94,5.71
gemma3:12b,5338,0.5,1.0,20,10,NVIDIA A100-SXM4-40GB,19.49,40.0,4,12200000000,72,3.82
gemma3:12b,4995,0.5,1.0,20,10,NVIDIA A100-SXM4-40GB,19.49,40.0,4,12200000000,68,5.776
gemma3:12b,5123,0.5,1.0,20,10,NVIDIA A100-SXM4-40GB,19.49,40.0,4,12200000000,94,5.79
gemma3:12b,5956,0.5,1.0,20,10,NVIDIA A100-SXM4-40GB,19.49,40.0,4,12200000000,63,6.348
gemma3:12b,6110,0.5,1.0,20,10,NVIDIA A100-SXM4-40GB,19.49,40.0,4,12200000000,94,6.496
gemma3:12b,6234,0.5,1.0,20,10,NVIDIA A100-SXM4-40GB,19.49,40.0,4,12200000000,94,4.595
gemma3:12b,6358,0.5,1.0,20,10,NVIDIA A100-SXM4-40GB,19.49,40.0,4,12200000000,94,4.668
gemma3:12b,7345,0.5,1.0,20,10,NVIDIA A100-SXM4-40GB,19.49,40.0,4,12200000000,94,5.023
gemma3:12b,7469,0.5,1.0,20,10,NVIDIA A100-SXM4-40GB,19.49,40.0,4,12200000000,94,5.174
gemma3:12b,7593,0.5,1.0,20,10,NVIDIA A100-SXM4-40GB,19.49,40.0,4,12200000000,94,5.135
gemma3:12b,8580,0.5,1.0,20,10,NVIDIA A100-SXM4-40GB,19.49,40.0,4,12200000000,94,5.32
gemma3:12b,8704,0.5,1.0,20,10,NVIDIA A100-SXM4-40GB,19.49,40.0,4,12200000000,94,5.223
gemma3:12b,8828,0.5,1.0,20,10,NVIDIA A100-SXM4-40GB,19.49,40.0,4,12200000000,4,3.728
gemma3:12b,1235,0.5,0.9,50,1,NVIDIA GH200,67.0,96.0,1,12200000000,49,1.295
gemma3:12b,1329,0.5,0.9,50,1,NVIDIA GH200,67.0,96.0,1,12200000000,68,1.431
gemma3:12b,1427,0.5,0.9,50,1,NVIDIA GH200,67.0,96.0,1,12200000000,50,1.237
gemma3:12b,2384,0.5,0.9,50,1,NVIDIA GH200,67.0,96.0,1,12200000000,74,1.78
gemma3:12b,2488,0.5,0.9,50,1,NVIDIA GH200,67.0,96.0,1,12200000000,75,1.864
gemma3:12b,2608,0.5,0.9,50,1,NVIDIA GH200,67.0,96.0,1,12200000000,95,2.116
gemma3:12b,3581,0.5,0.9,50,1,NVIDIA GH200,67.0,96.0,1,12200000000,109,2.42
gemma3:12b,1235,0.5,0.9,50,1,NVIDIA A100-SXM4-40GB,19.49,40.0,4,12200000000,49,1.935
gemma3:12b,1329,0.5,0.9,50,1,NVIDIA A100-SXM4-40GB,19.49,40.0,4,12200000000,84,2.47
gemma3:12b,1427,0.5,0.9,50,1,NVIDIA A100-SXM4-40GB,19.49,40.0,4,12200000000,74,2.311
gemma3:12b,2408,0.5,0.9,50,1,NVIDIA A100-SXM4-40GB,19.49,40.0,4,12200000000,127,3.548
gemma3:12b,2577,0.5,0.9,50,1,NVIDIA A100-SXM4-40GB,19.49,40.0,4,12200000000,63,2.664
gemma3:12b,2654,0.5,0.9,50,1,NVIDIA A100-SXM4-40GB,19.49,40.0,4,12200000000,92,3.121
gemma3:12b,3639,0.5,0.9,50,1,NVIDIA A100-SXM4-40GB,19.49,40.0,4,12200000000,162,4.56
gemma3:12b,1235,0.5,0.9,50,5,NVIDIA GH200,67.0,96.0,1,12200000000,49,2.824
gemma3:12b,1235,0.5,0.9,50,5,NVIDIA GH200,67.0,96.0,1,12200000000,49,2.76
gemma3:12b,1235,0.5,0.9,50,5,NVIDIA GH200,67.0,96.0,1,12200000000,50,2.874
gemma3:12b,1235,0.5,0.9,50,5,NVIDIA GH200,67.0,96.0,1,12200000000,49,2.644
gemma3:12b,1235,0.5,0.9,50,5,NVIDIA GH200,67.0,96.0,1,12200000000,49,2.791
gemma3:12b,1329,0.5,0.9,50,5,NVIDIA GH200,67.0,96.0,1,12200000000,68,3.179
gemma3:12b,1330,0.5,0.9,50,5,NVIDIA GH200,67.0,96.0,1,12200000000,80,3.766
gemma3:12b,1329,0.5,0.9,50,5,NVIDIA GH200,67.0,96.0,1,12200000000,84,3.86
gemma3:12b,1329,0.5,0.9,50,5,NVIDIA GH200,67.0,96.0,1,12200000000,84,3.861
gemma3:12b,1329,0.5,0.9,50,5,NVIDIA GH200,67.0,96.0,1,12200000000,101,4.435
gemma3:12b,1427,0.5,0.9,50,5,NVIDIA GH200,67.0,96.0,1,12200000000,50,2.857
gemma3:12b,1440,0.5,0.9,50,5,NVIDIA GH200,67.0,96.0,1,12200000000,58,3.29
gemma3:12b,1444,0.5,0.9,50,5,NVIDIA GH200,67.0,96.0,1,12200000000,61,2.754
gemma3:12b,1427,0.5,0.9,50,5,NVIDIA GH200,67.0,96.0,1,12200000000,70,3.41
gemma3:12b,1427,0.5,0.9,50,5,NVIDIA GH200,67.0,96.0,1,12200000000,74,3.491
gemma3:12b,2384,0.5,0.9,50,5,NVIDIA GH200,67.0,96.0,1,12200000000,78,4.566
gemma3:12b,2376,0.5,0.9,50,5,NVIDIA GH200,67.0,96.0,1,12200000000,54,3.618
gemma3:12b,2408,0.5,0.9,50,5,NVIDIA GH200,67.0,96.0,1,12200000000,56,3.297
gemma3:12b,2413,0.5,0.9,50,5,NVIDIA GH200,67.0,96.0,1,12200000000,56,3.537
gemma3:12b,2404,0.5,0.9,50,5,NVIDIA GH200,67.0,96.0,1,12200000000,70,3.485
gemma3:12b,3367,0.5,0.9,50,5,NVIDIA GH200,67.0,96.0,1,12200000000,47,4.463
gemma3:12b,3377,0.5,0.9,50,5,NVIDIA GH200,67.0,96.0,1,12200000000,47,4.322
gemma3:12b,2512,0.5,0.9,50,5,NVIDIA GH200,67.0,96.0,1,12200000000,82,6.399
gemma3:12b,2492,0.5,0.9,50,5,NVIDIA GH200,67.0,96.0,1,12200000000,112,7.935
gemma3:12b,2473,0.5,0.9,50,5,NVIDIA GH200,67.0,96.0,1,12200000000,124,8.591
gemma3:12b,3438,0.5,0.9,50,5,NVIDIA GH200,67.0,96.0,1,12200000000,63,5.358
gemma3:12b,3497,0.5,0.9,50,5,NVIDIA GH200,67.0,96.0,1,12200000000,47,3.51
gemma3:12b,3428,0.5,0.9,50,5,NVIDIA GH200,67.0,96.0,1,12200000000,79,5.622
gemma3:12b,2646,0.5,0.9,50,5,NVIDIA GH200,67.0,96.0,1,12200000000,59,5.269
gemma3:12b,2639,0.5,0.9,50,5,NVIDIA GH200,67.0,96.0,1,12200000000,91,6.206
gemma3:12b,3546,0.5,0.9,50,5,NVIDIA GH200,67.0,96.0,1,12200000000,68,5.124
gemma3:12b,3537,0.5,0.9,50,5,NVIDIA GH200,67.0,96.0,1,12200000000,79,5.283
gemma3:12b,3589,0.5,0.9,50,5,NVIDIA GH200,67.0,96.0,1,12200000000,101,8.427
gemma3:12b,3598,0.5,0.9,50,5,NVIDIA GH200,67.0,96.0,1,12200000000,74,5.477
gemma3:12b,3634,0.5,0.9,50,5,NVIDIA GH200,67.0,96.0,1,12200000000,86,5.907
gemma3:12b,4509,0.5,0.9,50,5,NVIDIA GH200,67.0,96.0,1,12200000000,79,5.391
gemma3:12b,4507,0.5,0.9,50,5,NVIDIA GH200,67.0,96.0,1,12200000000,128,8.491
gemma3:12b,4568,0.5,0.9,50,5,NVIDIA GH200,67.0,96.0,1,12200000000,109,5.268
gemma3:12b,4618,0.5,0.9,50,5,NVIDIA GH200,67.0,96.0,1,12200000000,79,4.9
gemma3:12b,4665,0.5,0.9,50,5,NVIDIA GH200,67.0,96.0,1,12200000000,91,4.166
gemma3:12b,3761,0.5,0.9,50,5,NVIDIA GH200,67.0,96.0,1,12200000000,152,6.961
gemma3:12b,4727,0.5,0.9,50,5,NVIDIA GH200,67.0,96.0,1,12200000000,102,4.001
gemma3:12b,4770,0.5,0.9,50,5,NVIDIA GH200,67.0,96.0,1,12200000000,98,2.79
gemma3:12b,5761,0.5,0.9,50,5,NVIDIA GH200,67.0,96.0,1,12200000000,146,3.336
gemma3:12b,1235,0.5,0.9,50,5,NVIDIA A100-SXM4-40GB,19.49,40.0,4,12200000000,49,2.009
gemma3:12b,1235,0.5,0.9,50,5,NVIDIA A100-SXM4-40GB,19.49,40.0,4,12200000000,51,2.025
gemma3:12b,1235,0.5,0.9,50,5,NVIDIA A100-SXM4-40GB,19.49,40.0,4,12200000000,51,2.029
gemma3:12b,1235,0.5,0.9,50,5,NVIDIA A100-SXM4-40GB,19.49,40.0,4,12200000000,53,2.682
gemma3:12b,1235,0.5,0.9,50,5,NVIDIA A100-SXM4-40GB,19.49,40.0,4,12200000000,49,2.211
gemma3:12b,1331,0.5,0.9,50,5,NVIDIA A100-SXM4-40GB,19.49,40.0,4,12200000000,70,2.203
gemma3:12b,1329,0.5,0.9,50,5,NVIDIA A100-SXM4-40GB,19.49,40.0,4,12200000000,84,2.461
gemma3:12b,1331,0.5,0.9,50,5,NVIDIA A100-SXM4-40GB,19.49,40.0,4,12200000000,83,2.415
gemma3:12b,1329,0.5,0.9,50,5,NVIDIA A100-SXM4-40GB,19.49,40.0,4,12200000000,84,3.376
gemma3:12b,1333,0.5,0.9,50,5,NVIDIA A100-SXM4-40GB,19.49,40.0,4,12200000000,90,3.474
gemma3:12b,1431,0.5,0.9,50,5,NVIDIA A100-SXM4-40GB,19.49,40.0,4,12200000000,54,1.99
gemma3:12b,1427,0.5,0.9,50,5,NVIDIA A100-SXM4-40GB,19.49,40.0,4,12200000000,73,2.315
gemma3:12b,1428,0.5,0.9,50,5,NVIDIA A100-SXM4-40GB,19.49,40.0,4,12200000000,96,2.706
gemma3:12b,1453,0.5,0.9,50,5,NVIDIA A100-SXM4-40GB,19.49,40.0,4,12200000000,63,2.835
gemma3:12b,1427,0.5,0.9,50,5,NVIDIA A100-SXM4-40GB,19.49,40.0,4,12200000000,74,3.054
gemma3:12b,2393,0.5,0.9,50,5,NVIDIA A100-SXM4-40GB,19.49,40.0,4,12200000000,56,2.289
gemma3:12b,2392,0.5,0.9,50,5,NVIDIA A100-SXM4-40GB,19.49,40.0,4,12200000000,72,2.651
gemma3:12b,2431,0.5,0.9,50,5,NVIDIA A100-SXM4-40GB,19.49,40.0,4,12200000000,48,2.258
gemma3:12b,2408,0.5,0.9,50,5,NVIDIA A100-SXM4-40GB,19.49,40.0,4,12200000000,47,3.162
gemma3:12b,2509,0.5,0.9,50,5,NVIDIA A100-SXM4-40GB,19.49,40.0,4,12200000000,83,2.789
gemma3:12b,3382,0.5,0.9,50,5,NVIDIA A100-SXM4-40GB,19.49,40.0,4,12200000000,49,2.757
gemma3:12b,2492,0.5,0.9,50,5,NVIDIA A100-SXM4-40GB,19.49,40.0,4,12200000000,104,3.246
gemma3:12b,2423,0.5,0.9,50,5,NVIDIA A100-SXM4-40GB,19.49,40.0,4,12200000000,93,5.302
gemma3:12b,2638,0.5,0.9,50,5,NVIDIA A100-SXM4-40GB,19.49,40.0,4,12200000000,74,2.81
gemma3:12b,3358,0.5,0.9,50,5,NVIDIA A100-SXM4-40GB,19.49,40.0,4,12200000000,47,3.714
gemma3:12b,3476,0.5,0.9,50,5,NVIDIA A100-SXM4-40GB,19.49,40.0,4,12200000000,83,3.359
gemma3:12b,3617,0.5,0.9,50,5,NVIDIA A100-SXM4-40GB,19.49,40.0,4,12200000000,84,3.309
gemma3:12b,2546,0.5,0.9,50,5,NVIDIA A100-SXM4-40GB,19.49,40.0,4,12200000000,95,4.63
gemma3:12b,3419,0.5,0.9,50,5,NVIDIA A100-SXM4-40GB,19.49,40.0,4,12200000000,60,3.156
gemma3:12b,3573,0.5,0.9,50,5,NVIDIA A100-SXM4-40GB,19.49,40.0,4,12200000000,91,3.353
gemma3:12b,2671,0.5,0.9,50,5,NVIDIA A100-SXM4-40GB,19.49,40.0,4,12200000000,93,4.722
gemma3:12b,3744,0.5,0.9,50,5,NVIDIA A100-SXM4-40GB,19.49,40.0,4,12200000000,178,4.99
gemma3:12b,3524,0.5,0.9,50,5,NVIDIA A100-SXM4-40GB,19.49,40.0,4,12200000000,98,4.745
gemma3:12b,3966,0.5,0.9,50,5,NVIDIA A100-SXM4-40GB,19.49,40.0,4,12200000000,174,4.988
gemma3:12b,3657,0.5,0.9,50,5,NVIDIA A100-SXM4-40GB,19.49,40.0,4,12200000000,95,5.525
gemma3:12b,4500,0.5,0.9,50,5,NVIDIA A100-SXM4-40GB,19.49,40.0,4,12200000000,116,5.594
gemma3:12b,3782,0.5,0.9,50,5,NVIDIA A100-SXM4-40GB,19.49,40.0,4,12200000000,95,3.575
gemma3:12b,5033,0.5,0.9,50,5,NVIDIA A100-SXM4-40GB,19.49,40.0,4,12200000000,111,4.319
gemma3:12b,3907,0.5,0.9,50,5,NVIDIA A100-SXM4-40GB,19.49,40.0,4,12200000000,95,3.673
gemma3:12b,4895,0.5,0.9,50,5,NVIDIA A100-SXM4-40GB,19.49,40.0,4,12200000000,95,4.069
gemma3:12b,5020,0.5,0.9,50,5,NVIDIA A100-SXM4-40GB,19.49,40.0,4,12200000000,95,4.119
gemma3:12b,5145,0.5,0.9,50,5,NVIDIA A100-SXM4-40GB,19.49,40.0,4,12200000000,95,4.113
gemma3:12b,6133,0.5,0.9,50,5,NVIDIA A100-SXM4-40GB,19.49,40.0,4,12200000000,95,4.63
gemma3:12b,6258,0.5,0.9,50,5,NVIDIA A100-SXM4-40GB,19.49,40.0,4,12200000000,95,4.678
gemma3:12b,6383,0.5,0.9,50,5,NVIDIA A100-SXM4-40GB,19.49,40.0,4,12200000000,95,4.717
gemma3:12b,7371,0.5,0.9,50,5,NVIDIA A100-SXM4-40GB,19.49,40.0,4,12200000000,95,5.142
gemma3:12b,7496,0.5,0.9,50,5,NVIDIA A100-SXM4-40GB,19.49,40.0,4,12200000000,95,5.158
gemma3:12b,7621,0.5,0.9,50,5,NVIDIA A100-SXM4-40GB,19.49,40.0,4,12200000000,95,5.234
gemma3:12b,8609,0.5,0.9,50,5,NVIDIA A100-SXM4-40GB,19.49,40.0,4,12200000000,96,5.315
gemma3:12b,8736,0.5,0.9,50,5,NVIDIA A100-SXM4-40GB,19.49,40.0,4,12200000000,24,4.009
gemma3:12b,1235,0.5,0.9,50,10,NVIDIA GH200,67.0,96.0,1,12200000000,49,4.15
gemma3:12b,1235,0.5,0.9,50,10,NVIDIA GH200,67.0,96.0,1,12200000000,49,4.152
gemma3:12b,1235,0.5,0.9,50,10,NVIDIA GH200,67.0,96.0,1,12200000000,49,3.682
gemma3:12b,1235,0.5,0.9,50,10,NVIDIA GH200,67.0,96.0,1,12200000000,50,4.171
gemma3:12b,1235,0.5,0.9,50,10,NVIDIA GH200,67.0,96.0,1,12200000000,50,4.22
gemma3:12b,1235,0.5,0.9,50,10,NVIDIA GH200,67.0,96.0,1,12200000000,50,3.962
gemma3:12b,1235,0.5,0.9,50,10,NVIDIA GH200,67.0,96.0,1,12200000000,49,3.845
gemma3:12b,1235,0.5,0.9,50,10,NVIDIA GH200,67.0,96.0,1,12200000000,49,3.469
gemma3:12b,1235,0.5,0.9,50,10,NVIDIA GH200,67.0,96.0,1,12200000000,53,3.994
gemma3:12b,1235,0.5,0.9,50,10,NVIDIA GH200,67.0,96.0,1,12200000000,53,4.11
gemma3:12b,1329,0.5,0.9,50,10,NVIDIA GH200,67.0,96.0,1,12200000000,61,4.509
gemma3:12b,1329,0.5,0.9,50,10,NVIDIA GH200,67.0,96.0,1,12200000000,82,5.26
gemma3:12b,1333,0.5,0.9,50,10,NVIDIA GH200,67.0,96.0,1,12200000000,84,5.262
gemma3:12b,1329,0.5,0.9,50,10,NVIDIA GH200,67.0,96.0,1,12200000000,84,5.321
gemma3:12b,1329,0.5,0.9,50,10,NVIDIA GH200,67.0,96.0,1,12200000000,85,5.394
gemma3:12b,1330,0.5,0.9,50,10,NVIDIA GH200,67.0,96.0,1,12200000000,83,5.374
gemma3:12b,1333,0.5,0.9,50,10,NVIDIA GH200,67.0,96.0,1,12200000000,90,5.461
gemma3:12b,1329,0.5,0.9,50,10,NVIDIA GH200,67.0,96.0,1,12200000000,90,5.608
gemma3:12b,1330,0.5,0.9,50,10,NVIDIA GH200,67.0,96.0,1,12200000000,100,7.835
gemma3:12b,1330,0.5,0.9,50,10,NVIDIA GH200,67.0,96.0,1,12200000000,100,7.835
gemma3:12b,1404,0.5,0.9,50,10,NVIDIA GH200,67.0,96.0,1,12200000000,59,5.03
gemma3:12b,1449,0.5,0.9,50,10,NVIDIA GH200,67.0,96.0,1,12200000000,54,4.186
gemma3:12b,1444,0.5,0.9,50,10,NVIDIA GH200,67.0,96.0,1,12200000000,55,5.005
gemma3:12b,1425,0.5,0.9,50,10,NVIDIA GH200,67.0,96.0,1,12200000000,60,5.609
gemma3:12b,1431,0.5,0.9,50,10,NVIDIA GH200,67.0,96.0,1,12200000000,59,5.611
gemma3:12b,1427,0.5,0.9,50,10,NVIDIA GH200,67.0,96.0,1,12200000000,60,5.59
gemma3:12b,1427,0.5,0.9,50,10,NVIDIA GH200,67.0,96.0,1,12200000000,70,7.808
gemma3:12b,1460,0.5,0.9,50,10,NVIDIA GH200,67.0,96.0,1,12200000000,62,5.55
gemma3:12b,1453,0.5,0.9,50,10,NVIDIA GH200,67.0,96.0,1,12200000000,112,9.605
gemma3:12b,1460,0.5,0.9,50,10,NVIDIA GH200,67.0,96.0,1,12200000000,91,7.289
gemma3:12b,2371,0.5,0.9,50,10,NVIDIA GH200,67.0,96.0,1,12200000000,52,5.735
gemma3:12b,2377,0.5,0.9,50,10,NVIDIA GH200,67.0,96.0,1,12200000000,50,5.033
gemma3:12b,2383,0.5,0.9,50,10,NVIDIA GH200,67.0,96.0,1,12200000000,52,5.506
gemma3:12b,2393,0.5,0.9,50,10,NVIDIA GH200,67.0,96.0,1,12200000000,58,7.369
gemma3:12b,2380,0.5,0.9,50,10,NVIDIA GH200,67.0,96.0,1,12200000000,58,7.371
gemma3:12b,2410,0.5,0.9,50,10,NVIDIA GH200,67.0,96.0,1,12200000000,78,9.454
gemma3:12b,2405,0.5,0.9,50,10,NVIDIA GH200,67.0,96.0,1,12200000000,56,6.604
gemma3:12b,2429,0.5,0.9,50,10,NVIDIA GH200,67.0,96.0,1,12200000000,69,7.653
gemma3:12b,2472,0.5,0.9,50,10,NVIDIA GH200,67.0,96.0,1,12200000000,51,6.997
gemma3:12b,2444,0.5,0.9,50,10,NVIDIA GH200,67.0,96.0,1,12200000000,52,7.203
gemma3:12b,2470,0.5,0.9,50,10,NVIDIA GH200,67.0,96.0,1,12200000000,69,8.693
gemma3:12b,2478,0.5,0.9,50,10,NVIDIA GH200,67.0,96.0,1,12200000000,81,8.211
gemma3:12b,2481,0.5,0.9,50,10,NVIDIA GH200,67.0,96.0,1,12200000000,71,7.0
gemma3:12b,2518,0.5,0.9,50,10,NVIDIA GH200,67.0,96.0,1,12200000000,78,7.152
gemma3:12b,3401,0.5,0.9,50,10,NVIDIA GH200,67.0,96.0,1,12200000000,48,5.41
gemma3:12b,3426,0.5,0.9,50,10,NVIDIA GH200,67.0,96.0,1,12200000000,51,6.202
gemma3:12b,2466,0.5,0.9,50,10,NVIDIA GH200,67.0,96.0,1,12200000000,124,13.153
gemma3:12b,2494,0.5,0.9,50,10,NVIDIA GH200,67.0,96.0,1,12200000000,120,11.286
gemma3:12b,2504,0.5,0.9,50,10,NVIDIA GH200,67.0,96.0,1,12200000000,116,10.822
gemma3:12b,2539,0.5,0.9,50,10,NVIDIA GH200,67.0,96.0,1,12200000000,95,9.511
gemma3:12b,2581,0.5,0.9,50,10,NVIDIA GH200,67.0,96.0,1,12200000000,74,7.894
gemma3:12b,2601,0.5,0.9,50,10,NVIDIA GH200,67.0,96.0,1,12200000000,83,8.806
gemma3:12b,2626,0.5,0.9,50,10,NVIDIA GH200,67.0,96.0,1,12200000000,78,8.431
gemma3:12b,2582,0.5,0.9,50,10,NVIDIA GH200,67.0,96.0,1,12200000000,104,9.746
gemma3:12b,2644,0.5,0.9,50,10,NVIDIA GH200,67.0,96.0,1,12200000000,73,6.44
gemma3:12b,2632,0.5,0.9,50,10,NVIDIA GH200,67.0,96.0,1,12200000000,82,8.71
gemma3:12b,3494,0.5,0.9,50,10,NVIDIA GH200,67.0,96.0,1,12200000000,100,10.695
gemma3:12b,2662,0.5,0.9,50,10,NVIDIA GH200,67.0,96.0,1,12200000000,87,8.645
gemma3:12b,3597,0.5,0.9,50,10,NVIDIA GH200,67.0,96.0,1,12200000000,46,5.669
gemma3:12b,3522,0.5,0.9,50,10,NVIDIA GH200,67.0,96.0,1,12200000000,132,12.376
gemma3:12b,3589,0.5,0.9,50,10,NVIDIA GH200,67.0,96.0,1,12200000000,77,7.275
gemma3:12b,3592,0.5,0.9,50,10,NVIDIA GH200,67.0,96.0,1,12200000000,60,8.144
gemma3:12b,3563,0.5,0.9,50,10,NVIDIA GH200,67.0,96.0,1,12200000000,107,12.634
gemma3:12b,2664,0.5,0.9,50,10,NVIDIA GH200,67.0,96.0,1,12200000000,116,12.988
gemma3:12b,3684,0.5,0.9,50,10,NVIDIA GH200,67.0,96.0,1,12200000000,51,6.669
gemma3:12b,4546,0.5,0.9,50,10,NVIDIA GH200,67.0,96.0,1,12200000000,47,6.855
gemma3:12b,3639,0.5,0.9,50,10,NVIDIA GH200,67.0,96.0,1,12200000000,124,13.06
gemma3:12b,3694,0.5,0.9,50,10,NVIDIA GH200,67.0,96.0,1,12200000000,90,7.847
gemma3:12b,3688,0.5,0.9,50,10,NVIDIA GH200,67.0,96.0,1,12200000000,66,6.438
gemma3:12b,3607,0.5,0.9,50,10,NVIDIA GH200,67.0,96.0,1,12200000000,140,14.297
gemma3:12b,3657,0.5,0.9,50,10,NVIDIA GH200,67.0,96.0,1,12200000000,127,12.811
gemma3:12b,3710,0.5,0.9,50,10,NVIDIA GH200,67.0,96.0,1,12200000000,81,8.96
gemma3:12b,3707,0.5,0.9,50,10,NVIDIA GH200,67.0,96.0,1,12200000000,128,15.688
gemma3:12b,4638,0.5,0.9,50,10,NVIDIA GH200,67.0,96.0,1,12200000000,90,10.397
gemma3:12b,3799,0.5,0.9,50,10,NVIDIA GH200,67.0,96.0,1,12200000000,84,8.191
gemma3:12b,4638,0.5,0.9,50,10,NVIDIA GH200,67.0,96.0,1,12200000000,139,12.319
gemma3:12b,3826,0.5,0.9,50,10,NVIDIA GH200,67.0,96.0,1,12200000000,93,8.717
gemma3:12b,4656,0.5,0.9,50,10,NVIDIA GH200,67.0,96.0,1,12200000000,106,9.589
gemma3:12b,3823,0.5,0.9,50,10,NVIDIA GH200,67.0,96.0,1,12200000000,112,8.515
gemma3:12b,3777,0.5,0.9,50,10,NVIDIA GH200,67.0,96.0,1,12200000000,105,9.32
gemma3:12b,3830,0.5,0.9,50,10,NVIDIA GH200,67.0,96.0,1,12200000000,110,7.358
gemma3:12b,4773,0.5,0.9,50,10,NVIDIA GH200,67.0,96.0,1,12200000000,66,4.878
gemma3:12b,3927,0.5,0.9,50,10,NVIDIA GH200,67.0,96.0,1,12200000000,115,4.766
gemma3:12b,4809,0.5,0.9,50,10,NVIDIA GH200,67.0,96.0,1,12200000000,119,5.787
gemma3:12b,5742,0.5,0.9,50,10,NVIDIA GH200,67.0,96.0,1,12200000000,69,2.939
gemma3:12b,4970,0.5,0.9,50,10,NVIDIA GH200,67.0,96.0,1,12200000000,100,4.365
gemma3:12b,6714,0.5,0.9,50,10,NVIDIA GH200,67.0,96.0,1,12200000000,135,4.795
gemma3:12b,1235,0.5,0.9,50,10,NVIDIA A100-SXM4-40GB,19.49,40.0,4,12200000000,49,2.644
gemma3:12b,1235,0.5,0.9,50,10,NVIDIA A100-SXM4-40GB,19.49,40.0,4,12200000000,53,2.67
gemma3:12b,1235,0.5,0.9,50,10,NVIDIA A100-SXM4-40GB,19.49,40.0,4,12200000000,49,2.18
gemma3:12b,1235,0.5,0.9,50,10,NVIDIA A100-SXM4-40GB,19.49,40.0,4,12200000000,53,2.511
gemma3:12b,1235,0.5,0.9,50,10,NVIDIA A100-SXM4-40GB,19.49,40.0,4,12200000000,49,3.304
gemma3:12b,1235,0.5,0.9,50,10,NVIDIA A100-SXM4-40GB,19.49,40.0,4,12200000000,50,3.297
gemma3:12b,1235,0.5,0.9,50,10,NVIDIA A100-SXM4-40GB,19.49,40.0,4,12200000000,49,2.88
gemma3:12b,1235,0.5,0.9,50,10,NVIDIA A100-SXM4-40GB,19.49,40.0,4,12200000000,49,3.362
gemma3:12b,1235,0.5,0.9,50,10,NVIDIA A100-SXM4-40GB,19.49,40.0,4,12200000000,53,3.234
gemma3:12b,1235,0.5,0.9,50,10,NVIDIA A100-SXM4-40GB,19.49,40.0,4,12200000000,53,2.817
gemma3:12b,1329,0.5,0.9,50,10,NVIDIA A100-SXM4-40GB,19.49,40.0,4,12200000000,68,2.905
gemma3:12b,1333,0.5,0.9,50,10,NVIDIA A100-SXM4-40GB,19.49,40.0,4,12200000000,84,3.103
gemma3:12b,1329,0.5,0.9,50,10,NVIDIA A100-SXM4-40GB,19.49,40.0,4,12200000000,80,3.203
gemma3:12b,1333,0.5,0.9,50,10,NVIDIA A100-SXM4-40GB,19.49,40.0,4,12200000000,83,3.26
gemma3:12b,1329,0.5,0.9,50,10,NVIDIA A100-SXM4-40GB,19.49,40.0,4,12200000000,84,4.093
gemma3:12b,1330,0.5,0.9,50,10,NVIDIA A100-SXM4-40GB,19.49,40.0,4,12200000000,83,4.091
gemma3:12b,1329,0.5,0.9,50,10,NVIDIA A100-SXM4-40GB,19.49,40.0,4,12200000000,83,4.1
gemma3:12b,1333,0.5,0.9,50,10,NVIDIA A100-SXM4-40GB,19.49,40.0,4,12200000000,83,3.999
gemma3:12b,1333,0.5,0.9,50,10,NVIDIA A100-SXM4-40GB,19.49,40.0,4,12200000000,97,4.28
gemma3:12b,1329,0.5,0.9,50,10,NVIDIA A100-SXM4-40GB,19.49,40.0,4,12200000000,101,4.411
gemma3:12b,1427,0.5,0.9,50,10,NVIDIA A100-SXM4-40GB,19.49,40.0,4,12200000000,54,2.682
gemma3:12b,1439,0.5,0.9,50,10,NVIDIA A100-SXM4-40GB,19.49,40.0,4,12200000000,50,2.605
gemma3:12b,1431,0.5,0.9,50,10,NVIDIA A100-SXM4-40GB,19.49,40.0,4,12200000000,74,2.768
gemma3:12b,1430,0.5,0.9,50,10,NVIDIA A100-SXM4-40GB,19.49,40.0,4,12200000000,89,4.162
gemma3:12b,1427,0.5,0.9,50,10,NVIDIA A100-SXM4-40GB,19.49,40.0,4,12200000000,62,3.759
gemma3:12b,1444,0.5,0.9,50,10,NVIDIA A100-SXM4-40GB,19.49,40.0,4,12200000000,61,3.406
gemma3:12b,1460,0.5,0.9,50,10,NVIDIA A100-SXM4-40GB,19.49,40.0,4,12200000000,67,3.578
gemma3:12b,2412,0.5,0.9,50,10,NVIDIA A100-SXM4-40GB,19.49,40.0,4,12200000000,47,2.877
gemma3:12b,1427,0.5,0.9,50,10,NVIDIA A100-SXM4-40GB,19.49,40.0,4,12200000000,76,4.108
gemma3:12b,1430,0.5,0.9,50,10,NVIDIA A100-SXM4-40GB,19.49,40.0,4,12200000000,99,4.307
gemma3:12b,2388,0.5,0.9,50,10,NVIDIA A100-SXM4-40GB,19.49,40.0,4,12200000000,72,3.723
gemma3:12b,1426,0.5,0.9,50,10,NVIDIA A100-SXM4-40GB,19.49,40.0,4,12200000000,91,5.034
gemma3:12b,2412,0.5,0.9,50,10,NVIDIA A100-SXM4-40GB,19.49,40.0,4,12200000000,57,2.584
gemma3:12b,2396,0.5,0.9,50,10,NVIDIA A100-SXM4-40GB,19.49,40.0,4,12200000000,127,4.642
gemma3:12b,3362,0.5,0.9,50,10,NVIDIA A100-SXM4-40GB,19.49,40.0,4,12200000000,51,3.802
gemma3:12b,2505,0.5,0.9,50,10,NVIDIA A100-SXM4-40GB,19.49,40.0,4,12200000000,69,3.61
gemma3:12b,2397,0.5,0.9,50,10,NVIDIA A100-SXM4-40GB,19.49,40.0,4,12200000000,63,4.811
gemma3:12b,2396,0.5,0.9,50,10,NVIDIA A100-SXM4-40GB,19.49,40.0,4,12200000000,54,4.51
gemma3:12b,2413,0.5,0.9,50,10,NVIDIA A100-SXM4-40GB,19.49,40.0,4,12200000000,69,4.882
gemma3:12b,2424,0.5,0.9,50,10,NVIDIA A100-SXM4-40GB,19.49,40.0,4,12200000000,75,3.644
gemma3:12b,2568,0.5,0.9,50,10,NVIDIA A100-SXM4-40GB,19.49,40.0,4,12200000000,64,3.37
gemma3:12b,2434,0.5,0.9,50,10,NVIDIA A100-SXM4-40GB,19.49,40.0,4,12200000000,107,6.673
gemma3:12b,2436,0.5,0.9,50,10,NVIDIA A100-SXM4-40GB,19.49,40.0,4,12200000000,114,6.38
gemma3:12b,2512,0.5,0.9,50,10,NVIDIA A100-SXM4-40GB,19.49,40.0,4,12200000000,138,6.032
gemma3:12b,3427,0.5,0.9,50,10,NVIDIA A100-SXM4-40GB,19.49,40.0,4,12200000000,61,4.049
gemma3:12b,2588,0.5,0.9,50,10,NVIDIA A100-SXM4-40GB,19.49,40.0,4,12200000000,69,3.874
gemma3:12b,2529,0.5,0.9,50,10,NVIDIA A100-SXM4-40GB,19.49,40.0,4,12200000000,77,5.025
gemma3:12b,2646,0.5,0.9,50,10,NVIDIA A100-SXM4-40GB,19.49,40.0,4,12200000000,133,5.022
gemma3:12b,2525,0.5,0.9,50,10,NVIDIA A100-SXM4-40GB,19.49,40.0,4,12200000000,91,5.513
gemma3:12b,2493,0.5,0.9,50,10,NVIDIA A100-SXM4-40GB,19.49,40.0,4,12200000000,98,5.741
gemma3:12b,2692,0.5,0.9,50,10,NVIDIA A100-SXM4-40GB,19.49,40.0,4,12200000000,85,3.251
gemma3:12b,2503,0.5,0.9,50,10,NVIDIA A100-SXM4-40GB,19.49,40.0,4,12200000000,126,7.173
gemma3:12b,2571,0.5,0.9,50,10,NVIDIA A100-SXM4-40GB,19.49,40.0,4,12200000000,76,5.309
gemma3:12b,3533,0.5,0.9,50,10,NVIDIA A100-SXM4-40GB,19.49,40.0,4,12200000000,67,4.49
gemma3:12b,2595,0.5,0.9,50,10,NVIDIA A100-SXM4-40GB,19.49,40.0,4,12200000000,120,7.108
gemma3:12b,3564,0.5,0.9,50,10,NVIDIA A100-SXM4-40GB,19.49,40.0,4,12200000000,111,6.734
gemma3:12b,3685,0.5,0.9,50,10,NVIDIA A100-SXM4-40GB,19.49,40.0,4,12200000000,74,4.389
gemma3:12b,3686,0.5,0.9,50,10,NVIDIA A100-SXM4-40GB,19.49,40.0,4,12200000000,104,5.092
gemma3:12b,2646,0.5,0.9,50,10,NVIDIA A100-SXM4-40GB,19.49,40.0,4,12200000000,143,5.408
gemma3:12b,2647,0.5,0.9,50,10,NVIDIA A100-SXM4-40GB,19.49,40.0,4,12200000000,102,3.906
gemma3:12b,2621,0.5,0.9,50,10,NVIDIA A100-SXM4-40GB,19.49,40.0,4,12200000000,107,6.165
gemma3:12b,2692,0.5,0.9,50,10,NVIDIA A100-SXM4-40GB,19.49,40.0,4,12200000000,99,4.986
gemma3:12b,4493,0.5,0.9,50,10,NVIDIA A100-SXM4-40GB,19.49,40.0,4,12200000000,134,6.339
gemma3:12b,3799,0.5,0.9,50,10,NVIDIA A100-SXM4-40GB,19.49,40.0,4,12200000000,151,4.293
gemma3:12b,3667,0.5,0.9,50,10,NVIDIA A100-SXM4-40GB,19.49,40.0,4,12200000000,130,3.989
gemma3:12b,4578,0.5,0.9,50,10,NVIDIA A100-SXM4-40GB,19.49,40.0,4,12200000000,149,4.956
gemma3:12b,2757,0.5,0.9,50,10,NVIDIA A100-SXM4-40GB,19.49,40.0,4,12200000000,133,7.258
gemma3:12b,3669,0.5,0.9,50,10,NVIDIA A100-SXM4-40GB,19.49,40.0,4,12200000000,121,5.823
gemma3:12b,3606,0.5,0.9,50,10,NVIDIA A100-SXM4-40GB,19.49,40.0,4,12200000000,144,6.587
gemma3:12b,3833,0.5,0.9,50,10,NVIDIA A100-SXM4-40GB,19.49,40.0,4,12200000000,105,5.482
gemma3:12b,3764,0.5,0.9,50,10,NVIDIA A100-SXM4-40GB,19.49,40.0,4,12200000000,149,7.343
gemma3:12b,3980,0.5,0.9,50,10,NVIDIA A100-SXM4-40GB,19.49,40.0,4,12200000000,98,3.88
gemma3:12b,4985,0.5,0.9,50,10,NVIDIA A100-SXM4-40GB,19.49,40.0,4,12200000000,117,4.521
gemma3:12b,5132,0.5,0.9,50,10,NVIDIA A100-SXM4-40GB,19.49,40.0,4,12200000000,123,4.619
gemma3:12b,5285,0.5,0.9,50,10,NVIDIA A100-SXM4-40GB,19.49,40.0,4,12200000000,123,4.763
gemma3:12b,6301,0.5,0.9,50,10,NVIDIA A100-SXM4-40GB,19.49,40.0,4,12200000000,147,5.504
gemma3:12b,7351,0.5,0.9,50,10,NVIDIA A100-SXM4-40GB,19.49,40.0,4,12200000000,76,4.767
gemma3:12b,8330,0.5,0.9,50,10,NVIDIA A100-SXM4-40GB,19.49,40.0,4,12200000000,34,4.229
gemma3:12b,9267,0.5,0.9,50,10,NVIDIA A100-SXM4-40GB,19.49,40.0,4,12200000000,72,4.847
gemma3:12b,1235,0.5,0.95,50,1,NVIDIA GH200,67.0,96.0,1,12200000000,49,1.241
gemma3:12b,1329,0.5,0.95,50,1,NVIDIA GH200,67.0,96.0,1,12200000000,84,1.574
gemma3:12b,1427,0.5,0.95,50,1,NVIDIA GH200,67.0,96.0,1,12200000000,60,1.338
gemma3:12b,2395,0.5,0.95,50,1,NVIDIA GH200,67.0,96.0,1,12200000000,56,1.5
gemma3:12b,2494,0.5,0.95,50,1,NVIDIA GH200,67.0,96.0,1,12200000000,137,2.473
gemma3:12b,2673,0.5,0.95,50,1,NVIDIA GH200,67.0,96.0,1,12200000000,80,1.847
gemma3:12b,3661,0.5,0.95,50,1,NVIDIA GH200,67.0,96.0,1,12200000000,122,2.607
gemma3:12b,3810,0.5,0.95,50,1,NVIDIA GH200,67.0,96.0,1,12200000000,124,2.678
gemma3:12b,3964,0.5,0.95,50,1,NVIDIA GH200,67.0,96.0,1,12200000000,142,2.946
gemma3:12b,5014,0.5,0.95,50,1,NVIDIA GH200,67.0,96.0,1,12200000000,149,3.241
gemma3:12b,1235,0.5,0.95,50,1,NVIDIA A100-SXM4-40GB,19.49,40.0,4,12200000000,53,2.028
gemma3:12b,1333,0.5,0.95,50,1,NVIDIA A100-SXM4-40GB,19.49,40.0,4,12200000000,90,2.598
gemma3:12b,1453,0.5,0.95,50,1,NVIDIA A100-SXM4-40GB,19.49,40.0,4,12200000000,83,2.491
gemma3:12b,2443,0.5,0.95,50,1,NVIDIA A100-SXM4-40GB,19.49,40.0,4,12200000000,119,3.537
gemma3:12b,2607,0.5,0.95,50,1,NVIDIA A100-SXM4-40GB,19.49,40.0,4,12200000000,58,2.514
gemma3:12b,2710,0.5,0.95,50,1,NVIDIA A100-SXM4-40GB,19.49,40.0,4,12200000000,80,2.83
gemma3:12b,1235,0.5,0.95,50,5,NVIDIA GH200,67.0,96.0,1,12200000000,49,2.84
gemma3:12b,1235,0.5,0.95,50,5,NVIDIA GH200,67.0,96.0,1,12200000000,49,2.821
gemma3:12b,1235,0.5,0.95,50,5,NVIDIA GH200,67.0,96.0,1,12200000000,49,2.82
gemma3:12b,1235,0.5,0.95,50,5,NVIDIA GH200,67.0,96.0,1,12200000000,49,2.453
gemma3:12b,1235,0.5,0.95,50,5,NVIDIA GH200,67.0,96.0,1,12200000000,49,2.382
gemma3:12b,1329,0.5,0.95,50,5,NVIDIA GH200,67.0,96.0,1,12200000000,73,3.312
gemma3:12b,1329,0.5,0.95,50,5,NVIDIA GH200,67.0,96.0,1,12200000000,79,3.468
gemma3:12b,1329,0.5,0.95,50,5,NVIDIA GH200,67.0,96.0,1,12200000000,87,3.611
gemma3:12b,1329,0.5,0.95,50,5,NVIDIA GH200,67.0,96.0,1,12200000000,84,3.565
gemma3:12b,1329,0.5,0.95,50,5,NVIDIA GH200,67.0,96.0,1,12200000000,101,4.969
gemma3:12b,1446,0.5,0.95,50,5,NVIDIA GH200,67.0,96.0,1,12200000000,60,3.023
gemma3:12b,1422,0.5,0.95,50,5,NVIDIA GH200,67.0,96.0,1,12200000000,64,3.202
gemma3:12b,1427,0.5,0.95,50,5,NVIDIA GH200,67.0,96.0,1,12200000000,74,3.256
gemma3:12b,1444,0.5,0.95,50,5,NVIDIA GH200,67.0,96.0,1,12200000000,61,2.667
gemma3:12b,1445,0.5,0.95,50,5,NVIDIA GH200,67.0,96.0,1,12200000000,111,6.09
gemma3:12b,2408,0.5,0.95,50,5,NVIDIA GH200,67.0,96.0,1,12200000000,47,3.623
gemma3:12b,2413,0.5,0.95,50,5,NVIDIA GH200,67.0,96.0,1,12200000000,63,4.761
gemma3:12b,2394,0.5,0.95,50,5,NVIDIA GH200,67.0,96.0,1,12200000000,73,5.67
gemma3:12b,2464,0.5,0.95,50,5,NVIDIA GH200,67.0,96.0,1,12200000000,71,4.066
gemma3:12b,2413,0.5,0.95,50,5,NVIDIA GH200,67.0,96.0,1,12200000000,113,6.07
gemma3:12b,3358,0.5,0.95,50,5,NVIDIA GH200,67.0,96.0,1,12200000000,47,3.331
gemma3:12b,2521,0.5,0.95,50,5,NVIDIA GH200,67.0,96.0,1,12200000000,102,5.692
gemma3:12b,3419,0.5,0.95,50,5,NVIDIA GH200,67.0,96.0,1,12200000000,59,4.142
gemma3:12b,2510,0.5,0.95,50,5,NVIDIA GH200,67.0,96.0,1,12200000000,112,6.794
gemma3:12b,3439,0.5,0.95,50,5,NVIDIA GH200,67.0,96.0,1,12200000000,123,6.94
gemma3:12b,2569,0.5,0.95,50,5,NVIDIA GH200,67.0,96.0,1,12200000000,118,6.688
gemma3:12b,3523,0.5,0.95,50,5,NVIDIA GH200,67.0,96.0,1,12200000000,72,3.906
gemma3:12b,2637,0.5,0.95,50,5,NVIDIA GH200,67.0,96.0,1,12200000000,153,6.766
gemma3:12b,2729,0.5,0.95,50,5,NVIDIA GH200,67.0,96.0,1,12200000000,123,4.34
gemma3:12b,4488,0.5,0.95,50,5,NVIDIA GH200,67.0,96.0,1,12200000000,99,3.555
gemma3:12b,2667,0.5,0.95,50,5,NVIDIA GH200,67.0,96.0,1,12200000000,206,7.965
gemma3:12b,4629,0.5,0.95,50,5,NVIDIA GH200,67.0,96.0,1,12200000000,62,2.734
gemma3:12b,4705,0.5,0.95,50,5,NVIDIA GH200,67.0,96.0,1,12200000000,90,2.812
gemma3:12b,3730,0.5,0.95,50,5,NVIDIA GH200,67.0,96.0,1,12200000000,215,6.311
gemma3:12b,1235,0.5,0.95,50,5,NVIDIA A100-SXM4-40GB,19.49,40.0,4,12200000000,53,2.068
gemma3:12b,1235,0.5,0.95,50,5,NVIDIA A100-SXM4-40GB,19.49,40.0,4,12200000000,53,2.079
gemma3:12b,1235,0.5,0.95,50,5,NVIDIA A100-SXM4-40GB,19.49,40.0,4,12200000000,49,2.506
gemma3:12b,1235,0.5,0.95,50,5,NVIDIA A100-SXM4-40GB,19.49,40.0,4,12200000000,63,2.238
gemma3:12b,1235,0.5,0.95,50,5,NVIDIA A100-SXM4-40GB,19.49,40.0,4,12200000000,51,2.599
gemma3:12b,1333,0.5,0.95,50,5,NVIDIA A100-SXM4-40GB,19.49,40.0,4,12200000000,84,2.394
gemma3:12b,1333,0.5,0.95,50,5,NVIDIA A100-SXM4-40GB,19.49,40.0,4,12200000000,92,2.582
gemma3:12b,1329,0.5,0.95,50,5,NVIDIA A100-SXM4-40GB,19.49,40.0,4,12200000000,68,2.799
gemma3:12b,1343,0.5,0.95,50,5,NVIDIA A100-SXM4-40GB,19.49,40.0,4,12200000000,92,2.576
gemma3:12b,1331,0.5,0.95,50,5,NVIDIA A100-SXM4-40GB,19.49,40.0,4,12200000000,81,3.168
gemma3:12b,1431,0.5,0.95,50,5,NVIDIA A100-SXM4-40GB,19.49,40.0,4,12200000000,85,2.458
gemma3:12b,1427,0.5,0.95,50,5,NVIDIA A100-SXM4-40GB,19.49,40.0,4,12200000000,50,2.53
gemma3:12b,1465,0.5,0.95,50,5,NVIDIA A100-SXM4-40GB,19.49,40.0,4,12200000000,73,2.258
gemma3:12b,1442,0.5,0.95,50,5,NVIDIA A100-SXM4-40GB,19.49,40.0,4,12200000000,50,2.799
gemma3:12b,2424,0.5,0.95,50,5,NVIDIA A100-SXM4-40GB,19.49,40.0,4,12200000000,80,2.802
gemma3:12b,2445,0.5,0.95,50,5,NVIDIA A100-SXM4-40GB,19.49,40.0,4,12200000000,64,2.476
gemma3:12b,2384,0.5,0.95,50,5,NVIDIA A100-SXM4-40GB,19.49,40.0,4,12200000000,78,3.78
gemma3:12b,2547,0.5,0.95,50,5,NVIDIA A100-SXM4-40GB,19.49,40.0,4,12200000000,107,3.276
gemma3:12b,3412,0.5,0.95,50,5,NVIDIA A100-SXM4-40GB,19.49,40.0,4,12200000000,46,2.623
gemma3:12b,2399,0.5,0.95,50,5,NVIDIA A100-SXM4-40GB,19.49,40.0,4,12200000000,75,3.818
gemma3:12b,2492,0.5,0.95,50,5,NVIDIA A100-SXM4-40GB,19.49,40.0,4,12200000000,87,4.159
gemma3:12b,3557,0.5,0.95,50,5,NVIDIA A100-SXM4-40GB,19.49,40.0,4,12200000000,51,2.782
gemma3:12b,3503,0.5,0.95,50,5,NVIDIA A100-SXM4-40GB,19.49,40.0,4,12200000000,92,3.432
gemma3:12b,2504,0.5,0.95,50,5,NVIDIA A100-SXM4-40GB,19.49,40.0,4,12200000000,84,3.977
gemma3:12b,2609,0.5,0.95,50,5,NVIDIA A100-SXM4-40GB,19.49,40.0,4,12200000000,83,2.912
gemma3:12b,3653,0.5,0.95,50,5,NVIDIA A100-SXM4-40GB,19.49,40.0,4,12200000000,80,3.271
gemma3:12b,3640,0.5,0.95,50,5,NVIDIA A100-SXM4-40GB,19.49,40.0,4,12200000000,75,3.106
gemma3:12b,1455,0.5,0.95,50,5,NVIDIA A100-SXM4-40GB,19.49,40.0,4,12200000000,850,17.951
gemma3:12b,4626,0.5,0.95,50,5,NVIDIA A100-SXM4-40GB,19.49,40.0,4,12200000000,81,3.571
gemma3:12b,4608,0.5,0.95,50,5,NVIDIA A100-SXM4-40GB,19.49,40.0,4,12200000000,101,3.896
gemma3:12b,3198,0.5,0.95,50,5,NVIDIA A100-SXM4-40GB,19.49,40.0,4,12200000000,50,2.726
gemma3:12b,3291,0.5,0.95,50,5,NVIDIA A100-SXM4-40GB,19.49,40.0,4,12200000000,65,3.063
gemma3:12b,3401,0.5,0.95,50,5,NVIDIA A100-SXM4-40GB,19.49,40.0,4,12200000000,100,3.736
gemma3:12b,4409,0.5,0.95,50,5,NVIDIA A100-SXM4-40GB,19.49,40.0,4,12200000000,73,3.468
gemma3:12b,1235,0.5,0.95,50,10,NVIDIA GH200,67.0,96.0,1,12200000000,49,4.12
gemma3:12b,1235,0.5,0.95,50,10,NVIDIA GH200,67.0,96.0,1,12200000000,49,4.027
gemma3:12b,1235,0.5,0.95,50,10,NVIDIA GH200,67.0,96.0,1,12200000000,49,3.878
gemma3:12b,1235,0.5,0.95,50,10,NVIDIA GH200,67.0,96.0,1,12200000000,49,4.166
gemma3:12b,1235,0.5,0.95,50,10,NVIDIA GH200,67.0,96.0,1,12200000000,49,3.895
gemma3:12b,1235,0.5,0.95,50,10,NVIDIA GH200,67.0,96.0,1,12200000000,49,3.37
gemma3:12b,1235,0.5,0.95,50,10,NVIDIA GH200,67.0,96.0,1,12200000000,49,2.984
gemma3:12b,1235,0.5,0.95,50,10,NVIDIA GH200,67.0,96.0,1,12200000000,49,2.73
gemma3:12b,1235,0.5,0.95,50,10,NVIDIA GH200,67.0,96.0,1,12200000000,51,3.129
gemma3:12b,1235,0.5,0.95,50,10,NVIDIA GH200,67.0,96.0,1,12200000000,57,4.201
gemma3:12b,1329,0.5,0.95,50,10,NVIDIA GH200,67.0,96.0,1,12200000000,77,4.801
gemma3:12b,1329,0.5,0.95,50,10,NVIDIA GH200,67.0,96.0,1,12200000000,71,4.737
gemma3:12b,1329,0.5,0.95,50,10,NVIDIA GH200,67.0,96.0,1,12200000000,76,4.834
gemma3:12b,1329,0.5,0.95,50,10,NVIDIA GH200,67.0,96.0,1,12200000000,82,4.931
gemma3:12b,1329,0.5,0.95,50,10,NVIDIA GH200,67.0,96.0,1,12200000000,82,5.061
gemma3:12b,1331,0.5,0.95,50,10,NVIDIA GH200,67.0,96.0,1,12200000000,83,5.079
gemma3:12b,1329,0.5,0.95,50,10,NVIDIA GH200,67.0,96.0,1,12200000000,85,5.332
gemma3:12b,1329,0.5,0.95,50,10,NVIDIA GH200,67.0,96.0,1,12200000000,87,6.141
gemma3:12b,1337,0.5,0.95,50,10,NVIDIA GH200,67.0,96.0,1,12200000000,87,6.407
gemma3:12b,1329,0.5,0.95,50,10,NVIDIA GH200,67.0,96.0,1,12200000000,101,8.065
gemma3:12b,1444,0.5,0.95,50,10,NVIDIA GH200,67.0,96.0,1,12200000000,50,4.044
gemma3:12b,1430,0.5,0.95,50,10,NVIDIA GH200,67.0,96.0,1,12200000000,54,4.682
gemma3:12b,1444,0.5,0.95,50,10,NVIDIA GH200,67.0,96.0,1,12200000000,54,4.341
gemma3:12b,1435,0.5,0.95,50,10,NVIDIA GH200,67.0,96.0,1,12200000000,58,4.739
gemma3:12b,1425,0.5,0.95,50,10,NVIDIA GH200,67.0,96.0,1,12200000000,58,4.63
gemma3:12b,1420,0.5,0.95,50,10,NVIDIA GH200,67.0,96.0,1,12200000000,64,4.996
gemma3:12b,1438,0.5,0.95,50,10,NVIDIA GH200,67.0,96.0,1,12200000000,60,3.221
gemma3:12b,1446,0.5,0.95,50,10,NVIDIA GH200,67.0,96.0,1,12200000000,62,3.646
gemma3:12b,1444,0.5,0.95,50,10,NVIDIA GH200,67.0,96.0,1,12200000000,59,6.18
gemma3:12b,1441,0.5,0.95,50,10,NVIDIA GH200,67.0,96.0,1,12200000000,87,9.317
gemma3:12b,2401,0.5,0.95,50,10,NVIDIA GH200,67.0,96.0,1,12200000000,47,6.61
gemma3:12b,2405,0.5,0.95,50,10,NVIDIA GH200,67.0,96.0,1,12200000000,50,6.615
gemma3:12b,2376,0.5,0.95,50,10,NVIDIA GH200,67.0,96.0,1,12200000000,54,6.786
gemma3:12b,2392,0.5,0.95,50,10,NVIDIA GH200,67.0,96.0,1,12200000000,55,6.951
gemma3:12b,2386,0.5,0.95,50,10,NVIDIA GH200,67.0,96.0,1,12200000000,56,7.12
gemma3:12b,2406,0.5,0.95,50,10,NVIDIA GH200,67.0,96.0,1,12200000000,56,7.154
gemma3:12b,2406,0.5,0.95,50,10,NVIDIA GH200,67.0,96.0,1,12200000000,50,6.417
gemma3:12b,2400,0.5,0.95,50,10,NVIDIA GH200,67.0,96.0,1,12200000000,92,11.283
gemma3:12b,2391,0.5,0.95,50,10,NVIDIA GH200,67.0,96.0,1,12200000000,94,11.548
gemma3:12b,3351,0.5,0.95,50,10,NVIDIA GH200,67.0,96.0,1,12200000000,47,7.129
gemma3:12b,3358,0.5,0.95,50,10,NVIDIA GH200,67.0,96.0,1,12200000000,49,7.106
gemma3:12b,2473,0.5,0.95,50,10,NVIDIA GH200,67.0,96.0,1,12200000000,91,9.254
gemma3:12b,2485,0.5,0.95,50,10,NVIDIA GH200,67.0,96.0,1,12200000000,95,8.964
gemma3:12b,2411,0.5,0.95,50,10,NVIDIA GH200,67.0,96.0,1,12200000000,132,11.721
gemma3:12b,2505,0.5,0.95,50,10,NVIDIA GH200,67.0,96.0,1,12200000000,121,11.281
gemma3:12b,2522,0.5,0.95,50,10,NVIDIA GH200,67.0,96.0,1,12200000000,92,7.596
gemma3:12b,2490,0.5,0.95,50,10,NVIDIA GH200,67.0,96.0,1,12200000000,138,12.867
gemma3:12b,2530,0.5,0.95,50,10,NVIDIA GH200,67.0,96.0,1,12200000000,120,9.78
gemma3:12b,3452,0.5,0.95,50,10,NVIDIA GH200,67.0,96.0,1,12200000000,83,7.568
gemma3:12b,3443,0.5,0.95,50,10,NVIDIA GH200,67.0,96.0,1,12200000000,85,7.684
gemma3:12b,2499,0.5,0.95,50,10,NVIDIA GH200,67.0,96.0,1,12200000000,125,10.286
gemma3:12b,2594,0.5,0.95,50,10,NVIDIA GH200,67.0,96.0,1,12200000000,53,5.347
gemma3:12b,2586,0.5,0.95,50,10,NVIDIA GH200,67.0,96.0,1,12200000000,100,9.08
gemma3:12b,2668,0.5,0.95,50,10,NVIDIA GH200,67.0,96.0,1,12200000000,85,7.556
gemma3:12b,2610,0.5,0.95,50,10,NVIDIA GH200,67.0,96.0,1,12200000000,113,9.876
gemma3:12b,2644,0.5,0.95,50,10,NVIDIA GH200,67.0,96.0,1,12200000000,92,9.216
gemma3:12b,3525,0.5,0.95,50,10,NVIDIA GH200,67.0,96.0,1,12200000000,53,6.813
gemma3:12b,2670,0.5,0.95,50,10,NVIDIA GH200,67.0,96.0,1,12200000000,91,9.379
gemma3:12b,2666,0.5,0.95,50,10,NVIDIA GH200,67.0,96.0,1,12200000000,92,10.045
gemma3:12b,3573,0.5,0.95,50,10,NVIDIA GH200,67.0,96.0,1,12200000000,92,10.228
gemma3:12b,3580,0.5,0.95,50,10,NVIDIA GH200,67.0,96.0,1,12200000000,108,12.17
gemma3:12b,2716,0.5,0.95,50,10,NVIDIA GH200,67.0,96.0,1,12200000000,77,9.538
gemma3:12b,3646,0.5,0.95,50,10,NVIDIA GH200,67.0,96.0,1,12200000000,74,9.22
gemma3:12b,3628,0.5,0.95,50,10,NVIDIA GH200,67.0,96.0,1,12200000000,80,9.453
gemma3:12b,4558,0.5,0.95,50,10,NVIDIA GH200,67.0,96.0,1,12200000000,47,6.207
gemma3:12b,3629,0.5,0.95,50,10,NVIDIA GH200,67.0,96.0,1,12200000000,94,9.733
gemma3:12b,4581,0.5,0.95,50,10,NVIDIA GH200,67.0,96.0,1,12200000000,50,4.677
gemma3:12b,3666,0.5,0.95,50,10,NVIDIA GH200,67.0,96.0,1,12200000000,97,10.445
gemma3:12b,3666,0.5,0.95,50,10,NVIDIA GH200,67.0,96.0,1,12200000000,67,8.796
gemma3:12b,3592,0.5,0.95,50,10,NVIDIA GH200,67.0,96.0,1,12200000000,142,15.756
gemma3:12b,3738,0.5,0.95,50,10,NVIDIA GH200,67.0,96.0,1,12200000000,84,9.535
gemma3:12b,3750,0.5,0.95,50,10,NVIDIA GH200,67.0,96.0,1,12200000000,104,10.052
gemma3:12b,5508,0.5,0.95,50,10,NVIDIA GH200,67.0,96.0,1,12200000000,75,8.056
gemma3:12b,3753,0.5,0.95,50,10,NVIDIA GH200,67.0,96.0,1,12200000000,94,10.13
gemma3:12b,5534,0.5,0.95,50,10,NVIDIA GH200,67.0,96.0,1,12200000000,87,9.898
gemma3:12b,3773,0.5,0.95,50,10,NVIDIA GH200,67.0,96.0,1,12200000000,91,7.781
gemma3:12b,3804,0.5,0.95,50,10,NVIDIA GH200,67.0,96.0,1,12200000000,110,11.553
gemma3:12b,3852,0.5,0.95,50,10,NVIDIA GH200,67.0,96.0,1,12200000000,72,8.116
gemma3:12b,5613,0.5,0.95,50,10,NVIDIA GH200,67.0,96.0,1,12200000000,75,7.769
gemma3:12b,3877,0.5,0.95,50,10,NVIDIA GH200,67.0,96.0,1,12200000000,94,9.031
gemma3:12b,3904,0.5,0.95,50,10,NVIDIA GH200,67.0,96.0,1,12200000000,117,9.775
gemma3:12b,5666,0.5,0.95,50,10,NVIDIA GH200,67.0,96.0,1,12200000000,126,10.8
gemma3:12b,5718,0.5,0.95,50,10,NVIDIA GH200,67.0,96.0,1,12200000000,75,5.541
gemma3:12b,4828,0.5,0.95,50,10,NVIDIA GH200,67.0,96.0,1,12200000000,108,7.265
gemma3:12b,3959,0.5,0.95,50,10,NVIDIA GH200,67.0,96.0,1,12200000000,163,9.305
gemma3:12b,4864,0.5,0.95,50,10,NVIDIA GH200,67.0,96.0,1,12200000000,94,4.67
gemma3:12b,6686,0.5,0.95,50,10,NVIDIA GH200,67.0,96.0,1,12200000000,75,4.157
gemma3:12b,4988,0.5,0.95,50,10,NVIDIA GH200,67.0,96.0,1,12200000000,94,4.404
gemma3:12b,6791,0.5,0.95,50,10,NVIDIA GH200,67.0,96.0,1,12200000000,75,3.313
gemma3:12b,6896,0.5,0.95,50,10,NVIDIA GH200,67.0,96.0,1,12200000000,77,3.844
gemma3:12b,5112,0.5,0.95,50,10,NVIDIA GH200,67.0,96.0,1,12200000000,94,4.441
gemma3:12b,7866,0.5,0.95,50,10,NVIDIA GH200,67.0,96.0,1,12200000000,75,4.767
gemma3:12b,6099,0.5,0.95,50,10,NVIDIA GH200,67.0,96.0,1,12200000000,94,4.922
gemma3:12b,7971,0.5,0.95,50,10,NVIDIA GH200,67.0,96.0,1,12200000000,75,4.807
gemma3:12b,6223,0.5,0.95,50,10,NVIDIA GH200,67.0,96.0,1,12200000000,94,4.809
gemma3:12b,8076,0.5,0.95,50,10,NVIDIA GH200,67.0,96.0,1,12200000000,75,4.824
gemma3:12b,6347,0.5,0.95,50,10,NVIDIA GH200,67.0,96.0,1,12200000000,94,4.824
gemma3:12b,9044,0.5,0.95,50,10,NVIDIA GH200,67.0,96.0,1,12200000000,75,5.1
gemma3:12b,7334,0.5,0.95,50,10,NVIDIA GH200,67.0,96.0,1,12200000000,94,5.133
gemma3:12b,9149,0.5,0.95,50,10,NVIDIA GH200,67.0,96.0,1,12200000000,77,5.155
gemma3:12b,7458,0.5,0.95,50,10,NVIDIA GH200,67.0,96.0,1,12200000000,94,5.145
gemma3:12b,9256,0.5,0.95,50,10,NVIDIA GH200,67.0,96.0,1,12200000000,75,5.168
gemma3:12b,7582,0.5,0.95,50,10,NVIDIA GH200,67.0,96.0,1,12200000000,94,5.183
gemma3:12b,10224,0.5,0.95,50,10,NVIDIA GH200,67.0,96.0,1,12200000000,77,5.267
gemma3:12b,8569,0.5,0.95,50,10,NVIDIA GH200,67.0,96.0,1,12200000000,92,5.243
gemma3:12b,8691,0.5,0.95,50,10,NVIDIA GH200,67.0,96.0,1,12200000000,35,4.319
gemma3:12b,10331,0.5,0.95,50,10,NVIDIA GH200,67.0,96.0,1,12200000000,77,5.096
gemma3:12b,10438,0.5,0.95,50,10,NVIDIA GH200,67.0,96.0,1,12200000000,77,3.14
gemma3:12b,11408,0.5,0.95,50,10,NVIDIA GH200,67.0,96.0,1,12200000000,75,3.133
gemma3:12b,11513,0.5,0.95,50,10,NVIDIA GH200,67.0,96.0,1,12200000000,68,3.048
gemma3:12b,11743,0.5,0.95,50,10,NVIDIA GH200,67.0,96.0,1,12200000000,62,2.902
gemma3:12b,1235,0.5,0.95,50,10,NVIDIA A100-SXM4-40GB,19.49,40.0,4,12200000000,49,2.028
gemma3:12b,1235,0.5,0.95,50,10,NVIDIA A100-SXM4-40GB,19.49,40.0,4,12200000000,53,2.7
gemma3:12b,1235,0.5,0.95,50,10,NVIDIA A100-SXM4-40GB,19.49,40.0,4,12200000000,49,2.102
gemma3:12b,1235,0.5,0.95,50,10,NVIDIA A100-SXM4-40GB,19.49,40.0,4,12200000000,49,3.31
gemma3:12b,1235,0.5,0.95,50,10,NVIDIA A100-SXM4-40GB,19.49,40.0,4,12200000000,49,3.256
gemma3:12b,1235,0.5,0.95,50,10,NVIDIA A100-SXM4-40GB,19.49,40.0,4,12200000000,49,2.463
gemma3:12b,1235,0.5,0.95,50,10,NVIDIA A100-SXM4-40GB,19.49,40.0,4,12200000000,49,3.386
gemma3:12b,1235,0.5,0.95,50,10,NVIDIA A100-SXM4-40GB,19.49,40.0,4,12200000000,49,3.196
gemma3:12b,1235,0.5,0.95,50,10,NVIDIA A100-SXM4-40GB,19.49,40.0,4,12200000000,49,3.431
gemma3:12b,1235,0.5,0.95,50,10,NVIDIA A100-SXM4-40GB,19.49,40.0,4,12200000000,49,2.637
gemma3:12b,1329,0.5,0.95,50,10,NVIDIA A100-SXM4-40GB,19.49,40.0,4,12200000000,92,3.512
gemma3:12b,1333,0.5,0.95,50,10,NVIDIA A100-SXM4-40GB,19.49,40.0,4,12200000000,84,3.284
gemma3:12b,1329,0.5,0.95,50,10,NVIDIA A100-SXM4-40GB,19.49,40.0,4,12200000000,82,3.092
gemma3:12b,1329,0.5,0.95,50,10,NVIDIA A100-SXM4-40GB,19.49,40.0,4,12200000000,72,3.827
gemma3:12b,1329,0.5,0.95,50,10,NVIDIA A100-SXM4-40GB,19.49,40.0,4,12200000000,83,4.189
gemma3:12b,1329,0.5,0.95,50,10,NVIDIA A100-SXM4-40GB,19.49,40.0,4,12200000000,84,4.08
gemma3:12b,1451,0.5,0.95,50,10,NVIDIA A100-SXM4-40GB,19.49,40.0,4,12200000000,54,2.14
gemma3:12b,1329,0.5,0.95,50,10,NVIDIA A100-SXM4-40GB,19.49,40.0,4,12200000000,83,4.114
gemma3:12b,1329,0.5,0.95,50,10,NVIDIA A100-SXM4-40GB,19.49,40.0,4,12200000000,102,3.491
gemma3:12b,1329,0.5,0.95,50,10,NVIDIA A100-SXM4-40GB,19.49,40.0,4,12200000000,84,4.25
gemma3:12b,1329,0.5,0.95,50,10,NVIDIA A100-SXM4-40GB,19.49,40.0,4,12200000000,92,4.304
gemma3:12b,1425,0.5,0.95,50,10,NVIDIA A100-SXM4-40GB,19.49,40.0,4,12200000000,68,2.951
gemma3:12b,1431,0.5,0.95,50,10,NVIDIA A100-SXM4-40GB,19.49,40.0,4,12200000000,74,3.093
gemma3:12b,2412,0.5,0.95,50,10,NVIDIA A100-SXM4-40GB,19.49,40.0,4,12200000000,48,2.882
gemma3:12b,1461,0.5,0.95,50,10,NVIDIA A100-SXM4-40GB,19.49,40.0,4,12200000000,57,3.059
gemma3:12b,1431,0.5,0.95,50,10,NVIDIA A100-SXM4-40GB,19.49,40.0,4,12200000000,65,3.821
gemma3:12b,1442,0.5,0.95,50,10,NVIDIA A100-SXM4-40GB,19.49,40.0,4,12200000000,54,3.493
gemma3:12b,1451,0.5,0.95,50,10,NVIDIA A100-SXM4-40GB,19.49,40.0,4,12200000000,54,3.343
gemma3:12b,1427,0.5,0.95,50,10,NVIDIA A100-SXM4-40GB,19.49,40.0,4,12200000000,83,3.841
gemma3:12b,2400,0.5,0.95,50,10,NVIDIA A100-SXM4-40GB,19.49,40.0,4,12200000000,36,2.994
gemma3:12b,1426,0.5,0.95,50,10,NVIDIA A100-SXM4-40GB,19.49,40.0,4,12200000000,89,4.862
gemma3:12b,2412,0.5,0.95,50,10,NVIDIA A100-SXM4-40GB,19.49,40.0,4,12200000000,47,3.075
gemma3:12b,1427,0.5,0.95,50,10,NVIDIA A100-SXM4-40GB,19.49,40.0,4,12200000000,107,6.251
gemma3:12b,3363,0.5,0.95,50,10,NVIDIA A100-SXM4-40GB,19.49,40.0,4,12200000000,47,3.734
gemma3:12b,2417,0.5,0.95,50,10,NVIDIA A100-SXM4-40GB,19.49,40.0,4,12200000000,47,3.941
gemma3:12b,2374,0.5,0.95,50,10,NVIDIA A100-SXM4-40GB,19.49,40.0,4,12200000000,56,4.549
gemma3:12b,2408,0.5,0.95,50,10,NVIDIA A100-SXM4-40GB,19.49,40.0,4,12200000000,54,3.286
gemma3:12b,2412,0.5,0.95,50,10,NVIDIA A100-SXM4-40GB,19.49,40.0,4,12200000000,67,4.732
gemma3:12b,2403,0.5,0.95,50,10,NVIDIA A100-SXM4-40GB,19.49,40.0,4,12200000000,76,4.948
gemma3:12b,3339,0.5,0.95,50,10,NVIDIA A100-SXM4-40GB,19.49,40.0,4,12200000000,47,4.009
gemma3:12b,3362,0.5,0.95,50,10,NVIDIA A100-SXM4-40GB,19.49,40.0,4,12200000000,51,3.917
gemma3:12b,2425,0.5,0.95,50,10,NVIDIA A100-SXM4-40GB,19.49,40.0,4,12200000000,127,6.122
gemma3:12b,3455,0.5,0.95,50,10,NVIDIA A100-SXM4-40GB,19.49,40.0,4,12200000000,92,4.635
gemma3:12b,2441,0.5,0.95,50,10,NVIDIA A100-SXM4-40GB,19.49,40.0,4,12200000000,79,5.044
gemma3:12b,3367,0.5,0.95,50,10,NVIDIA A100-SXM4-40GB,19.49,40.0,4,12200000000,47,4.896
gemma3:12b,2473,0.5,0.95,50,10,NVIDIA A100-SXM4-40GB,19.49,40.0,4,12200000000,65,4.971
gemma3:12b,2521,0.5,0.95,50,10,NVIDIA A100-SXM4-40GB,19.49,40.0,4,12200000000,54,4.71
gemma3:12b,3458,0.5,0.95,50,10,NVIDIA A100-SXM4-40GB,19.49,40.0,4,12200000000,84,4.763
gemma3:12b,2594,0.5,0.95,50,10,NVIDIA A100-SXM4-40GB,19.49,40.0,4,12200000000,76,4.258
gemma3:12b,2509,0.5,0.95,50,10,NVIDIA A100-SXM4-40GB,19.49,40.0,4,12200000000,76,6.314
gemma3:12b,3400,0.5,0.95,50,10,NVIDIA A100-SXM4-40GB,19.49,40.0,4,12200000000,124,6.819
gemma3:12b,3592,0.5,0.95,50,10,NVIDIA A100-SXM4-40GB,19.49,40.0,4,12200000000,134,5.38
gemma3:12b,2505,0.5,0.95,50,10,NVIDIA A100-SXM4-40GB,19.49,40.0,4,12200000000,134,8.687
gemma3:12b,2605,0.5,0.95,50,10,NVIDIA A100-SXM4-40GB,19.49,40.0,4,12200000000,54,3.816
gemma3:12b,2715,0.5,0.95,50,10,NVIDIA A100-SXM4-40GB,19.49,40.0,4,12200000000,132,4.134
gemma3:12b,2568,0.5,0.95,50,10,NVIDIA A100-SXM4-40GB,19.49,40.0,4,12200000000,86,5.563
gemma3:12b,3459,0.5,0.95,50,10,NVIDIA A100-SXM4-40GB,19.49,40.0,4,12200000000,84,5.91
gemma3:12b,3556,0.5,0.95,50,10,NVIDIA A100-SXM4-40GB,19.49,40.0,4,12200000000,143,5.905
gemma3:12b,2615,0.5,0.95,50,10,NVIDIA A100-SXM4-40GB,19.49,40.0,4,12200000000,76,4.677
gemma3:12b,3424,0.5,0.95,50,10,NVIDIA A100-SXM4-40GB,19.49,40.0,4,12200000000,132,8.171
gemma3:12b,3752,0.5,0.95,50,10,NVIDIA A100-SXM4-40GB,19.49,40.0,4,12200000000,98,3.511
gemma3:12b,3538,0.5,0.95,50,10,NVIDIA A100-SXM4-40GB,19.49,40.0,4,12200000000,148,6.301
gemma3:12b,4592,0.5,0.95,50,10,NVIDIA A100-SXM4-40GB,19.49,40.0,4,12200000000,83,3.648
gemma3:12b,3552,0.5,0.95,50,10,NVIDIA A100-SXM4-40GB,19.49,40.0,4,12200000000,85,6.473
gemma3:12b,3559,0.5,0.95,50,10,NVIDIA A100-SXM4-40GB,19.49,40.0,4,12200000000,76,5.288
gemma3:12b,3557,0.5,0.95,50,10,NVIDIA A100-SXM4-40GB,19.49,40.0,4,12200000000,97,5.64
gemma3:12b,2657,0.5,0.95,50,10,NVIDIA A100-SXM4-40GB,19.49,40.0,4,12200000000,146,7.481
gemma3:12b,3889,0.5,0.95,50,10,NVIDIA A100-SXM4-40GB,19.49,40.0,4,12200000000,137,4.169
gemma3:12b,3601,0.5,0.95,50,10,NVIDIA A100-SXM4-40GB,19.49,40.0,4,12200000000,102,7.056
gemma3:12b,3680,0.5,0.95,50,10,NVIDIA A100-SXM4-40GB,19.49,40.0,4,12200000000,70,3.684
gemma3:12b,4547,0.5,0.95,50,10,NVIDIA A100-SXM4-40GB,19.49,40.0,4,12200000000,68,4.673
gemma3:12b,3680,0.5,0.95,50,10,NVIDIA A100-SXM4-40GB,19.49,40.0,4,12200000000,82,5.243
gemma3:12b,4068,0.5,0.95,50,10,NVIDIA A100-SXM4-40GB,19.49,40.0,4,12200000000,125,4.131
gemma3:12b,3584,0.5,0.95,50,10,NVIDIA A100-SXM4-40GB,19.49,40.0,4,12200000000,146,10.674
gemma3:12b,3807,0.5,0.95,50,10,NVIDIA A100-SXM4-40GB,19.49,40.0,4,12200000000,71,3.268
gemma3:12b,3780,0.5,0.95,50,10,NVIDIA A100-SXM4-40GB,19.49,40.0,4,12200000000,87,6.608
gemma3:12b,5086,0.5,0.95,50,10,NVIDIA A100-SXM4-40GB,19.49,40.0,4,12200000000,125,4.517
gemma3:12b,4782,0.5,0.95,50,10,NVIDIA A100-SXM4-40GB,19.49,40.0,4,12200000000,47,3.175
gemma3:12b,3772,0.5,0.95,50,10,NVIDIA A100-SXM4-40GB,19.49,40.0,4,12200000000,101,6.18
gemma3:12b,3745,0.5,0.95,50,10,NVIDIA A100-SXM4-40GB,19.49,40.0,4,12200000000,148,9.815
gemma3:12b,4774,0.5,0.95,50,10,NVIDIA A100-SXM4-40GB,19.49,40.0,4,12200000000,113,6.096
gemma3:12b,5253,0.5,0.95,50,10,NVIDIA A100-SXM4-40GB,19.49,40.0,4,12200000000,216,5.973
gemma3:12b,5733,0.5,0.95,50,10,NVIDIA A100-SXM4-40GB,19.49,40.0,4,12200000000,128,5.071
gemma3:12b,3915,0.5,0.95,50,10,NVIDIA A100-SXM4-40GB,19.49,40.0,4,12200000000,125,4.46
gemma3:12b,5906,0.5,0.95,50,10,NVIDIA A100-SXM4-40GB,19.49,40.0,4,12200000000,73,4.172
gemma3:12b,6024,0.5,0.95,50,10,NVIDIA A100-SXM4-40GB,19.49,40.0,4,12200000000,86,4.523
gemma3:12b,6988,0.5,0.95,50,10,NVIDIA A100-SXM4-40GB,19.49,40.0,4,12200000000,101,4.938
gemma3:12b,1235,0.5,1.0,50,1,NVIDIA GH200,67.0,96.0,1,12200000000,49,1.258
gemma3:12b,1329,0.5,1.0,50,1,NVIDIA GH200,67.0,96.0,1,12200000000,73,1.444
gemma3:12b,1432,0.5,1.0,50,1,NVIDIA GH200,67.0,96.0,1,12200000000,62,1.341
gemma3:12b,2401,0.5,1.0,50,1,NVIDIA GH200,67.0,96.0,1,12200000000,53,1.469
gemma3:12b,2492,0.5,1.0,50,1,NVIDIA GH200,67.0,96.0,1,12200000000,62,1.533
gemma3:12b,1235,0.5,1.0,50,1,NVIDIA A100-SXM4-40GB,19.49,40.0,4,12200000000,50,2.044
gemma3:12b,1330,0.5,1.0,50,1,NVIDIA A100-SXM4-40GB,19.49,40.0,4,12200000000,85,2.514
gemma3:12b,1445,0.5,1.0,50,1,NVIDIA A100-SXM4-40GB,19.49,40.0,4,12200000000,50,1.94
gemma3:12b,2402,0.5,1.0,50,1,NVIDIA A100-SXM4-40GB,19.49,40.0,4,12200000000,51,2.35
gemma3:12b,3356,0.5,1.0,50,1,NVIDIA A100-SXM4-40GB,19.49,40.0,4,12200000000,48,2.755
gemma3:12b,3449,0.5,1.0,50,1,NVIDIA A100-SXM4-40GB,19.49,40.0,4,12200000000,85,3.437
gemma3:12b,3579,0.5,1.0,50,1,NVIDIA A100-SXM4-40GB,19.49,40.0,4,12200000000,68,3.165
gemma3:12b,4525,0.5,1.0,50,1,NVIDIA A100-SXM4-40GB,19.49,40.0,4,12200000000,94,3.957
gemma3:12b,4664,0.5,1.0,50,1,NVIDIA A100-SXM4-40GB,19.49,40.0,4,12200000000,127,4.665
gemma3:12b,4821,0.5,1.0,50,1,NVIDIA A100-SXM4-40GB,19.49,40.0,4,12200000000,74,3.737
gemma3:12b,5802,0.5,1.0,50,1,NVIDIA A100-SXM4-40GB,19.49,40.0,4,12200000000,51,3.766
gemma3:12b,6756,0.5,1.0,50,1,NVIDIA A100-SXM4-40GB,19.49,40.0,4,12200000000,86,4.717
gemma3:12b,1235,0.5,1.0,50,5,NVIDIA GH200,67.0,96.0,1,12200000000,49,2.653
gemma3:12b,1235,0.5,1.0,50,5,NVIDIA GH200,67.0,96.0,1,12200000000,51,2.866
gemma3:12b,1235,0.5,1.0,50,5,NVIDIA GH200,67.0,96.0,1,12200000000,49,2.664
gemma3:12b,1235,0.5,1.0,50,5,NVIDIA GH200,67.0,96.0,1,12200000000,49,2.742
gemma3:12b,1235,0.5,1.0,50,5,NVIDIA GH200,67.0,96.0,1,12200000000,50,2.832
gemma3:12b,1329,0.5,1.0,50,5,NVIDIA GH200,67.0,96.0,1,12200000000,73,3.149
gemma3:12b,1329,0.5,1.0,50,5,NVIDIA GH200,67.0,96.0,1,12200000000,67,2.904
gemma3:12b,1331,0.5,1.0,50,5,NVIDIA GH200,67.0,96.0,1,12200000000,75,3.606
gemma3:12b,1329,0.5,1.0,50,5,NVIDIA GH200,67.0,96.0,1,12200000000,73,3.013
gemma3:12b,1330,0.5,1.0,50,5,NVIDIA GH200,67.0,96.0,1,12200000000,102,4.235
gemma3:12b,1410,0.5,1.0,50,5,NVIDIA GH200,67.0,96.0,1,12200000000,63,3.033
gemma3:12b,1436,0.5,1.0,50,5,NVIDIA GH200,67.0,96.0,1,12200000000,49,2.41
gemma3:12b,1445,0.5,1.0,50,5,NVIDIA GH200,67.0,96.0,1,12200000000,80,3.525
gemma3:12b,1462,0.5,1.0,50,5,NVIDIA GH200,67.0,96.0,1,12200000000,57,3.281
gemma3:12b,1445,0.5,1.0,50,5,NVIDIA GH200,67.0,96.0,1,12200000000,103,4.61
gemma3:12b,2378,0.5,1.0,50,5,NVIDIA GH200,67.0,96.0,1,12200000000,52,3.886
gemma3:12b,2381,0.5,1.0,50,5,NVIDIA GH200,67.0,96.0,1,12200000000,58,4.017
gemma3:12b,2433,0.5,1.0,50,5,NVIDIA GH200,67.0,96.0,1,12200000000,79,5.151
gemma3:12b,2426,0.5,1.0,50,5,NVIDIA GH200,67.0,96.0,1,12200000000,64,4.128
gemma3:12b,2441,0.5,1.0,50,5,NVIDIA GH200,67.0,96.0,1,12200000000,79,5.265
gemma3:12b,2482,0.5,1.0,50,5,NVIDIA GH200,67.0,96.0,1,12200000000,76,4.739
gemma3:12b,2542,0.5,1.0,50,5,NVIDIA GH200,67.0,96.0,1,12200000000,73,3.818
gemma3:12b,3393,0.5,1.0,50,5,NVIDIA GH200,67.0,96.0,1,12200000000,48,2.764
gemma3:12b,2473,0.5,1.0,50,5,NVIDIA GH200,67.0,96.0,1,12200000000,128,7.593
gemma3:12b,2565,0.5,1.0,50,5,NVIDIA GH200,67.0,96.0,1,12200000000,84,5.085
gemma3:12b,2596,0.5,1.0,50,5,NVIDIA GH200,67.0,96.0,1,12200000000,54,3.745
gemma3:12b,2660,0.5,1.0,50,5,NVIDIA GH200,67.0,96.0,1,12200000000,94,5.33
gemma3:12b,3486,0.5,1.0,50,5,NVIDIA GH200,67.0,96.0,1,12200000000,102,5.378
gemma3:12b,2643,0.5,1.0,50,5,NVIDIA GH200,67.0,96.0,1,12200000000,111,5.235
gemma3:12b,2679,0.5,1.0,50,5,NVIDIA GH200,67.0,96.0,1,12200000000,75,4.016
gemma3:12b,3633,0.5,1.0,50,5,NVIDIA GH200,67.0,96.0,1,12200000000,95,5.145
gemma3:12b,3647,0.5,1.0,50,5,NVIDIA GH200,67.0,96.0,1,12200000000,104,5.497
gemma3:12b,3659,0.5,1.0,50,5,NVIDIA GH200,67.0,96.0,1,12200000000,88,5.514
gemma3:12b,3662,0.5,1.0,50,5,NVIDIA GH200,67.0,96.0,1,12200000000,111,6.874
gemma3:12b,4621,0.5,1.0,50,5,NVIDIA GH200,67.0,96.0,1,12200000000,64,5.213
gemma3:12b,3788,0.5,1.0,50,5,NVIDIA GH200,67.0,96.0,1,12200000000,85,4.915
gemma3:12b,3781,0.5,1.0,50,5,NVIDIA GH200,67.0,96.0,1,12200000000,119,7.292
gemma3:12b,3818,0.5,1.0,50,5,NVIDIA GH200,67.0,96.0,1,12200000000,128,5.626
gemma3:12b,5588,0.5,1.0,50,5,NVIDIA GH200,67.0,96.0,1,12200000000,120,4.579
gemma3:12b,3913,0.5,1.0,50,5,NVIDIA GH200,67.0,96.0,1,12200000000,98,2.906
gemma3:12b,4914,0.5,1.0,50,5,NVIDIA GH200,67.0,96.0,1,12200000000,73,2.287
gemma3:12b,5891,0.5,1.0,50,5,NVIDIA GH200,67.0,96.0,1,12200000000,109,3.036
gemma3:12b,6045,0.5,1.0,50,5,NVIDIA GH200,67.0,96.0,1,12200000000,111,3.088
gemma3:12b,6201,0.5,1.0,50,5,NVIDIA GH200,67.0,96.0,1,12200000000,154,3.55
gemma3:12b,1235,0.5,1.0,50,5,NVIDIA A100-SXM4-40GB,19.49,40.0,4,12200000000,50,1.989
gemma3:12b,1235,0.5,1.0,50,5,NVIDIA A100-SXM4-40GB,19.49,40.0,4,12200000000,53,2.088
gemma3:12b,1235,0.5,1.0,50,5,NVIDIA A100-SXM4-40GB,19.49,40.0,4,12200000000,49,2.018
gemma3:12b,1235,0.5,1.0,50,5,NVIDIA A100-SXM4-40GB,19.49,40.0,4,12200000000,49,2.662
gemma3:12b,1235,0.5,1.0,50,5,NVIDIA A100-SXM4-40GB,19.49,40.0,4,12200000000,49,2.466
gemma3:12b,1330,0.5,1.0,50,5,NVIDIA A100-SXM4-40GB,19.49,40.0,4,12200000000,76,2.268
gemma3:12b,1329,0.5,1.0,50,5,NVIDIA A100-SXM4-40GB,19.49,40.0,4,12200000000,84,2.367
gemma3:12b,1333,0.5,1.0,50,5,NVIDIA A100-SXM4-40GB,19.49,40.0,4,12200000000,84,2.479
gemma3:12b,1329,0.5,1.0,50,5,NVIDIA A100-SXM4-40GB,19.49,40.0,4,12200000000,69,2.953
gemma3:12b,1329,0.5,1.0,50,5,NVIDIA A100-SXM4-40GB,19.49,40.0,4,12200000000,68,2.957
gemma3:12b,1436,0.5,1.0,50,5,NVIDIA A100-SXM4-40GB,19.49,40.0,4,12200000000,62,2.115
gemma3:12b,1427,0.5,1.0,50,5,NVIDIA A100-SXM4-40GB,19.49,40.0,4,12200000000,74,2.254
gemma3:12b,1431,0.5,1.0,50,5,NVIDIA A100-SXM4-40GB,19.49,40.0,4,12200000000,72,2.312
gemma3:12b,1427,0.5,1.0,50,5,NVIDIA A100-SXM4-40GB,19.49,40.0,4,12200000000,56,2.803
gemma3:12b,1441,0.5,1.0,50,5,NVIDIA A100-SXM4-40GB,19.49,40.0,4,12200000000,69,3.036
gemma3:12b,2405,0.5,1.0,50,5,NVIDIA A100-SXM4-40GB,19.49,40.0,4,12200000000,84,2.9
gemma3:12b,2408,0.5,1.0,50,5,NVIDIA A100-SXM4-40GB,19.49,40.0,4,12200000000,47,2.205
gemma3:12b,2411,0.5,1.0,50,5,NVIDIA A100-SXM4-40GB,19.49,40.0,4,12200000000,69,2.576
gemma3:12b,3358,0.5,1.0,50,5,NVIDIA A100-SXM4-40GB,19.49,40.0,4,12200000000,47,2.617
gemma3:12b,2534,0.5,1.0,50,5,NVIDIA A100-SXM4-40GB,19.49,40.0,4,12200000000,127,3.615
gemma3:12b,2390,0.5,1.0,50,5,NVIDIA A100-SXM4-40GB,19.49,40.0,4,12200000000,101,4.579
gemma3:12b,2418,0.5,1.0,50,5,NVIDIA A100-SXM4-40GB,19.49,40.0,4,12200000000,108,4.578
gemma3:12b,2523,0.5,1.0,50,5,NVIDIA A100-SXM4-40GB,19.49,40.0,4,12200000000,108,3.308
gemma3:12b,3419,0.5,1.0,50,5,NVIDIA A100-SXM4-40GB,19.49,40.0,4,12200000000,60,2.833
gemma3:12b,2673,0.5,1.0,50,5,NVIDIA A100-SXM4-40GB,19.49,40.0,4,12200000000,99,3.127
gemma3:12b,2691,0.5,1.0,50,5,NVIDIA A100-SXM4-40GB,19.49,40.0,4,12200000000,141,3.918
gemma3:12b,2536,0.5,1.0,50,5,NVIDIA A100-SXM4-40GB,19.49,40.0,4,12200000000,82,4.183
gemma3:12b,2571,0.5,1.0,50,5,NVIDIA A100-SXM4-40GB,19.49,40.0,4,12200000000,104,4.397
gemma3:12b,3524,0.5,1.0,50,5,NVIDIA A100-SXM4-40GB,19.49,40.0,4,12200000000,91,3.422
gemma3:12b,3677,0.5,1.0,50,5,NVIDIA A100-SXM4-40GB,19.49,40.0,4,12200000000,86,3.355
gemma3:12b,2663,0.5,1.0,50,5,NVIDIA A100-SXM4-40GB,19.49,40.0,4,12200000000,109,3.362
gemma3:12b,3740,0.5,1.0,50,5,NVIDIA A100-SXM4-40GB,19.49,40.0,4,12200000000,116,3.852
gemma3:12b,4493,0.5,1.0,50,5,NVIDIA A100-SXM4-40GB,19.49,40.0,4,12200000000,121,4.11
gemma3:12b,3793,0.5,1.0,50,5,NVIDIA A100-SXM4-40GB,19.49,40.0,4,12200000000,105,3.745
gemma3:12b,3886,0.5,1.0,50,5,NVIDIA A100-SXM4-40GB,19.49,40.0,4,12200000000,103,3.663
gemma3:12b,1235,0.5,1.0,50,10,NVIDIA GH200,67.0,96.0,1,12200000000,49,4.091
gemma3:12b,1235,0.5,1.0,50,10,NVIDIA GH200,67.0,96.0,1,12200000000,49,4.096
gemma3:12b,1235,0.5,1.0,50,10,NVIDIA GH200,67.0,96.0,1,12200000000,49,4.096
gemma3:12b,1235,0.5,1.0,50,10,NVIDIA GH200,67.0,96.0,1,12200000000,49,3.715
gemma3:12b,1235,0.5,1.0,50,10,NVIDIA GH200,67.0,96.0,1,12200000000,51,3.677
gemma3:12b,1235,0.5,1.0,50,10,NVIDIA GH200,67.0,96.0,1,12200000000,53,4.211
gemma3:12b,1235,0.5,1.0,50,10,NVIDIA GH200,67.0,96.0,1,12200000000,53,4.228
gemma3:12b,1235,0.5,1.0,50,10,NVIDIA GH200,67.0,96.0,1,12200000000,53,4.028
gemma3:12b,1235,0.5,1.0,50,10,NVIDIA GH200,67.0,96.0,1,12200000000,53,3.778
gemma3:12b,1235,0.5,1.0,50,10,NVIDIA GH200,67.0,96.0,1,12200000000,53,2.952
gemma3:12b,1333,0.5,1.0,50,10,NVIDIA GH200,67.0,96.0,1,12200000000,68,4.475
gemma3:12b,1331,0.5,1.0,50,10,NVIDIA GH200,67.0,96.0,1,12200000000,77,4.711
gemma3:12b,1333,0.5,1.0,50,10,NVIDIA GH200,67.0,96.0,1,12200000000,84,5.42
gemma3:12b,1333,0.5,1.0,50,10,NVIDIA GH200,67.0,96.0,1,12200000000,84,5.427
gemma3:12b,1333,0.5,1.0,50,10,NVIDIA GH200,67.0,96.0,1,12200000000,83,5.482
gemma3:12b,1329,0.5,1.0,50,10,NVIDIA GH200,67.0,96.0,1,12200000000,88,5.626
gemma3:12b,1329,0.5,1.0,50,10,NVIDIA GH200,67.0,96.0,1,12200000000,85,5.607
gemma3:12b,1329,0.5,1.0,50,10,NVIDIA GH200,67.0,96.0,1,12200000000,92,5.719
gemma3:12b,1333,0.5,1.0,50,10,NVIDIA GH200,67.0,96.0,1,12200000000,90,5.6
gemma3:12b,1329,0.5,1.0,50,10,NVIDIA GH200,67.0,96.0,1,12200000000,101,6.325
gemma3:12b,1431,0.5,1.0,50,10,NVIDIA GH200,67.0,96.0,1,12200000000,62,4.793
gemma3:12b,1444,0.5,1.0,50,10,NVIDIA GH200,67.0,96.0,1,12200000000,54,3.99
gemma3:12b,1451,0.5,1.0,50,10,NVIDIA GH200,67.0,96.0,1,12200000000,54,3.926
gemma3:12b,1422,0.5,1.0,50,10,NVIDIA GH200,67.0,96.0,1,12200000000,84,6.743
gemma3:12b,1431,0.5,1.0,50,10,NVIDIA GH200,67.0,96.0,1,12200000000,74,6.078
gemma3:12b,1430,0.5,1.0,50,10,NVIDIA GH200,67.0,96.0,1,12200000000,89,7.518
gemma3:12b,1431,0.5,1.0,50,10,NVIDIA GH200,67.0,96.0,1,12200000000,105,7.668
gemma3:12b,1447,0.5,1.0,50,10,NVIDIA GH200,67.0,96.0,1,12200000000,98,7.682
gemma3:12b,1444,0.5,1.0,50,10,NVIDIA GH200,67.0,96.0,1,12200000000,109,8.284
gemma3:12b,2405,0.5,1.0,50,10,NVIDIA GH200,67.0,96.0,1,12200000000,48,4.991
gemma3:12b,1453,0.5,1.0,50,10,NVIDIA GH200,67.0,96.0,1,12200000000,118,9.053
gemma3:12b,2412,0.5,1.0,50,10,NVIDIA GH200,67.0,96.0,1,12200000000,49,5.019
gemma3:12b,2414,0.5,1.0,50,10,NVIDIA GH200,67.0,96.0,1,12200000000,50,6.28
gemma3:12b,2412,0.5,1.0,50,10,NVIDIA GH200,67.0,96.0,1,12200000000,56,6.277
gemma3:12b,2400,0.5,1.0,50,10,NVIDIA GH200,67.0,96.0,1,12200000000,92,10.008
gemma3:12b,2423,0.5,1.0,50,10,NVIDIA GH200,67.0,96.0,1,12200000000,54,6.99
gemma3:12b,2412,0.5,1.0,50,10,NVIDIA GH200,67.0,96.0,1,12200000000,57,7.294
gemma3:12b,3356,0.5,1.0,50,10,NVIDIA GH200,67.0,96.0,1,12200000000,47,7.229
gemma3:12b,3364,0.5,1.0,50,10,NVIDIA GH200,67.0,96.0,1,12200000000,47,7.201
gemma3:12b,2461,0.5,1.0,50,10,NVIDIA GH200,67.0,96.0,1,12200000000,56,7.409
gemma3:12b,2478,0.5,1.0,50,10,NVIDIA GH200,67.0,96.0,1,12200000000,78,9.826
gemma3:12b,3371,0.5,1.0,50,10,NVIDIA GH200,67.0,96.0,1,12200000000,51,6.971
gemma3:12b,2522,0.5,1.0,50,10,NVIDIA GH200,67.0,96.0,1,12200000000,92,7.813
gemma3:12b,2507,0.5,1.0,50,10,NVIDIA GH200,67.0,96.0,1,12200000000,113,10.17
gemma3:12b,3436,0.5,1.0,50,10,NVIDIA GH200,67.0,96.0,1,12200000000,60,4.316
gemma3:12b,3448,0.5,1.0,50,10,NVIDIA GH200,67.0,96.0,1,12200000000,85,7.356
gemma3:12b,2520,0.5,1.0,50,10,NVIDIA GH200,67.0,96.0,1,12200000000,111,8.96
gemma3:12b,3456,0.5,1.0,50,10,NVIDIA GH200,67.0,96.0,1,12200000000,92,7.481
gemma3:12b,2586,0.5,1.0,50,10,NVIDIA GH200,67.0,96.0,1,12200000000,84,5.73
gemma3:12b,2512,0.5,1.0,50,10,NVIDIA GH200,67.0,96.0,1,12200000000,132,12.854
gemma3:12b,2560,0.5,1.0,50,10,NVIDIA GH200,67.0,96.0,1,12200000000,129,12.041
gemma3:12b,2644,0.5,1.0,50,10,NVIDIA GH200,67.0,96.0,1,12200000000,92,8.732
gemma3:12b,3592,0.5,1.0,50,10,NVIDIA GH200,67.0,96.0,1,12200000000,47,3.333
gemma3:12b,2665,0.5,1.0,50,10,NVIDIA GH200,67.0,96.0,1,12200000000,114,9.575
gemma3:12b,2686,0.5,1.0,50,10,NVIDIA GH200,67.0,96.0,1,12200000000,64,4.317
gemma3:12b,3541,0.5,1.0,50,10,NVIDIA GH200,67.0,96.0,1,12200000000,88,8.793
gemma3:12b,2661,0.5,1.0,50,10,NVIDIA GH200,67.0,96.0,1,12200000000,99,9.835
gemma3:12b,2700,0.5,1.0,50,10,NVIDIA GH200,67.0,96.0,1,12200000000,109,12.003
gemma3:12b,3578,0.5,1.0,50,10,NVIDIA GH200,67.0,96.0,1,12200000000,109,13.232
gemma3:12b,3593,0.5,1.0,50,10,NVIDIA GH200,67.0,96.0,1,12200000000,136,15.35
gemma3:12b,3684,0.5,1.0,50,10,NVIDIA GH200,67.0,96.0,1,12200000000,61,8.44
gemma3:12b,3629,0.5,1.0,50,10,NVIDIA GH200,67.0,96.0,1,12200000000,94,9.893
gemma3:12b,3656,0.5,1.0,50,10,NVIDIA GH200,67.0,96.0,1,12200000000,67,8.33
gemma3:12b,4580,0.5,1.0,50,10,NVIDIA GH200,67.0,96.0,1,12200000000,50,3.652
gemma3:12b,3665,0.5,1.0,50,10,NVIDIA GH200,67.0,96.0,1,12200000000,75,9.045
gemma3:12b,3702,0.5,1.0,50,10,NVIDIA GH200,67.0,96.0,1,12200000000,107,9.716
gemma3:12b,3687,0.5,1.0,50,10,NVIDIA GH200,67.0,96.0,1,12200000000,142,14.854
gemma3:12b,4507,0.5,1.0,50,10,NVIDIA GH200,67.0,96.0,1,12200000000,140,14.485
gemma3:12b,4623,0.5,1.0,50,10,NVIDIA GH200,67.0,96.0,1,12200000000,75,7.262
gemma3:12b,3753,0.5,1.0,50,10,NVIDIA GH200,67.0,96.0,1,12200000000,94,7.603
gemma3:12b,3762,0.5,1.0,50,10,NVIDIA GH200,67.0,96.0,1,12200000000,95,7.561
gemma3:12b,5533,0.5,1.0,50,10,NVIDIA GH200,67.0,96.0,1,12200000000,104,7.476
gemma3:12b,3783,0.5,1.0,50,10,NVIDIA GH200,67.0,96.0,1,12200000000,119,7.511
gemma3:12b,3896,0.5,1.0,50,10,NVIDIA GH200,67.0,96.0,1,12200000000,76,4.36
gemma3:12b,3877,0.5,1.0,50,10,NVIDIA GH200,67.0,96.0,1,12200000000,94,4.606
gemma3:12b,4880,0.5,1.0,50,10,NVIDIA GH200,67.0,96.0,1,12200000000,100,4.314
gemma3:12b,4864,0.5,1.0,50,10,NVIDIA GH200,67.0,96.0,1,12200000000,94,4.123
gemma3:12b,3947,0.5,1.0,50,10,NVIDIA GH200,67.0,96.0,1,12200000000,181,6.562
gemma3:12b,4988,0.5,1.0,50,10,NVIDIA GH200,67.0,96.0,1,12200000000,94,2.612
gemma3:12b,5112,0.5,1.0,50,10,NVIDIA GH200,67.0,96.0,1,12200000000,94,2.636
gemma3:12b,6099,0.5,1.0,50,10,NVIDIA GH200,67.0,96.0,1,12200000000,94,2.901
gemma3:12b,6223,0.5,1.0,50,10,NVIDIA GH200,67.0,96.0,1,12200000000,94,2.92
gemma3:12b,6347,0.5,1.0,50,10,NVIDIA GH200,67.0,96.0,1,12200000000,94,2.966
gemma3:12b,7334,0.5,1.0,50,10,NVIDIA GH200,67.0,96.0,1,12200000000,92,3.192
gemma3:12b,7456,0.5,1.0,50,10,NVIDIA GH200,67.0,96.0,1,12200000000,94,3.246
gemma3:12b,7580,0.5,1.0,50,10,NVIDIA GH200,67.0,96.0,1,12200000000,94,3.263
gemma3:12b,8567,0.5,1.0,50,10,NVIDIA GH200,67.0,96.0,1,12200000000,92,3.325
gemma3:12b,8689,0.5,1.0,50,10,NVIDIA GH200,67.0,96.0,1,12200000000,92,3.321
gemma3:12b,8811,0.5,1.0,50,10,NVIDIA GH200,67.0,96.0,1,12200000000,46,2.686
gemma3:12b,1235,0.5,1.0,50,10,NVIDIA A100-SXM4-40GB,19.49,40.0,4,12200000000,49,2.614
gemma3:12b,1235,0.5,1.0,50,10,NVIDIA A100-SXM4-40GB,19.49,40.0,4,12200000000,50,2.712
gemma3:12b,1235,0.5,1.0,50,10,NVIDIA A100-SXM4-40GB,19.49,40.0,4,12200000000,53,2.65
gemma3:12b,1235,0.5,1.0,50,10,NVIDIA A100-SXM4-40GB,19.49,40.0,4,12200000000,53,2.159
gemma3:12b,1235,0.5,1.0,50,10,NVIDIA A100-SXM4-40GB,19.49,40.0,4,12200000000,49,3.115
gemma3:12b,1235,0.5,1.0,50,10,NVIDIA A100-SXM4-40GB,19.49,40.0,4,12200000000,53,3.401
gemma3:12b,1235,0.5,1.0,50,10,NVIDIA A100-SXM4-40GB,19.49,40.0,4,12200000000,49,3.255
gemma3:12b,1235,0.5,1.0,50,10,NVIDIA A100-SXM4-40GB,19.49,40.0,4,12200000000,53,3.406
gemma3:12b,1235,0.5,1.0,50,10,NVIDIA A100-SXM4-40GB,19.49,40.0,4,12200000000,50,2.912
gemma3:12b,1235,0.5,1.0,50,10,NVIDIA A100-SXM4-40GB,19.49,40.0,4,12200000000,49,2.406
gemma3:12b,1329,0.5,1.0,50,10,NVIDIA A100-SXM4-40GB,19.49,40.0,4,12200000000,78,3.1
gemma3:12b,1333,0.5,1.0,50,10,NVIDIA A100-SXM4-40GB,19.49,40.0,4,12200000000,83,3.084
gemma3:12b,1333,0.5,1.0,50,10,NVIDIA A100-SXM4-40GB,19.49,40.0,4,12200000000,83,3.149
gemma3:12b,1330,0.5,1.0,50,10,NVIDIA A100-SXM4-40GB,19.49,40.0,4,12200000000,86,3.229
gemma3:12b,1329,0.5,1.0,50,10,NVIDIA A100-SXM4-40GB,19.49,40.0,4,12200000000,67,3.738
gemma3:12b,1330,0.5,1.0,50,10,NVIDIA A100-SXM4-40GB,19.49,40.0,4,12200000000,75,3.96
gemma3:12b,1329,0.5,1.0,50,10,NVIDIA A100-SXM4-40GB,19.49,40.0,4,12200000000,83,4.081
gemma3:12b,1333,0.5,1.0,50,10,NVIDIA A100-SXM4-40GB,19.49,40.0,4,12200000000,83,4.146
gemma3:12b,1329,0.5,1.0,50,10,NVIDIA A100-SXM4-40GB,19.49,40.0,4,12200000000,85,4.074
gemma3:12b,1333,0.5,1.0,50,10,NVIDIA A100-SXM4-40GB,19.49,40.0,4,12200000000,87,4.188
gemma3:12b,1446,0.5,1.0,50,10,NVIDIA A100-SXM4-40GB,19.49,40.0,4,12200000000,64,2.874
gemma3:12b,1430,0.5,1.0,50,10,NVIDIA A100-SXM4-40GB,19.49,40.0,4,12200000000,75,3.0
gemma3:12b,1421,0.5,1.0,50,10,NVIDIA A100-SXM4-40GB,19.49,40.0,4,12200000000,76,3.166
gemma3:12b,1430,0.5,1.0,50,10,NVIDIA A100-SXM4-40GB,19.49,40.0,4,12200000000,73,3.012
gemma3:12b,1444,0.5,1.0,50,10,NVIDIA A100-SXM4-40GB,19.49,40.0,4,12200000000,52,3.054
gemma3:12b,1410,0.5,1.0,50,10,NVIDIA A100-SXM4-40GB,19.49,40.0,4,12200000000,63,3.72
gemma3:12b,1450,0.5,1.0,50,10,NVIDIA A100-SXM4-40GB,19.49,40.0,4,12200000000,61,3.288
gemma3:12b,1442,0.5,1.0,50,10,NVIDIA A100-SXM4-40GB,19.49,40.0,4,12200000000,54,3.499
gemma3:12b,1435,0.5,1.0,50,10,NVIDIA A100-SXM4-40GB,19.49,40.0,4,12200000000,56,3.599
gemma3:12b,2417,0.5,1.0,50,10,NVIDIA A100-SXM4-40GB,19.49,40.0,4,12200000000,75,3.76
gemma3:12b,2411,0.5,1.0,50,10,NVIDIA A100-SXM4-40GB,19.49,40.0,4,12200000000,75,3.821
gemma3:12b,2413,0.5,1.0,50,10,NVIDIA A100-SXM4-40GB,19.49,40.0,4,12200000000,81,3.924
gemma3:12b,2405,0.5,1.0,50,10,NVIDIA A100-SXM4-40GB,19.49,40.0,4,12200000000,112,4.446
gemma3:12b,1430,0.5,1.0,50,10,NVIDIA A100-SXM4-40GB,19.49,40.0,4,12200000000,89,5.796
gemma3:12b,2403,0.5,1.0,50,10,NVIDIA A100-SXM4-40GB,19.49,40.0,4,12200000000,48,4.339
gemma3:12b,2389,0.5,1.0,50,10,NVIDIA A100-SXM4-40GB,19.49,40.0,4,12200000000,54,4.375
gemma3:12b,2381,0.5,1.0,50,10,NVIDIA A100-SXM4-40GB,19.49,40.0,4,12200000000,58,4.479
gemma3:12b,2398,0.5,1.0,50,10,NVIDIA A100-SXM4-40GB,19.49,40.0,4,12200000000,51,4.378
gemma3:12b,2403,0.5,1.0,50,10,NVIDIA A100-SXM4-40GB,19.49,40.0,4,12200000000,72,5.289
gemma3:12b,3395,0.5,1.0,50,10,NVIDIA A100-SXM4-40GB,19.49,40.0,4,12200000000,48,3.736
gemma3:12b,2412,0.5,1.0,50,10,NVIDIA A100-SXM4-40GB,19.49,40.0,4,12200000000,50,3.198
gemma3:12b,2560,0.5,1.0,50,10,NVIDIA A100-SXM4-40GB,19.49,40.0,4,12200000000,106,4.026
gemma3:12b,2537,0.5,1.0,50,10,NVIDIA A100-SXM4-40GB,19.49,40.0,4,12200000000,132,4.934
gemma3:12b,2529,0.5,1.0,50,10,NVIDIA A100-SXM4-40GB,19.49,40.0,4,12200000000,95,5.584
gemma3:12b,3354,0.5,1.0,50,10,NVIDIA A100-SXM4-40GB,19.49,40.0,4,12200000000,47,4.967
gemma3:12b,3352,0.5,1.0,50,10,NVIDIA A100-SXM4-40GB,19.49,40.0,4,12200000000,48,5.023
gemma3:12b,3488,0.5,1.0,50,10,NVIDIA A100-SXM4-40GB,19.49,40.0,4,12200000000,86,4.551
gemma3:12b,2654,0.5,1.0,50,10,NVIDIA A100-SXM4-40GB,19.49,40.0,4,12200000000,74,2.844
gemma3:12b,2505,0.5,1.0,50,10,NVIDIA A100-SXM4-40GB,19.49,40.0,4,12200000000,72,4.941
gemma3:12b,2520,0.5,1.0,50,10,NVIDIA A100-SXM4-40GB,19.49,40.0,4,12200000000,73,5.632
gemma3:12b,2486,0.5,1.0,50,10,NVIDIA A100-SXM4-40GB,19.49,40.0,4,12200000000,94,6.924
gemma3:12b,2696,0.5,1.0,50,10,NVIDIA A100-SXM4-40GB,19.49,40.0,4,12200000000,125,4.839
gemma3:12b,2711,0.5,1.0,50,10,NVIDIA A100-SXM4-40GB,19.49,40.0,4,12200000000,136,4.944
gemma3:12b,2482,0.5,1.0,50,10,NVIDIA A100-SXM4-40GB,19.49,40.0,4,12200000000,129,8.45
gemma3:12b,3619,0.5,1.0,50,10,NVIDIA A100-SXM4-40GB,19.49,40.0,4,12200000000,123,3.892
gemma3:12b,3446,0.5,1.0,50,10,NVIDIA A100-SXM4-40GB,19.49,40.0,4,12200000000,85,5.877
gemma3:12b,2607,0.5,1.0,50,10,NVIDIA A100-SXM4-40GB,19.49,40.0,4,12200000000,72,4.505
gemma3:12b,3445,0.5,1.0,50,10,NVIDIA A100-SXM4-40GB,19.49,40.0,4,12200000000,75,5.79
gemma3:12b,3725,0.5,1.0,50,10,NVIDIA A100-SXM4-40GB,19.49,40.0,4,12200000000,133,3.975
gemma3:12b,2638,0.5,1.0,50,10,NVIDIA A100-SXM4-40GB,19.49,40.0,4,12200000000,104,5.537
gemma3:12b,4635,0.5,1.0,50,10,NVIDIA A100-SXM4-40GB,19.49,40.0,4,12200000000,75,3.454
gemma3:12b,2653,0.5,1.0,50,10,NVIDIA A100-SXM4-40GB,19.49,40.0,4,12200000000,77,4.769
gemma3:12b,2610,0.5,1.0,50,10,NVIDIA A100-SXM4-40GB,19.49,40.0,4,12200000000,116,6.548
gemma3:12b,3565,0.5,1.0,50,10,NVIDIA A100-SXM4-40GB,19.49,40.0,4,12200000000,68,4.674
gemma3:12b,5613,0.5,1.0,50,10,NVIDIA A100-SXM4-40GB,19.49,40.0,4,12200000000,118,4.47
gemma3:12b,3576,0.5,1.0,50,10,NVIDIA A100-SXM4-40GB,19.49,40.0,4,12200000000,132,7.842
gemma3:12b,3635,0.5,1.0,50,10,NVIDIA A100-SXM4-40GB,19.49,40.0,4,12200000000,75,5.158
gemma3:12b,3635,0.5,1.0,50,10,NVIDIA A100-SXM4-40GB,19.49,40.0,4,12200000000,158,6.849
gemma3:12b,4526,0.5,1.0,50,10,NVIDIA A100-SXM4-40GB,19.49,40.0,4,12200000000,131,4.655
gemma3:12b,3634,0.5,1.0,50,10,NVIDIA A100-SXM4-40GB,19.49,40.0,4,12200000000,110,8.972
gemma3:12b,4616,0.5,1.0,50,10,NVIDIA A100-SXM4-40GB,19.49,40.0,4,12200000000,90,7.204
gemma3:12b,3751,0.5,1.0,50,10,NVIDIA A100-SXM4-40GB,19.49,40.0,4,12200000000,111,7.699
gemma3:12b,3758,0.5,1.0,50,10,NVIDIA A100-SXM4-40GB,19.49,40.0,4,12200000000,111,6.021
gemma3:12b,3902,0.5,1.0,50,10,NVIDIA A100-SXM4-40GB,19.49,40.0,4,12200000000,101,5.673
gemma3:12b,3914,0.5,1.0,50,10,NVIDIA A100-SXM4-40GB,19.49,40.0,4,12200000000,149,6.969
gemma3:12b,4885,0.5,1.0,50,10,NVIDIA A100-SXM4-40GB,19.49,40.0,4,12200000000,157,7.488
gemma3:12b,4956,0.5,1.0,50,10,NVIDIA A100-SXM4-40GB,19.49,40.0,4,12200000000,83,4.211
gemma3:12b,1235,1.0,0.9,10,1,NVIDIA GH200,67.0,96.0,1,12200000000,50,1.226
gemma3:12b,1330,1.0,0.9,10,1,NVIDIA GH200,67.0,96.0,1,12200000000,77,1.451
gemma3:12b,1421,1.0,0.9,10,1,NVIDIA GH200,67.0,96.0,1,12200000000,88,1.639
gemma3:12b,2402,1.0,0.9,10,1,NVIDIA GH200,67.0,96.0,1,12200000000,57,1.484
gemma3:12b,2502,1.0,0.9,10,1,NVIDIA GH200,67.0,96.0,1,12200000000,123,2.256
gemma3:12b,2667,1.0,0.9,10,1,NVIDIA GH200,67.0,96.0,1,12200000000,65,1.634
gemma3:12b,3640,1.0,0.9,10,1,NVIDIA GH200,67.0,96.0,1,12200000000,167,3.103
gemma3:12b,3847,1.0,0.9,10,1,NVIDIA GH200,67.0,96.0,1,12200000000,51,1.734
gemma3:12b,3925,1.0,0.9,10,1,NVIDIA GH200,67.0,96.0,1,12200000000,182,3.212
gemma3:12b,1235,1.0,0.9,10,1,NVIDIA A100-SXM4-40GB,19.49,40.0,4,12200000000,49,1.997
gemma3:12b,1329,1.0,0.9,10,1,NVIDIA A100-SXM4-40GB,19.49,40.0,4,12200000000,63,2.156
gemma3:12b,1422,1.0,0.9,10,1,NVIDIA A100-SXM4-40GB,19.49,40.0,4,12200000000,83,2.451
gemma3:12b,2412,1.0,0.9,10,1,NVIDIA A100-SXM4-40GB,19.49,40.0,4,12200000000,46,2.184
gemma3:12b,3361,1.0,0.9,10,1,NVIDIA A100-SXM4-40GB,19.49,40.0,4,12200000000,47,2.711
gemma3:12b,3453,1.0,0.9,10,1,NVIDIA A100-SXM4-40GB,19.49,40.0,4,12200000000,63,3.052
gemma3:12b,3561,1.0,0.9,10,1,NVIDIA A100-SXM4-40GB,19.49,40.0,4,12200000000,86,3.459
gemma3:12b,4540,1.0,0.9,10,1,NVIDIA A100-SXM4-40GB,19.49,40.0,4,12200000000,67,3.469
gemma3:12b,1235,1.0,0.9,10,5,NVIDIA GH200,67.0,96.0,1,12200000000,50,2.744
gemma3:12b,1235,1.0,0.9,10,5,NVIDIA GH200,67.0,96.0,1,12200000000,49,2.558
gemma3:12b,1235,1.0,0.9,10,5,NVIDIA GH200,67.0,96.0,1,12200000000,50,2.527
gemma3:12b,1235,1.0,0.9,10,5,NVIDIA GH200,67.0,96.0,1,12200000000,50,2.318
gemma3:12b,1235,1.0,0.9,10,5,NVIDIA GH200,67.0,96.0,1,12200000000,49,1.836
gemma3:12b,1330,1.0,0.9,10,5,NVIDIA GH200,67.0,96.0,1,12200000000,59,3.029
gemma3:12b,1330,1.0,0.9,10,5,NVIDIA GH200,67.0,96.0,1,12200000000,78,3.651
gemma3:12b,1330,1.0,0.9,10,5,NVIDIA GH200,67.0,96.0,1,12200000000,80,3.641
gemma3:12b,1329,1.0,0.9,10,5,NVIDIA GH200,67.0,96.0,1,12200000000,86,3.787
gemma3:12b,1329,1.0,0.9,10,5,NVIDIA GH200,67.0,96.0,1,12200000000,102,4.768
gemma3:12b,1429,1.0,0.9,10,5,NVIDIA GH200,67.0,96.0,1,12200000000,55,2.704
gemma3:12b,1419,1.0,0.9,10,5,NVIDIA GH200,67.0,96.0,1,12200000000,99,3.777
gemma3:12b,1424,1.0,0.9,10,5,NVIDIA GH200,67.0,96.0,1,12200000000,83,4.202
gemma3:12b,1422,1.0,0.9,10,5,NVIDIA GH200,67.0,96.0,1,12200000000,101,4.5
gemma3:12b,1474,1.0,0.9,10,5,NVIDIA GH200,67.0,96.0,1,12200000000,80,3.271
gemma3:12b,2392,1.0,0.9,10,5,NVIDIA GH200,67.0,96.0,1,12200000000,58,3.497
gemma3:12b,2414,1.0,0.9,10,5,NVIDIA GH200,67.0,96.0,1,12200000000,81,3.434
gemma3:12b,2425,1.0,0.9,10,5,NVIDIA GH200,67.0,96.0,1,12200000000,111,4.745
gemma3:12b,2459,1.0,0.9,10,5,NVIDIA GH200,67.0,96.0,1,12200000000,125,5.11
gemma3:12b,2493,1.0,0.9,10,5,NVIDIA GH200,67.0,96.0,1,12200000000,84,3.448
gemma3:12b,2525,1.0,0.9,10,5,NVIDIA GH200,67.0,96.0,1,12200000000,69,3.711
gemma3:12b,2581,1.0,0.9,10,5,NVIDIA GH200,67.0,96.0,1,12200000000,92,4.118
gemma3:12b,2615,1.0,0.9,10,5,NVIDIA GH200,67.0,96.0,1,12200000000,82,2.842
gemma3:12b,2627,1.0,0.9,10,5,NVIDIA GH200,67.0,96.0,1,12200000000,116,3.968
gemma3:12b,2703,1.0,0.9,10,5,NVIDIA GH200,67.0,96.0,1,12200000000,154,3.753
gemma3:12b,2773,1.0,0.9,10,5,NVIDIA GH200,67.0,96.0,1,12200000000,136,2.758
gemma3:12b,1235,1.0,0.9,10,5,NVIDIA A100-SXM4-40GB,19.49,40.0,4,12200000000,49,1.976
gemma3:12b,1235,1.0,0.9,10,5,NVIDIA A100-SXM4-40GB,19.49,40.0,4,12200000000,49,1.939
gemma3:12b,1235,1.0,0.9,10,5,NVIDIA A100-SXM4-40GB,19.49,40.0,4,12200000000,49,2.007
gemma3:12b,1235,1.0,0.9,10,5,NVIDIA A100-SXM4-40GB,19.49,40.0,4,12200000000,49,1.957
gemma3:12b,1329,1.0,0.9,10,5,NVIDIA A100-SXM4-40GB,19.49,40.0,4,12200000000,85,2.448
gemma3:12b,1329,1.0,0.9,10,5,NVIDIA A100-SXM4-40GB,19.49,40.0,4,12200000000,78,2.363
gemma3:12b,1329,1.0,0.9,10,5,NVIDIA A100-SXM4-40GB,19.49,40.0,4,12200000000,67,2.132
gemma3:12b,1235,1.0,0.9,10,5,NVIDIA A100-SXM4-40GB,19.49,40.0,4,12200000000,61,2.541
gemma3:12b,1329,1.0,0.9,10,5,NVIDIA A100-SXM4-40GB,19.49,40.0,4,12200000000,82,3.194
gemma3:12b,1444,1.0,0.9,10,5,NVIDIA A100-SXM4-40GB,19.49,40.0,4,12200000000,70,2.256
gemma3:12b,1426,1.0,0.9,10,5,NVIDIA A100-SXM4-40GB,19.49,40.0,4,12200000000,81,2.478
gemma3:12b,1421,1.0,0.9,10,5,NVIDIA A100-SXM4-40GB,19.49,40.0,4,12200000000,114,2.92
gemma3:12b,1341,1.0,0.9,10,5,NVIDIA A100-SXM4-40GB,19.49,40.0,4,12200000000,77,3.202
gemma3:12b,1425,1.0,0.9,10,5,NVIDIA A100-SXM4-40GB,19.49,40.0,4,12200000000,102,3.301
gemma3:12b,2392,1.0,0.9,10,5,NVIDIA A100-SXM4-40GB,19.49,40.0,4,12200000000,54,2.28
gemma3:12b,2385,1.0,0.9,10,5,NVIDIA A100-SXM4-40GB,19.49,40.0,4,12200000000,56,2.334
gemma3:12b,2460,1.0,0.9,10,5,NVIDIA A100-SXM4-40GB,19.49,40.0,4,12200000000,46,2.291
gemma3:12b,2452,1.0,0.9,10,5,NVIDIA A100-SXM4-40GB,19.49,40.0,4,12200000000,91,3.588
gemma3:12b,1432,1.0,0.9,10,5,NVIDIA A100-SXM4-40GB,19.49,40.0,4,12200000000,102,4.135
gemma3:12b,2503,1.0,0.9,10,5,NVIDIA A100-SXM4-40GB,19.49,40.0,4,12200000000,90,2.94
gemma3:12b,2508,1.0,0.9,10,5,NVIDIA A100-SXM4-40GB,19.49,40.0,4,12200000000,121,3.478
gemma3:12b,2549,1.0,0.9,10,5,NVIDIA A100-SXM4-40GB,19.49,40.0,4,12200000000,185,4.645
gemma3:12b,2672,1.0,0.9,10,5,NVIDIA A100-SXM4-40GB,19.49,40.0,4,12200000000,49,2.397
gemma3:12b,2620,1.0,0.9,10,5,NVIDIA A100-SXM4-40GB,19.49,40.0,4,12200000000,69,2.665
gemma3:12b,2586,1.0,0.9,10,5,NVIDIA A100-SXM4-40GB,19.49,40.0,4,12200000000,64,3.91
gemma3:12b,2753,1.0,0.9,10,5,NVIDIA A100-SXM4-40GB,19.49,40.0,4,12200000000,60,2.675
gemma3:12b,2459,1.0,0.9,10,5,NVIDIA A100-SXM4-40GB,19.49,40.0,4,12200000000,107,5.587
gemma3:12b,3629,1.0,0.9,10,5,NVIDIA A100-SXM4-40GB,19.49,40.0,4,12200000000,78,3.229
gemma3:12b,3597,1.0,0.9,10,5,NVIDIA A100-SXM4-40GB,19.49,40.0,4,12200000000,90,3.4
gemma3:12b,2695,1.0,0.9,10,5,NVIDIA A100-SXM4-40GB,19.49,40.0,4,12200000000,92,4.299
gemma3:12b,2611,1.0,0.9,10,5,NVIDIA A100-SXM4-40GB,19.49,40.0,4,12200000000,62,2.848
gemma3:12b,3721,1.0,0.9,10,5,NVIDIA A100-SXM4-40GB,19.49,40.0,4,12200000000,73,3.045
gemma3:12b,3732,1.0,0.9,10,5,NVIDIA A100-SXM4-40GB,19.49,40.0,4,12200000000,122,3.825
gemma3:12b,2687,1.0,0.9,10,5,NVIDIA A100-SXM4-40GB,19.49,40.0,4,12200000000,144,5.412
gemma3:12b,3712,1.0,0.9,10,5,NVIDIA A100-SXM4-40GB,19.49,40.0,4,12200000000,178,6.357
gemma3:12b,1235,1.0,0.9,10,10,NVIDIA GH200,67.0,96.0,1,12200000000,51,4.149
gemma3:12b,1235,1.0,0.9,10,10,NVIDIA GH200,67.0,96.0,1,12200000000,49,4.054
gemma3:12b,1235,1.0,0.9,10,10,NVIDIA GH200,67.0,96.0,1,12200000000,49,3.92
gemma3:12b,1235,1.0,0.9,10,10,NVIDIA GH200,67.0,96.0,1,12200000000,49,4.004
gemma3:12b,1235,1.0,0.9,10,10,NVIDIA GH200,67.0,96.0,1,12200000000,49,4.108
gemma3:12b,1235,1.0,0.9,10,10,NVIDIA GH200,67.0,96.0,1,12200000000,49,2.974
gemma3:12b,1235,1.0,0.9,10,10,NVIDIA GH200,67.0,96.0,1,12200000000,51,4.132
gemma3:12b,1235,1.0,0.9,10,10,NVIDIA GH200,67.0,96.0,1,12200000000,50,4.159
gemma3:12b,1235,1.0,0.9,10,10,NVIDIA GH200,67.0,96.0,1,12200000000,51,3.838
gemma3:12b,1235,1.0,0.9,10,10,NVIDIA GH200,67.0,96.0,1,12200000000,49,2.08
gemma3:12b,1329,1.0,0.9,10,10,NVIDIA GH200,67.0,96.0,1,12200000000,68,4.692
gemma3:12b,1331,1.0,0.9,10,10,NVIDIA GH200,67.0,96.0,1,12200000000,76,4.819
gemma3:12b,1331,1.0,0.9,10,10,NVIDIA GH200,67.0,96.0,1,12200000000,79,4.819
gemma3:12b,1330,1.0,0.9,10,10,NVIDIA GH200,67.0,96.0,1,12200000000,80,4.969
gemma3:12b,1329,1.0,0.9,10,10,NVIDIA GH200,67.0,96.0,1,12200000000,88,5.98
gemma3:12b,1329,1.0,0.9,10,10,NVIDIA GH200,67.0,96.0,1,12200000000,86,6.145
gemma3:12b,1331,1.0,0.9,10,10,NVIDIA GH200,67.0,96.0,1,12200000000,91,6.357
gemma3:12b,1329,1.0,0.9,10,10,NVIDIA GH200,67.0,96.0,1,12200000000,92,6.445
gemma3:12b,1329,1.0,0.9,10,10,NVIDIA GH200,67.0,96.0,1,12200000000,92,6.576
gemma3:12b,1329,1.0,0.9,10,10,NVIDIA GH200,67.0,96.0,1,12200000000,95,7.607
gemma3:12b,1437,1.0,0.9,10,10,NVIDIA GH200,67.0,96.0,1,12200000000,56,4.727
gemma3:12b,1424,1.0,0.9,10,10,NVIDIA GH200,67.0,96.0,1,12200000000,62,4.841
gemma3:12b,1451,1.0,0.9,10,10,NVIDIA GH200,67.0,96.0,1,12200000000,59,3.404
gemma3:12b,1424,1.0,0.9,10,10,NVIDIA GH200,67.0,96.0,1,12200000000,69,4.882
gemma3:12b,1435,1.0,0.9,10,10,NVIDIA GH200,67.0,96.0,1,12200000000,69,5.408
gemma3:12b,1438,1.0,0.9,10,10,NVIDIA GH200,67.0,96.0,1,12200000000,81,4.727
gemma3:12b,1445,1.0,0.9,10,10,NVIDIA GH200,67.0,96.0,1,12200000000,84,6.887
gemma3:12b,1411,1.0,0.9,10,10,NVIDIA GH200,67.0,96.0,1,12200000000,103,8.499
gemma3:12b,1452,1.0,0.9,10,10,NVIDIA GH200,67.0,96.0,1,12200000000,107,8.138
gemma3:12b,1460,1.0,0.9,10,10,NVIDIA GH200,67.0,96.0,1,12200000000,115,8.633
gemma3:12b,2435,1.0,0.9,10,10,NVIDIA GH200,67.0,96.0,1,12200000000,48,5.253
gemma3:12b,2394,1.0,0.9,10,10,NVIDIA GH200,67.0,96.0,1,12200000000,54,6.444
gemma3:12b,2407,1.0,0.9,10,10,NVIDIA GH200,67.0,96.0,1,12200000000,54,4.901
gemma3:12b,2400,1.0,0.9,10,10,NVIDIA GH200,67.0,96.0,1,12200000000,114,9.543
gemma3:12b,2526,1.0,0.9,10,10,NVIDIA GH200,67.0,96.0,1,12200000000,55,3.912
gemma3:12b,2422,1.0,0.9,10,10,NVIDIA GH200,67.0,96.0,1,12200000000,90,6.478
gemma3:12b,2418,1.0,0.9,10,10,NVIDIA GH200,67.0,96.0,1,12200000000,127,10.098
gemma3:12b,2429,1.0,0.9,10,10,NVIDIA GH200,67.0,96.0,1,12200000000,118,8.946
gemma3:12b,2510,1.0,0.9,10,10,NVIDIA GH200,67.0,96.0,1,12200000000,67,5.534
gemma3:12b,2483,1.0,0.9,10,10,NVIDIA GH200,67.0,96.0,1,12200000000,94,8.533
gemma3:12b,2621,1.0,0.9,10,10,NVIDIA GH200,67.0,96.0,1,12200000000,25,2.707
gemma3:12b,2484,1.0,0.9,10,10,NVIDIA GH200,67.0,96.0,1,12200000000,112,10.051
gemma3:12b,2523,1.0,0.9,10,10,NVIDIA GH200,67.0,96.0,1,12200000000,67,6.724
gemma3:12b,2590,1.0,0.9,10,10,NVIDIA GH200,67.0,96.0,1,12200000000,50,5.344
gemma3:12b,2588,1.0,0.9,10,10,NVIDIA GH200,67.0,96.0,1,12200000000,64,6.395
gemma3:12b,2611,1.0,0.9,10,10,NVIDIA GH200,67.0,96.0,1,12200000000,69,7.732
gemma3:12b,2574,1.0,0.9,10,10,NVIDIA GH200,67.0,96.0,1,12200000000,104,9.862
gemma3:12b,2559,1.0,0.9,10,10,NVIDIA GH200,67.0,96.0,1,12200000000,126,11.037
gemma3:12b,2682,1.0,0.9,10,10,NVIDIA GH200,67.0,96.0,1,12200000000,66,4.745
gemma3:12b,3480,1.0,0.9,10,10,NVIDIA GH200,67.0,96.0,1,12200000000,118,8.112
gemma3:12b,2617,1.0,0.9,10,10,NVIDIA GH200,67.0,96.0,1,12200000000,104,6.842
gemma3:12b,2685,1.0,0.9,10,10,NVIDIA GH200,67.0,96.0,1,12200000000,84,5.483
gemma3:12b,2641,1.0,0.9,10,10,NVIDIA GH200,67.0,96.0,1,12200000000,111,7.494
gemma3:12b,3588,1.0,0.9,10,10,NVIDIA GH200,67.0,96.0,1,12200000000,102,8.96
gemma3:12b,3626,1.0,0.9,10,10,NVIDIA GH200,67.0,96.0,1,12200000000,45,5.562
gemma3:12b,2720,1.0,0.9,10,10,NVIDIA GH200,67.0,96.0,1,12200000000,100,7.411
gemma3:12b,3643,1.0,0.9,10,10,NVIDIA GH200,67.0,96.0,1,12200000000,101,8.309
gemma3:12b,2795,1.0,0.9,10,10,NVIDIA GH200,67.0,96.0,1,12200000000,99,7.663
gemma3:12b,3647,1.0,0.9,10,10,NVIDIA GH200,67.0,96.0,1,12200000000,115,8.159
gemma3:12b,3646,1.0,0.9,10,10,NVIDIA GH200,67.0,96.0,1,12200000000,105,8.406
gemma3:12b,3716,1.0,0.9,10,10,NVIDIA GH200,67.0,96.0,1,12200000000,88,6.44
gemma3:12b,3727,1.0,0.9,10,10,NVIDIA GH200,67.0,96.0,1,12200000000,88,6.575
gemma3:12b,3796,1.0,0.9,10,10,NVIDIA GH200,67.0,96.0,1,12200000000,75,5.171
gemma3:12b,3774,1.0,0.9,10,10,NVIDIA GH200,67.0,96.0,1,12200000000,97,5.595
gemma3:12b,3802,1.0,0.9,10,10,NVIDIA GH200,67.0,96.0,1,12200000000,133,8.007
gemma3:12b,3829,1.0,0.9,10,10,NVIDIA GH200,67.0,96.0,1,12200000000,75,4.389
gemma3:12b,3885,1.0,0.9,10,10,NVIDIA GH200,67.0,96.0,1,12200000000,153,4.789
gemma3:12b,4774,1.0,0.9,10,10,NVIDIA GH200,67.0,96.0,1,12200000000,165,4.763
gemma3:12b,1235,1.0,0.9,10,10,NVIDIA A100-SXM4-40GB,19.49,40.0,4,12200000000,50,2.666
gemma3:12b,1235,1.0,0.9,10,10,NVIDIA A100-SXM4-40GB,19.49,40.0,4,12200000000,51,2.672
gemma3:12b,1235,1.0,0.9,10,10,NVIDIA A100-SXM4-40GB,19.49,40.0,4,12200000000,51,2.649
gemma3:12b,1235,1.0,0.9,10,10,NVIDIA A100-SXM4-40GB,19.49,40.0,4,12200000000,50,2.41
gemma3:12b,1235,1.0,0.9,10,10,NVIDIA A100-SXM4-40GB,19.49,40.0,4,12200000000,51,3.313
gemma3:12b,1235,1.0,0.9,10,10,NVIDIA A100-SXM4-40GB,19.49,40.0,4,12200000000,50,3.119
gemma3:12b,1235,1.0,0.9,10,10,NVIDIA A100-SXM4-40GB,19.49,40.0,4,12200000000,53,3.435
gemma3:12b,1235,1.0,0.9,10,10,NVIDIA A100-SXM4-40GB,19.49,40.0,4,12200000000,50,3.361
gemma3:12b,1235,1.0,0.9,10,10,NVIDIA A100-SXM4-40GB,19.49,40.0,4,12200000000,51,3.342
gemma3:12b,1235,1.0,0.9,10,10,NVIDIA A100-SXM4-40GB,19.49,40.0,4,12200000000,50,2.301
gemma3:12b,1331,1.0,0.9,10,10,NVIDIA A100-SXM4-40GB,19.49,40.0,4,12200000000,78,3.129
gemma3:12b,1330,1.0,0.9,10,10,NVIDIA A100-SXM4-40GB,19.49,40.0,4,12200000000,79,3.112
gemma3:12b,1330,1.0,0.9,10,10,NVIDIA A100-SXM4-40GB,19.49,40.0,4,12200000000,80,3.233
gemma3:12b,1331,1.0,0.9,10,10,NVIDIA A100-SXM4-40GB,19.49,40.0,4,12200000000,80,3.218
gemma3:12b,1330,1.0,0.9,10,10,NVIDIA A100-SXM4-40GB,19.49,40.0,4,12200000000,56,3.409
gemma3:12b,1333,1.0,0.9,10,10,NVIDIA A100-SXM4-40GB,19.49,40.0,4,12200000000,72,3.796
gemma3:12b,1331,1.0,0.9,10,10,NVIDIA A100-SXM4-40GB,19.49,40.0,4,12200000000,78,3.95
gemma3:12b,1330,1.0,0.9,10,10,NVIDIA A100-SXM4-40GB,19.49,40.0,4,12200000000,83,4.012
gemma3:12b,1331,1.0,0.9,10,10,NVIDIA A100-SXM4-40GB,19.49,40.0,4,12200000000,78,4.332
gemma3:12b,1330,1.0,0.9,10,10,NVIDIA A100-SXM4-40GB,19.49,40.0,4,12200000000,80,4.046
gemma3:12b,1423,1.0,0.9,10,10,NVIDIA A100-SXM4-40GB,19.49,40.0,4,12200000000,53,2.707
gemma3:12b,1425,1.0,0.9,10,10,NVIDIA A100-SXM4-40GB,19.49,40.0,4,12200000000,76,3.11
gemma3:12b,1424,1.0,0.9,10,10,NVIDIA A100-SXM4-40GB,19.49,40.0,4,12200000000,81,3.195
gemma3:12b,1439,1.0,0.9,10,10,NVIDIA A100-SXM4-40GB,19.49,40.0,4,12200000000,92,4.135
gemma3:12b,1400,1.0,0.9,10,10,NVIDIA A100-SXM4-40GB,19.49,40.0,4,12200000000,67,3.612
gemma3:12b,1435,1.0,0.9,10,10,NVIDIA A100-SXM4-40GB,19.49,40.0,4,12200000000,57,3.676
gemma3:12b,1443,1.0,0.9,10,10,NVIDIA A100-SXM4-40GB,19.49,40.0,4,12200000000,64,3.603
gemma3:12b,1423,1.0,0.9,10,10,NVIDIA A100-SXM4-40GB,19.49,40.0,4,12200000000,61,3.746
gemma3:12b,2384,1.0,0.9,10,10,NVIDIA A100-SXM4-40GB,19.49,40.0,4,12200000000,55,3.305
gemma3:12b,1424,1.0,0.9,10,10,NVIDIA A100-SXM4-40GB,19.49,40.0,4,12200000000,69,4.023
gemma3:12b,1423,1.0,0.9,10,10,NVIDIA A100-SXM4-40GB,19.49,40.0,4,12200000000,92,4.597
gemma3:12b,2430,1.0,0.9,10,10,NVIDIA A100-SXM4-40GB,19.49,40.0,4,12200000000,95,4.242
gemma3:12b,2456,1.0,0.9,10,10,NVIDIA A100-SXM4-40GB,19.49,40.0,4,12200000000,65,3.574
gemma3:12b,2426,1.0,0.9,10,10,NVIDIA A100-SXM4-40GB,19.49,40.0,4,12200000000,119,4.702
gemma3:12b,2375,1.0,0.9,10,10,NVIDIA A100-SXM4-40GB,19.49,40.0,4,12200000000,57,4.566
gemma3:12b,2370,1.0,0.9,10,10,NVIDIA A100-SXM4-40GB,19.49,40.0,4,12200000000,54,4.646
gemma3:12b,2392,1.0,0.9,10,10,NVIDIA A100-SXM4-40GB,19.49,40.0,4,12200000000,54,4.546
gemma3:12b,2432,1.0,0.9,10,10,NVIDIA A100-SXM4-40GB,19.49,40.0,4,12200000000,55,4.523
gemma3:12b,2501,1.0,0.9,10,10,NVIDIA A100-SXM4-40GB,19.49,40.0,4,12200000000,105,4.44
gemma3:12b,2423,1.0,0.9,10,10,NVIDIA A100-SXM4-40GB,19.49,40.0,4,12200000000,56,4.223
gemma3:12b,2535,1.0,0.9,10,10,NVIDIA A100-SXM4-40GB,19.49,40.0,4,12200000000,80,3.108
gemma3:12b,2568,1.0,0.9,10,10,NVIDIA A100-SXM4-40GB,19.49,40.0,4,12200000000,81,4.075
gemma3:12b,2559,1.0,0.9,10,10,NVIDIA A100-SXM4-40GB,19.49,40.0,4,12200000000,100,3.987
gemma3:12b,2418,1.0,0.9,10,10,NVIDIA A100-SXM4-40GB,19.49,40.0,4,12200000000,99,6.432
gemma3:12b,2486,1.0,0.9,10,10,NVIDIA A100-SXM4-40GB,19.49,40.0,4,12200000000,50,4.69
gemma3:12b,2649,1.0,0.9,10,10,NVIDIA A100-SXM4-40GB,19.49,40.0,4,12200000000,76,3.966
gemma3:12b,2494,1.0,0.9,10,10,NVIDIA A100-SXM4-40GB,19.49,40.0,4,12200000000,125,6.274
gemma3:12b,2663,1.0,0.9,10,10,NVIDIA A100-SXM4-40GB,19.49,40.0,4,12200000000,105,4.537
gemma3:12b,2532,1.0,0.9,10,10,NVIDIA A100-SXM4-40GB,19.49,40.0,4,12200000000,90,6.417
gemma3:12b,2541,1.0,0.9,10,10,NVIDIA A100-SXM4-40GB,19.49,40.0,4,12200000000,112,5.485
gemma3:12b,2702,1.0,0.9,10,10,NVIDIA A100-SXM4-40GB,19.49,40.0,4,12200000000,115,4.42
gemma3:12b,2677,1.0,0.9,10,10,NVIDIA A100-SXM4-40GB,19.49,40.0,4,12200000000,108,5.583
gemma3:12b,2508,1.0,0.9,10,10,NVIDIA A100-SXM4-40GB,19.49,40.0,4,12200000000,111,7.934
gemma3:12b,2544,1.0,0.9,10,10,NVIDIA A100-SXM4-40GB,19.49,40.0,4,12200000000,100,5.999
gemma3:12b,3618,1.0,0.9,10,10,NVIDIA A100-SXM4-40GB,19.49,40.0,4,12200000000,57,4.283
gemma3:12b,3742,1.0,0.9,10,10,NVIDIA A100-SXM4-40GB,19.49,40.0,4,12200000000,14,3.33
gemma3:12b,2563,1.0,0.9,10,10,NVIDIA A100-SXM4-40GB,19.49,40.0,4,12200000000,81,5.508
gemma3:12b,2661,1.0,0.9,10,10,NVIDIA A100-SXM4-40GB,19.49,40.0,4,12200000000,48,4.658
gemma3:12b,2661,1.0,0.9,10,10,NVIDIA A100-SXM4-40GB,19.49,40.0,4,12200000000,44,2.541
gemma3:12b,2652,1.0,0.9,10,10,NVIDIA A100-SXM4-40GB,19.49,40.0,4,12200000000,69,4.199
gemma3:12b,3691,1.0,0.9,10,10,NVIDIA A100-SXM4-40GB,19.49,40.0,4,12200000000,51,4.3
gemma3:12b,3676,1.0,0.9,10,10,NVIDIA A100-SXM4-40GB,19.49,40.0,4,12200000000,127,5.298
gemma3:12b,2696,1.0,0.9,10,10,NVIDIA A100-SXM4-40GB,19.49,40.0,4,12200000000,94,6.296
gemma3:12b,3737,1.0,0.9,10,10,NVIDIA A100-SXM4-40GB,19.49,40.0,4,12200000000,105,5.356
gemma3:12b,3784,1.0,0.9,10,10,NVIDIA A100-SXM4-40GB,19.49,40.0,4,12200000000,82,3.647
gemma3:12b,3552,1.0,0.9,10,10,NVIDIA A100-SXM4-40GB,19.49,40.0,4,12200000000,69,4.577
gemma3:12b,3599,1.0,0.9,10,10,NVIDIA A100-SXM4-40GB,19.49,40.0,4,12200000000,84,4.555
gemma3:12b,2658,1.0,0.9,10,10,NVIDIA A100-SXM4-40GB,19.49,40.0,4,12200000000,107,6.455
gemma3:12b,3602,1.0,0.9,10,10,NVIDIA A100-SXM4-40GB,19.49,40.0,4,12200000000,61,4.839
gemma3:12b,3695,1.0,0.9,10,10,NVIDIA A100-SXM4-40GB,19.49,40.0,4,12200000000,80,5.078
gemma3:12b,3872,1.0,0.9,10,10,NVIDIA A100-SXM4-40GB,19.49,40.0,4,12200000000,95,5.333
gemma3:12b,4525,1.0,0.9,10,10,NVIDIA A100-SXM4-40GB,19.49,40.0,4,12200000000,64,5.063
gemma3:12b,3880,1.0,0.9,10,10,NVIDIA A100-SXM4-40GB,19.49,40.0,4,12200000000,112,5.374
gemma3:12b,3704,1.0,0.9,10,10,NVIDIA A100-SXM4-40GB,19.49,40.0,4,12200000000,108,5.571
gemma3:12b,3728,1.0,0.9,10,10,NVIDIA A100-SXM4-40GB,19.49,40.0,4,12200000000,106,7.041
gemma3:12b,3817,1.0,0.9,10,10,NVIDIA A100-SXM4-40GB,19.49,40.0,4,12200000000,108,5.621
gemma3:12b,4603,1.0,0.9,10,10,NVIDIA A100-SXM4-40GB,19.49,40.0,4,12200000000,66,4.935
gemma3:12b,3831,1.0,0.9,10,10,NVIDIA A100-SXM4-40GB,19.49,40.0,4,12200000000,81,5.048
gemma3:12b,4875,1.0,0.9,10,10,NVIDIA A100-SXM4-40GB,19.49,40.0,4,12200000000,108,6.222
gemma3:12b,4917,1.0,0.9,10,10,NVIDIA A100-SXM4-40GB,19.49,40.0,4,12200000000,157,6.715
gemma3:12b,3878,1.0,0.9,10,10,NVIDIA A100-SXM4-40GB,19.49,40.0,4,12200000000,148,4.76
gemma3:12b,3951,1.0,0.9,10,10,NVIDIA A100-SXM4-40GB,19.49,40.0,4,12200000000,103,5.992
gemma3:12b,4798,1.0,0.9,10,10,NVIDIA A100-SXM4-40GB,19.49,40.0,4,12200000000,76,4.009
gemma3:12b,4919,1.0,0.9,10,10,NVIDIA A100-SXM4-40GB,19.49,40.0,4,12200000000,54,5.138
gemma3:12b,4962,1.0,0.9,10,10,NVIDIA A100-SXM4-40GB,19.49,40.0,4,12200000000,62,5.682
gemma3:12b,5038,1.0,0.9,10,10,NVIDIA A100-SXM4-40GB,19.49,40.0,4,12200000000,79,3.896
gemma3:12b,5162,1.0,0.9,10,10,NVIDIA A100-SXM4-40GB,19.49,40.0,4,12200000000,123,4.618
gemma3:12b,1235,1.0,0.95,10,1,NVIDIA GH200,67.0,96.0,1,12200000000,49,1.271
gemma3:12b,1329,1.0,0.95,10,1,NVIDIA GH200,67.0,96.0,1,12200000000,76,1.5
gemma3:12b,1435,1.0,0.95,10,1,NVIDIA GH200,67.0,96.0,1,12200000000,70,1.484
gemma3:12b,2430,1.0,0.95,10,1,NVIDIA GH200,67.0,96.0,1,12200000000,94,2.0
gemma3:12b,2567,1.0,0.95,10,1,NVIDIA GH200,67.0,96.0,1,12200000000,84,1.932
gemma3:12b,2693,1.0,0.95,10,1,NVIDIA GH200,67.0,96.0,1,12200000000,63,1.713
gemma3:12b,3664,1.0,0.95,10,1,NVIDIA GH200,67.0,96.0,1,12200000000,95,2.348
gemma3:12b,3804,1.0,0.95,10,1,NVIDIA GH200,67.0,96.0,1,12200000000,76,2.067
gemma3:12b,1235,1.0,0.95,10,1,NVIDIA A100-SXM4-40GB,19.49,40.0,4,12200000000,49,2.035
gemma3:12b,1329,1.0,0.95,10,1,NVIDIA A100-SXM4-40GB,19.49,40.0,4,12200000000,77,2.368
gemma3:12b,1420,1.0,0.95,10,1,NVIDIA A100-SXM4-40GB,19.49,40.0,4,12200000000,92,2.717
gemma3:12b,2420,1.0,0.95,10,1,NVIDIA A100-SXM4-40GB,19.49,40.0,4,12200000000,56,2.425
gemma3:12b,2538,1.0,0.95,10,1,NVIDIA A100-SXM4-40GB,19.49,40.0,4,12200000000,111,3.433
gemma3:12b,2692,1.0,0.95,10,1,NVIDIA A100-SXM4-40GB,19.49,40.0,4,12200000000,14,1.75
gemma3:12b,1235,1.0,0.95,10,5,NVIDIA GH200,67.0,96.0,1,12200000000,49,2.792
gemma3:12b,1235,1.0,0.95,10,5,NVIDIA GH200,67.0,96.0,1,12200000000,51,2.861
gemma3:12b,1235,1.0,0.95,10,5,NVIDIA GH200,67.0,96.0,1,12200000000,51,2.765
gemma3:12b,1235,1.0,0.95,10,5,NVIDIA GH200,67.0,96.0,1,12200000000,49,2.596
gemma3:12b,1235,1.0,0.95,10,5,NVIDIA GH200,67.0,96.0,1,12200000000,49,1.955
gemma3:12b,1329,1.0,0.95,10,5,NVIDIA GH200,67.0,96.0,1,12200000000,77,3.426
gemma3:12b,1329,1.0,0.95,10,5,NVIDIA GH200,67.0,96.0,1,12200000000,77,3.41
gemma3:12b,1329,1.0,0.95,10,5,NVIDIA GH200,67.0,96.0,1,12200000000,75,3.37
gemma3:12b,1331,1.0,0.95,10,5,NVIDIA GH200,67.0,96.0,1,12200000000,77,3.427
gemma3:12b,1331,1.0,0.95,10,5,NVIDIA GH200,67.0,96.0,1,12200000000,83,3.474
gemma3:12b,1444,1.0,0.95,10,5,NVIDIA GH200,67.0,96.0,1,12200000000,53,2.909
gemma3:12b,1420,1.0,0.95,10,5,NVIDIA GH200,67.0,96.0,1,12200000000,70,3.324
gemma3:12b,1420,1.0,0.95,10,5,NVIDIA GH200,67.0,96.0,1,12200000000,70,3.317
gemma3:12b,1418,1.0,0.95,10,5,NVIDIA GH200,67.0,96.0,1,12200000000,73,3.771
gemma3:12b,1422,1.0,0.95,10,5,NVIDIA GH200,67.0,96.0,1,12200000000,131,6.559
gemma3:12b,2422,1.0,0.95,10,5,NVIDIA GH200,67.0,96.0,1,12200000000,48,3.55
gemma3:12b,2399,1.0,0.95,10,5,NVIDIA GH200,67.0,96.0,1,12200000000,73,4.488
gemma3:12b,2415,1.0,0.95,10,5,NVIDIA GH200,67.0,96.0,1,12200000000,80,4.97
gemma3:12b,2415,1.0,0.95,10,5,NVIDIA GH200,67.0,96.0,1,12200000000,117,6.787
gemma3:12b,2446,1.0,0.95,10,5,NVIDIA GH200,67.0,96.0,1,12200000000,50,3.662
gemma3:12b,2515,1.0,0.95,10,5,NVIDIA GH200,67.0,96.0,1,12200000000,84,5.376
gemma3:12b,2538,1.0,0.95,10,5,NVIDIA GH200,67.0,96.0,1,12200000000,54,3.822
gemma3:12b,2575,1.0,0.95,10,5,NVIDIA GH200,67.0,96.0,1,12200000000,64,4.072
gemma3:12b,2534,1.0,0.95,10,5,NVIDIA GH200,67.0,96.0,1,12200000000,117,6.457
gemma3:12b,2558,1.0,0.95,10,5,NVIDIA GH200,67.0,96.0,1,12200000000,108,6.02
gemma3:12b,2629,1.0,0.95,10,5,NVIDIA GH200,67.0,96.0,1,12200000000,75,4.404
gemma3:12b,2633,1.0,0.95,10,5,NVIDIA GH200,67.0,96.0,1,12200000000,124,6.412
gemma3:12b,2669,1.0,0.95,10,5,NVIDIA GH200,67.0,96.0,1,12200000000,76,4.54
gemma3:12b,2694,1.0,0.95,10,5,NVIDIA GH200,67.0,96.0,1,12200000000,73,4.032
gemma3:12b,2709,1.0,0.95,10,5,NVIDIA GH200,67.0,96.0,1,12200000000,72,4.806
gemma3:12b,3612,1.0,0.95,10,5,NVIDIA GH200,67.0,96.0,1,12200000000,76,4.936
gemma3:12b,3650,1.0,0.95,10,5,NVIDIA GH200,67.0,96.0,1,12200000000,76,5.2
gemma3:12b,3692,1.0,0.95,10,5,NVIDIA GH200,67.0,96.0,1,12200000000,75,5.186
gemma3:12b,3733,1.0,0.95,10,5,NVIDIA GH200,67.0,96.0,1,12200000000,100,5.494
gemma3:12b,3686,1.0,0.95,10,5,NVIDIA GH200,67.0,96.0,1,12200000000,112,5.978
gemma3:12b,3829,1.0,0.95,10,5,NVIDIA GH200,67.0,96.0,1,12200000000,75,4.431
gemma3:12b,3767,1.0,0.95,10,5,NVIDIA GH200,67.0,96.0,1,12200000000,85,4.535
gemma3:12b,3966,1.0,0.95,10,5,NVIDIA GH200,67.0,96.0,1,12200000000,75,3.516
gemma3:12b,3879,1.0,0.95,10,5,NVIDIA GH200,67.0,96.0,1,12200000000,111,4.978
gemma3:12b,3838,1.0,0.95,10,5,NVIDIA GH200,67.0,96.0,1,12200000000,182,7.117
gemma3:12b,4966,1.0,0.95,10,5,NVIDIA GH200,67.0,96.0,1,12200000000,75,3.476
gemma3:12b,4039,1.0,0.95,10,5,NVIDIA GH200,67.0,96.0,1,12200000000,88,3.787
gemma3:12b,5103,1.0,0.95,10,5,NVIDIA GH200,67.0,96.0,1,12200000000,73,2.713
gemma3:12b,5238,1.0,0.95,10,5,NVIDIA GH200,67.0,96.0,1,12200000000,75,3.71
gemma3:12b,5005,1.0,0.95,10,5,NVIDIA GH200,67.0,96.0,1,12200000000,128,5.818
gemma3:12b,6238,1.0,0.95,10,5,NVIDIA GH200,67.0,96.0,1,12200000000,75,2.896
gemma3:12b,6375,1.0,0.95,10,5,NVIDIA GH200,67.0,96.0,1,12200000000,75,2.733
gemma3:12b,6512,1.0,0.95,10,5,NVIDIA GH200,67.0,96.0,1,12200000000,75,2.77
gemma3:12b,7512,1.0,0.95,10,5,NVIDIA GH200,67.0,96.0,1,12200000000,75,3.015
gemma3:12b,7649,1.0,0.95,10,5,NVIDIA GH200,67.0,96.0,1,12200000000,75,3.049
gemma3:12b,7786,1.0,0.95,10,5,NVIDIA GH200,67.0,96.0,1,12200000000,73,2.998
gemma3:12b,8784,1.0,0.95,10,5,NVIDIA GH200,67.0,96.0,1,12200000000,37,2.515
gemma3:12b,1235,1.0,0.95,10,5,NVIDIA A100-SXM4-40GB,19.49,40.0,4,12200000000,57,2.077
gemma3:12b,1235,1.0,0.95,10,5,NVIDIA A100-SXM4-40GB,19.49,40.0,4,12200000000,50,2.673
gemma3:12b,1235,1.0,0.95,10,5,NVIDIA A100-SXM4-40GB,19.49,40.0,4,12200000000,49,2.38
gemma3:12b,1235,1.0,0.95,10,5,NVIDIA A100-SXM4-40GB,19.49,40.0,4,12200000000,49,1.981
gemma3:12b,1235,1.0,0.95,10,5,NVIDIA A100-SXM4-40GB,19.49,40.0,4,12200000000,49,2.031
gemma3:12b,1337,1.0,0.95,10,5,NVIDIA A100-SXM4-40GB,19.49,40.0,4,12200000000,80,2.317
gemma3:12b,1329,1.0,0.95,10,5,NVIDIA A100-SXM4-40GB,19.49,40.0,4,12200000000,64,2.865
gemma3:12b,1329,1.0,0.95,10,5,NVIDIA A100-SXM4-40GB,19.49,40.0,4,12200000000,71,2.23
gemma3:12b,1330,1.0,0.95,10,5,NVIDIA A100-SXM4-40GB,19.49,40.0,4,12200000000,77,3.068
gemma3:12b,1329,1.0,0.95,10,5,NVIDIA A100-SXM4-40GB,19.49,40.0,4,12200000000,104,2.822
gemma3:12b,1431,1.0,0.95,10,5,NVIDIA A100-SXM4-40GB,19.49,40.0,4,12200000000,108,2.864
gemma3:12b,1414,1.0,0.95,10,5,NVIDIA A100-SXM4-40GB,19.49,40.0,4,12200000000,102,2.767
gemma3:12b,1423,1.0,0.95,10,5,NVIDIA A100-SXM4-40GB,19.49,40.0,4,12200000000,67,3.092
gemma3:12b,1421,1.0,0.95,10,5,NVIDIA A100-SXM4-40GB,19.49,40.0,4,12200000000,69,2.974
gemma3:12b,2447,1.0,0.95,10,5,NVIDIA A100-SXM4-40GB,19.49,40.0,4,12200000000,52,2.302
gemma3:12b,2424,1.0,0.95,10,5,NVIDIA A100-SXM4-40GB,19.49,40.0,4,12200000000,100,3.112
gemma3:12b,2368,1.0,0.95,10,5,NVIDIA A100-SXM4-40GB,19.49,40.0,4,12200000000,50,3.411
gemma3:12b,2561,1.0,0.95,10,5,NVIDIA A100-SXM4-40GB,19.49,40.0,4,12200000000,59,2.474
gemma3:12b,2415,1.0,0.95,10,5,NVIDIA A100-SXM4-40GB,19.49,40.0,4,12200000000,76,3.777
gemma3:12b,2586,1.0,0.95,10,5,NVIDIA A100-SXM4-40GB,19.49,40.0,4,12200000000,104,3.235
gemma3:12b,2647,1.0,0.95,10,5,NVIDIA A100-SXM4-40GB,19.49,40.0,4,12200000000,90,2.961
gemma3:12b,2534,1.0,0.95,10,5,NVIDIA A100-SXM4-40GB,19.49,40.0,4,12200000000,47,3.045
gemma3:12b,2480,1.0,0.95,10,5,NVIDIA A100-SXM4-40GB,19.49,40.0,4,12200000000,84,4.861
gemma3:12b,2733,1.0,0.95,10,5,NVIDIA A100-SXM4-40GB,19.49,40.0,4,12200000000,95,3.136
gemma3:12b,3623,1.0,0.95,10,5,NVIDIA A100-SXM4-40GB,19.49,40.0,4,12200000000,93,3.488
gemma3:12b,2606,1.0,0.95,10,5,NVIDIA A100-SXM4-40GB,19.49,40.0,4,12200000000,37,2.202
gemma3:12b,2622,1.0,0.95,10,5,NVIDIA A100-SXM4-40GB,19.49,40.0,4,12200000000,62,3.75
gemma3:12b,3721,1.0,0.95,10,5,NVIDIA A100-SXM4-40GB,19.49,40.0,4,12200000000,101,3.622
gemma3:12b,3761,1.0,0.95,10,5,NVIDIA A100-SXM4-40GB,19.49,40.0,4,12200000000,65,3.074
gemma3:12b,3592,1.0,0.95,10,5,NVIDIA A100-SXM4-40GB,19.49,40.0,4,12200000000,86,3.281
gemma3:12b,3840,1.0,0.95,10,5,NVIDIA A100-SXM4-40GB,19.49,40.0,4,12200000000,82,3.26
gemma3:12b,3867,1.0,0.95,10,5,NVIDIA A100-SXM4-40GB,19.49,40.0,4,12200000000,129,4.079
gemma3:12b,1463,1.0,0.95,10,5,NVIDIA A100-SXM4-40GB,19.49,40.0,4,12200000000,1150,24.241
gemma3:12b,1235,1.0,0.95,10,10,NVIDIA GH200,67.0,96.0,1,12200000000,49,4.097
gemma3:12b,1235,1.0,0.95,10,10,NVIDIA GH200,67.0,96.0,1,12200000000,49,4.118
gemma3:12b,1235,1.0,0.95,10,10,NVIDIA GH200,67.0,96.0,1,12200000000,49,3.885
gemma3:12b,1235,1.0,0.95,10,10,NVIDIA GH200,67.0,96.0,1,12200000000,49,4.023
gemma3:12b,1235,1.0,0.95,10,10,NVIDIA GH200,67.0,96.0,1,12200000000,49,4.031
gemma3:12b,1235,1.0,0.95,10,10,NVIDIA GH200,67.0,96.0,1,12200000000,49,3.93
gemma3:12b,1235,1.0,0.95,10,10,NVIDIA GH200,67.0,96.0,1,12200000000,49,3.158
gemma3:12b,1235,1.0,0.95,10,10,NVIDIA GH200,67.0,96.0,1,12200000000,49,2.888
gemma3:12b,1235,1.0,0.95,10,10,NVIDIA GH200,67.0,96.0,1,12200000000,57,4.157
gemma3:12b,1235,1.0,0.95,10,10,NVIDIA GH200,67.0,96.0,1,12200000000,57,3.49
gemma3:12b,1329,1.0,0.95,10,10,NVIDIA GH200,67.0,96.0,1,12200000000,59,4.434
gemma3:12b,1329,1.0,0.95,10,10,NVIDIA GH200,67.0,96.0,1,12200000000,64,4.604
gemma3:12b,1329,1.0,0.95,10,10,NVIDIA GH200,67.0,96.0,1,12200000000,71,4.808
gemma3:12b,1329,1.0,0.95,10,10,NVIDIA GH200,67.0,96.0,1,12200000000,70,5.182
gemma3:12b,1329,1.0,0.95,10,10,NVIDIA GH200,67.0,96.0,1,12200000000,73,5.118
gemma3:12b,1329,1.0,0.95,10,10,NVIDIA GH200,67.0,96.0,1,12200000000,77,5.813
gemma3:12b,1337,1.0,0.95,10,10,NVIDIA GH200,67.0,96.0,1,12200000000,77,5.908
gemma3:12b,1329,1.0,0.95,10,10,NVIDIA GH200,67.0,96.0,1,12200000000,80,6.36
gemma3:12b,1337,1.0,0.95,10,10,NVIDIA GH200,67.0,96.0,1,12200000000,80,6.502
gemma3:12b,1329,1.0,0.95,10,10,NVIDIA GH200,67.0,96.0,1,12200000000,104,8.074
gemma3:12b,1423,1.0,0.95,10,10,NVIDIA GH200,67.0,96.0,1,12200000000,64,3.233
gemma3:12b,1423,1.0,0.95,10,10,NVIDIA GH200,67.0,96.0,1,12200000000,75,4.971
gemma3:12b,1402,1.0,0.95,10,10,NVIDIA GH200,67.0,96.0,1,12200000000,80,5.235
gemma3:12b,1414,1.0,0.95,10,10,NVIDIA GH200,67.0,96.0,1,12200000000,80,4.922
gemma3:12b,1420,1.0,0.95,10,10,NVIDIA GH200,67.0,96.0,1,12200000000,76,4.01
gemma3:12b,1413,1.0,0.95,10,10,NVIDIA GH200,67.0,96.0,1,12200000000,100,7.583
gemma3:12b,1428,1.0,0.95,10,10,NVIDIA GH200,67.0,96.0,1,12200000000,97,6.723
gemma3:12b,1416,1.0,0.95,10,10,NVIDIA GH200,67.0,96.0,1,12200000000,103,7.777
gemma3:12b,1447,1.0,0.95,10,10,NVIDIA GH200,67.0,96.0,1,12200000000,72,4.956
gemma3:12b,1431,1.0,0.95,10,10,NVIDIA GH200,67.0,96.0,1,12200000000,114,7.949
gemma3:12b,2404,1.0,0.95,10,10,NVIDIA GH200,67.0,96.0,1,12200000000,54,6.786
gemma3:12b,2395,1.0,0.95,10,10,NVIDIA GH200,67.0,96.0,1,12200000000,69,7.289
gemma3:12b,2427,1.0,0.95,10,10,NVIDIA GH200,67.0,96.0,1,12200000000,49,5.332
gemma3:12b,2470,1.0,0.95,10,10,NVIDIA GH200,67.0,96.0,1,12200000000,46,3.632
gemma3:12b,2419,1.0,0.95,10,10,NVIDIA GH200,67.0,96.0,1,12200000000,79,8.551
gemma3:12b,2407,1.0,0.95,10,10,NVIDIA GH200,67.0,96.0,1,12200000000,91,9.879
gemma3:12b,2438,1.0,0.95,10,10,NVIDIA GH200,67.0,96.0,1,12200000000,64,7.987
gemma3:12b,2444,1.0,0.95,10,10,NVIDIA GH200,67.0,96.0,1,12200000000,77,8.782
gemma3:12b,2450,1.0,0.95,10,10,NVIDIA GH200,67.0,96.0,1,12200000000,98,9.992
gemma3:12b,2423,1.0,0.95,10,10,NVIDIA GH200,67.0,96.0,1,12200000000,131,13.102
gemma3:12b,2559,1.0,0.95,10,10,NVIDIA GH200,67.0,96.0,1,12200000000,57,6.415
gemma3:12b,2512,1.0,0.95,10,10,NVIDIA GH200,67.0,96.0,1,12200000000,74,7.121
gemma3:12b,3380,1.0,0.95,10,10,NVIDIA GH200,67.0,96.0,1,12200000000,78,7.476
gemma3:12b,2520,1.0,0.95,10,10,NVIDIA GH200,67.0,96.0,1,12200000000,117,10.795
gemma3:12b,2564,1.0,0.95,10,10,NVIDIA GH200,67.0,96.0,1,12200000000,64,5.654
gemma3:12b,2526,1.0,0.95,10,10,NVIDIA GH200,67.0,96.0,1,12200000000,125,11.324
gemma3:12b,2543,1.0,0.95,10,10,NVIDIA GH200,67.0,96.0,1,12200000000,114,8.996
gemma3:12b,2516,1.0,0.95,10,10,NVIDIA GH200,67.0,96.0,1,12200000000,112,9.039
gemma3:12b,2591,1.0,0.95,10,10,NVIDIA GH200,67.0,96.0,1,12200000000,79,7.256
gemma3:12b,2597,1.0,0.95,10,10,NVIDIA GH200,67.0,96.0,1,12200000000,82,7.348
gemma3:12b,2661,1.0,0.95,10,10,NVIDIA GH200,67.0,96.0,1,12200000000,80,7.95
gemma3:12b,2616,1.0,0.95,10,10,NVIDIA GH200,67.0,96.0,1,12200000000,87,7.39
gemma3:12b,2695,1.0,0.95,10,10,NVIDIA GH200,67.0,96.0,1,12200000000,63,5.712
gemma3:12b,2680,1.0,0.95,10,10,NVIDIA GH200,67.0,96.0,1,12200000000,72,6.654
gemma3:12b,2670,1.0,0.95,10,10,NVIDIA GH200,67.0,96.0,1,12200000000,87,6.827
gemma3:12b,2655,1.0,0.95,10,10,NVIDIA GH200,67.0,96.0,1,12200000000,89,6.965
gemma3:12b,3520,1.0,0.95,10,10,NVIDIA GH200,67.0,96.0,1,12200000000,138,11.028
gemma3:12b,2713,1.0,0.95,10,10,NVIDIA GH200,67.0,96.0,1,12200000000,93,6.925
gemma3:12b,2720,1.0,0.95,10,10,NVIDIA GH200,67.0,96.0,1,12200000000,99,6.801
gemma3:12b,3619,1.0,0.95,10,10,NVIDIA GH200,67.0,96.0,1,12200000000,55,4.412
gemma3:12b,3657,1.0,0.95,10,10,NVIDIA GH200,67.0,96.0,1,12200000000,86,7.371
gemma3:12b,3683,1.0,0.95,10,10,NVIDIA GH200,67.0,96.0,1,12200000000,110,8.224
gemma3:12b,3697,1.0,0.95,10,10,NVIDIA GH200,67.0,96.0,1,12200000000,58,5.816
gemma3:12b,3710,1.0,0.95,10,10,NVIDIA GH200,67.0,96.0,1,12200000000,79,6.728
gemma3:12b,3652,1.0,0.95,10,10,NVIDIA GH200,67.0,96.0,1,12200000000,105,8.425
gemma3:12b,3719,1.0,0.95,10,10,NVIDIA GH200,67.0,96.0,1,12200000000,105,8.37
gemma3:12b,3828,1.0,0.95,10,10,NVIDIA GH200,67.0,96.0,1,12200000000,67,3.719
gemma3:12b,3785,1.0,0.95,10,10,NVIDIA GH200,67.0,96.0,1,12200000000,110,6.025
gemma3:12b,3800,1.0,0.95,10,10,NVIDIA GH200,67.0,96.0,1,12200000000,88,4.672
gemma3:12b,3886,1.0,0.95,10,10,NVIDIA GH200,67.0,96.0,1,12200000000,90,4.482
gemma3:12b,3940,1.0,0.95,10,10,NVIDIA GH200,67.0,96.0,1,12200000000,106,3.712
gemma3:12b,3934,1.0,0.95,10,10,NVIDIA GH200,67.0,96.0,1,12200000000,123,3.977
gemma3:12b,4939,1.0,0.95,10,10,NVIDIA GH200,67.0,96.0,1,12200000000,145,3.187
gemma3:12b,5098,1.0,0.95,10,10,NVIDIA GH200,67.0,96.0,1,12200000000,170,3.33
gemma3:12b,1235,1.0,0.95,10,10,NVIDIA A100-SXM4-40GB,19.49,40.0,4,12200000000,49,2.016
gemma3:12b,1235,1.0,0.95,10,10,NVIDIA A100-SXM4-40GB,19.49,40.0,4,12200000000,49,2.633
gemma3:12b,1235,1.0,0.95,10,10,NVIDIA A100-SXM4-40GB,19.49,40.0,4,12200000000,49,2.645
gemma3:12b,1235,1.0,0.95,10,10,NVIDIA A100-SXM4-40GB,19.49,40.0,4,12200000000,49,3.191
gemma3:12b,1235,1.0,0.95,10,10,NVIDIA A100-SXM4-40GB,19.49,40.0,4,12200000000,49,3.223
gemma3:12b,1235,1.0,0.95,10,10,NVIDIA A100-SXM4-40GB,19.49,40.0,4,12200000000,49,3.417
gemma3:12b,1235,1.0,0.95,10,10,NVIDIA A100-SXM4-40GB,19.49,40.0,4,12200000000,49,3.435
gemma3:12b,1235,1.0,0.95,10,10,NVIDIA A100-SXM4-40GB,19.49,40.0,4,12200000000,49,3.296
gemma3:12b,1235,1.0,0.95,10,10,NVIDIA A100-SXM4-40GB,19.49,40.0,4,12200000000,49,3.153
gemma3:12b,1235,1.0,0.95,10,10,NVIDIA A100-SXM4-40GB,19.49,40.0,4,12200000000,49,2.706
gemma3:12b,1329,1.0,0.95,10,10,NVIDIA A100-SXM4-40GB,19.49,40.0,4,12200000000,63,2.838
gemma3:12b,1329,1.0,0.95,10,10,NVIDIA A100-SXM4-40GB,19.49,40.0,4,12200000000,77,3.033
gemma3:12b,1329,1.0,0.95,10,10,NVIDIA A100-SXM4-40GB,19.49,40.0,4,12200000000,100,3.92
gemma3:12b,1329,1.0,0.95,10,10,NVIDIA A100-SXM4-40GB,19.49,40.0,4,12200000000,64,3.608
gemma3:12b,1329,1.0,0.95,10,10,NVIDIA A100-SXM4-40GB,19.49,40.0,4,12200000000,77,3.876
gemma3:12b,1329,1.0,0.95,10,10,NVIDIA A100-SXM4-40GB,19.49,40.0,4,12200000000,73,3.928
gemma3:12b,1329,1.0,0.95,10,10,NVIDIA A100-SXM4-40GB,19.49,40.0,4,12200000000,77,3.966
gemma3:12b,1329,1.0,0.95,10,10,NVIDIA A100-SXM4-40GB,19.49,40.0,4,12200000000,80,4.032
gemma3:12b,1443,1.0,0.95,10,10,NVIDIA A100-SXM4-40GB,19.49,40.0,4,12200000000,55,2.173
gemma3:12b,1422,1.0,0.95,10,10,NVIDIA A100-SXM4-40GB,19.49,40.0,4,12200000000,65,2.92
gemma3:12b,1329,1.0,0.95,10,10,NVIDIA A100-SXM4-40GB,19.49,40.0,4,12200000000,108,3.663
gemma3:12b,1329,1.0,0.95,10,10,NVIDIA A100-SXM4-40GB,19.49,40.0,4,12200000000,76,3.824
gemma3:12b,1420,1.0,0.95,10,10,NVIDIA A100-SXM4-40GB,19.49,40.0,4,12200000000,79,2.941
gemma3:12b,1420,1.0,0.95,10,10,NVIDIA A100-SXM4-40GB,19.49,40.0,4,12200000000,70,3.5
gemma3:12b,1420,1.0,0.95,10,10,NVIDIA A100-SXM4-40GB,19.49,40.0,4,12200000000,66,3.801
gemma3:12b,1432,1.0,0.95,10,10,NVIDIA A100-SXM4-40GB,19.49,40.0,4,12200000000,78,4.024
gemma3:12b,1423,1.0,0.95,10,10,NVIDIA A100-SXM4-40GB,19.49,40.0,4,12200000000,76,3.975
gemma3:12b,1467,1.0,0.95,10,10,NVIDIA A100-SXM4-40GB,19.49,40.0,4,12200000000,57,3.152
gemma3:12b,2365,1.0,0.95,10,10,NVIDIA A100-SXM4-40GB,19.49,40.0,4,12200000000,54,3.347
gemma3:12b,1407,1.0,0.95,10,10,NVIDIA A100-SXM4-40GB,19.49,40.0,4,12200000000,128,5.902
gemma3:12b,2423,1.0,0.95,10,10,NVIDIA A100-SXM4-40GB,19.49,40.0,4,12200000000,83,4.049
gemma3:12b,1435,1.0,0.95,10,10,NVIDIA A100-SXM4-40GB,19.49,40.0,4,12200000000,90,4.142
gemma3:12b,2407,1.0,0.95,10,10,NVIDIA A100-SXM4-40GB,19.49,40.0,4,12200000000,120,5.349
gemma3:12b,2481,1.0,0.95,10,10,NVIDIA A100-SXM4-40GB,19.49,40.0,4,12200000000,53,2.484
gemma3:12b,2402,1.0,0.95,10,10,NVIDIA A100-SXM4-40GB,19.49,40.0,4,12200000000,56,3.463
gemma3:12b,2548,1.0,0.95,10,10,NVIDIA A100-SXM4-40GB,19.49,40.0,4,12200000000,68,2.916
gemma3:12b,2443,1.0,0.95,10,10,NVIDIA A100-SXM4-40GB,19.49,40.0,4,12200000000,56,3.79
gemma3:12b,2415,1.0,0.95,10,10,NVIDIA A100-SXM4-40GB,19.49,40.0,4,12200000000,122,6.072
gemma3:12b,2411,1.0,0.95,10,10,NVIDIA A100-SXM4-40GB,19.49,40.0,4,12200000000,96,5.645
gemma3:12b,2424,1.0,0.95,10,10,NVIDIA A100-SXM4-40GB,19.49,40.0,4,12200000000,103,5.702
gemma3:12b,2435,1.0,0.95,10,10,NVIDIA A100-SXM4-40GB,19.49,40.0,4,12200000000,118,5.903
gemma3:12b,2561,1.0,0.95,10,10,NVIDIA A100-SXM4-40GB,19.49,40.0,4,12200000000,65,3.689
gemma3:12b,2520,1.0,0.95,10,10,NVIDIA A100-SXM4-40GB,19.49,40.0,4,12200000000,68,3.845
gemma3:12b,2660,1.0,0.95,10,10,NVIDIA A100-SXM4-40GB,19.49,40.0,4,12200000000,90,3.908
gemma3:12b,2589,1.0,0.95,10,10,NVIDIA A100-SXM4-40GB,19.49,40.0,4,12200000000,102,5.69
gemma3:12b,2450,1.0,0.95,10,10,NVIDIA A100-SXM4-40GB,19.49,40.0,4,12200000000,129,7.176
gemma3:12b,2580,1.0,0.95,10,10,NVIDIA A100-SXM4-40GB,19.49,40.0,4,12200000000,59,4.855
gemma3:12b,2550,1.0,0.95,10,10,NVIDIA A100-SXM4-40GB,19.49,40.0,4,12200000000,66,5.022
gemma3:12b,2541,1.0,0.95,10,10,NVIDIA A100-SXM4-40GB,19.49,40.0,4,12200000000,63,4.832
gemma3:12b,3504,1.0,0.95,10,10,NVIDIA A100-SXM4-40GB,19.49,40.0,4,12200000000,77,4.275
gemma3:12b,2596,1.0,0.95,10,10,NVIDIA A100-SXM4-40GB,19.49,40.0,4,12200000000,86,4.998
gemma3:12b,3657,1.0,0.95,10,10,NVIDIA A100-SXM4-40GB,19.49,40.0,4,12200000000,97,4.262
gemma3:12b,2624,1.0,0.95,10,10,NVIDIA A100-SXM4-40GB,19.49,40.0,4,12200000000,54,3.844
gemma3:12b,2561,1.0,0.95,10,10,NVIDIA A100-SXM4-40GB,19.49,40.0,4,12200000000,117,7.353
gemma3:12b,2733,1.0,0.95,10,10,NVIDIA A100-SXM4-40GB,19.49,40.0,4,12200000000,75,4.208
gemma3:12b,2615,1.0,0.95,10,10,NVIDIA A100-SXM4-40GB,19.49,40.0,4,12200000000,137,5.366
gemma3:12b,2669,1.0,0.95,10,10,NVIDIA A100-SXM4-40GB,19.49,40.0,4,12200000000,81,5.404
gemma3:12b,2657,1.0,0.95,10,10,NVIDIA A100-SXM4-40GB,19.49,40.0,4,12200000000,73,5.336
gemma3:12b,3625,1.0,0.95,10,10,NVIDIA A100-SXM4-40GB,19.49,40.0,4,12200000000,97,5.169
gemma3:12b,2649,1.0,0.95,10,10,NVIDIA A100-SXM4-40GB,19.49,40.0,4,12200000000,87,5.62
gemma3:12b,2712,1.0,0.95,10,10,NVIDIA A100-SXM4-40GB,19.49,40.0,4,12200000000,85,5.326
gemma3:12b,3643,1.0,0.95,10,10,NVIDIA A100-SXM4-40GB,19.49,40.0,4,12200000000,124,3.99
gemma3:12b,3686,1.0,0.95,10,10,NVIDIA A100-SXM4-40GB,19.49,40.0,4,12200000000,112,5.327
gemma3:12b,2721,1.0,0.95,10,10,NVIDIA A100-SXM4-40GB,19.49,40.0,4,12200000000,74,5.666
gemma3:12b,2697,1.0,0.95,10,10,NVIDIA A100-SXM4-40GB,19.49,40.0,4,12200000000,75,5.725
gemma3:12b,3767,1.0,0.95,10,10,NVIDIA A100-SXM4-40GB,19.49,40.0,4,12200000000,109,3.779
gemma3:12b,3628,1.0,0.95,10,10,NVIDIA A100-SXM4-40GB,19.49,40.0,4,12200000000,88,5.212
gemma3:12b,3794,1.0,0.95,10,10,NVIDIA A100-SXM4-40GB,19.49,40.0,4,12200000000,146,4.456
gemma3:12b,3705,1.0,0.95,10,10,NVIDIA A100-SXM4-40GB,19.49,40.0,4,12200000000,70,5.929
gemma3:12b,3629,1.0,0.95,10,10,NVIDIA A100-SXM4-40GB,19.49,40.0,4,12200000000,68,6.022
gemma3:12b,3623,1.0,0.95,10,10,NVIDIA A100-SXM4-40GB,19.49,40.0,4,12200000000,89,6.691
gemma3:12b,3778,1.0,0.95,10,10,NVIDIA A100-SXM4-40GB,19.49,40.0,4,12200000000,16,2.326
gemma3:12b,3658,1.0,0.95,10,10,NVIDIA A100-SXM4-40GB,19.49,40.0,4,12200000000,82,4.943
gemma3:12b,4754,1.0,0.95,10,10,NVIDIA A100-SXM4-40GB,19.49,40.0,4,12200000000,150,4.696
gemma3:12b,3967,1.0,0.95,10,10,NVIDIA A100-SXM4-40GB,19.49,40.0,4,12200000000,166,4.714
gemma3:12b,3766,1.0,0.95,10,10,NVIDIA A100-SXM4-40GB,19.49,40.0,4,12200000000,76,3.306
gemma3:12b,3727,1.0,0.95,10,10,NVIDIA A100-SXM4-40GB,19.49,40.0,4,12200000000,99,5.25
gemma3:12b,3757,1.0,0.95,10,10,NVIDIA A100-SXM4-40GB,19.49,40.0,4,12200000000,99,5.06
gemma3:12b,3868,1.0,0.95,10,10,NVIDIA A100-SXM4-40GB,19.49,40.0,4,12200000000,144,4.588
gemma3:12b,3918,1.0,0.95,10,10,NVIDIA A100-SXM4-40GB,19.49,40.0,4,12200000000,187,5.372
gemma3:12b,4920,1.0,0.95,10,10,NVIDIA A100-SXM4-40GB,19.49,40.0,4,12200000000,115,4.402
gemma3:12b,5013,1.0,0.95,10,10,NVIDIA A100-SXM4-40GB,19.49,40.0,4,12200000000,102,4.162
gemma3:12b,1235,1.0,1.0,10,1,NVIDIA GH200,67.0,96.0,1,12200000000,50,1.284
gemma3:12b,1330,1.0,1.0,10,1,NVIDIA GH200,67.0,96.0,1,12200000000,112,1.989
gemma3:12b,1472,1.0,1.0,10,1,NVIDIA GH200,67.0,96.0,1,12200000000,56,1.335
gemma3:12b,2406,1.0,1.0,10,1,NVIDIA GH200,67.0,96.0,1,12200000000,54,1.499
gemma3:12b,2522,1.0,1.0,10,1,NVIDIA GH200,67.0,96.0,1,12200000000,132,2.476
gemma3:12b,2698,1.0,1.0,10,1,NVIDIA GH200,67.0,96.0,1,12200000000,58,1.656
gemma3:12b,3660,1.0,1.0,10,1,NVIDIA GH200,67.0,96.0,1,12200000000,68,2.031
gemma3:12b,3768,1.0,1.0,10,1,NVIDIA GH200,67.0,96.0,1,12200000000,78,2.141
gemma3:12b,3886,1.0,1.0,10,1,NVIDIA GH200,67.0,96.0,1,12200000000,103,2.425
gemma3:12b,1235,1.0,1.0,10,1,NVIDIA A100-SXM4-40GB,19.49,40.0,4,12200000000,50,2.041
gemma3:12b,1330,1.0,1.0,10,1,NVIDIA A100-SXM4-40GB,19.49,40.0,4,12200000000,76,2.366
gemma3:12b,1436,1.0,1.0,10,1,NVIDIA A100-SXM4-40GB,19.49,40.0,4,12200000000,67,2.201
gemma3:12b,2428,1.0,1.0,10,1,NVIDIA A100-SXM4-40GB,19.49,40.0,4,12200000000,105,3.369
gemma3:12b,2578,1.0,1.0,10,1,NVIDIA A100-SXM4-40GB,19.49,40.0,4,12200000000,57,2.56
gemma3:12b,2649,1.0,1.0,10,1,NVIDIA A100-SXM4-40GB,19.49,40.0,4,12200000000,89,3.123
gemma3:12b,3631,1.0,1.0,10,1,NVIDIA A100-SXM4-40GB,19.49,40.0,4,12200000000,85,3.425
gemma3:12b,3758,1.0,1.0,10,1,NVIDIA A100-SXM4-40GB,19.49,40.0,4,12200000000,84,3.414
gemma3:12b,1235,1.0,1.0,10,5,NVIDIA GH200,67.0,96.0,1,12200000000,49,2.796
gemma3:12b,1235,1.0,1.0,10,5,NVIDIA GH200,67.0,96.0,1,12200000000,50,2.669
gemma3:12b,1235,1.0,1.0,10,5,NVIDIA GH200,67.0,96.0,1,12200000000,49,2.663
gemma3:12b,1235,1.0,1.0,10,5,NVIDIA GH200,67.0,96.0,1,12200000000,50,2.593
gemma3:12b,1235,1.0,1.0,10,5,NVIDIA GH200,67.0,96.0,1,12200000000,57,2.271
gemma3:12b,1330,1.0,1.0,10,5,NVIDIA GH200,67.0,96.0,1,12200000000,72,3.29
gemma3:12b,1330,1.0,1.0,10,5,NVIDIA GH200,67.0,96.0,1,12200000000,77,3.383
gemma3:12b,1337,1.0,1.0,10,5,NVIDIA GH200,67.0,96.0,1,12200000000,80,3.344
gemma3:12b,1329,1.0,1.0,10,5,NVIDIA GH200,67.0,96.0,1,12200000000,93,4.556
gemma3:12b,1432,1.0,1.0,10,5,NVIDIA GH200,67.0,96.0,1,12200000000,55,2.764
gemma3:12b,1329,1.0,1.0,10,5,NVIDIA GH200,67.0,96.0,1,12200000000,150,6.209
gemma3:12b,1431,1.0,1.0,10,5,NVIDIA GH200,67.0,96.0,1,12200000000,61,2.805
gemma3:12b,1421,1.0,1.0,10,5,NVIDIA GH200,67.0,96.0,1,12200000000,68,2.965
gemma3:12b,1436,1.0,1.0,10,5,NVIDIA GH200,67.0,96.0,1,12200000000,74,4.058
gemma3:12b,2412,1.0,1.0,10,5,NVIDIA GH200,67.0,96.0,1,12200000000,48,3.83
gemma3:12b,2385,1.0,1.0,10,5,NVIDIA GH200,67.0,96.0,1,12200000000,61,3.902
gemma3:12b,2418,1.0,1.0,10,5,NVIDIA GH200,67.0,96.0,1,12200000000,56,3.207
gemma3:12b,1493,1.0,1.0,10,5,NVIDIA GH200,67.0,96.0,1,12200000000,107,5.917
gemma3:12b,2397,1.0,1.0,10,5,NVIDIA GH200,67.0,96.0,1,12200000000,121,6.994
gemma3:12b,2508,1.0,1.0,10,5,NVIDIA GH200,67.0,96.0,1,12200000000,67,3.783
gemma3:12b,2525,1.0,1.0,10,5,NVIDIA GH200,67.0,96.0,1,12200000000,49,2.878
gemma3:12b,2505,1.0,1.0,10,5,NVIDIA GH200,67.0,96.0,1,12200000000,113,5.287
gemma3:12b,2536,1.0,1.0,10,5,NVIDIA GH200,67.0,96.0,1,12200000000,78,4.603
gemma3:12b,2620,1.0,1.0,10,5,NVIDIA GH200,67.0,96.0,1,12200000000,57,3.78
gemma3:12b,2662,1.0,1.0,10,5,NVIDIA GH200,67.0,96.0,1,12200000000,58,3.823
gemma3:12b,2641,1.0,1.0,10,5,NVIDIA GH200,67.0,96.0,1,12200000000,82,4.093
gemma3:12b,3555,1.0,1.0,10,5,NVIDIA GH200,67.0,96.0,1,12200000000,77,4.298
gemma3:12b,2619,1.0,1.0,10,5,NVIDIA GH200,67.0,96.0,1,12200000000,150,7.394
gemma3:12b,3598,1.0,1.0,10,5,NVIDIA GH200,67.0,96.0,1,12200000000,89,5.015
gemma3:12b,3616,1.0,1.0,10,5,NVIDIA GH200,67.0,96.0,1,12200000000,71,3.974
gemma3:12b,2783,1.0,1.0,10,5,NVIDIA GH200,67.0,96.0,1,12200000000,68,3.504
gemma3:12b,3646,1.0,1.0,10,5,NVIDIA GH200,67.0,96.0,1,12200000000,96,4.172
gemma3:12b,3731,1.0,1.0,10,5,NVIDIA GH200,67.0,96.0,1,12200000000,116,2.749
gemma3:12b,3877,1.0,1.0,10,5,NVIDIA GH200,67.0,96.0,1,12200000000,83,2.221
gemma3:12b,4865,1.0,1.0,10,5,NVIDIA GH200,67.0,96.0,1,12200000000,145,3.331
gemma3:12b,5057,1.0,1.0,10,5,NVIDIA GH200,67.0,96.0,1,12200000000,90,2.559
gemma3:12b,5175,1.0,1.0,10,5,NVIDIA GH200,67.0,96.0,1,12200000000,153,3.408
gemma3:12b,6236,1.0,1.0,10,5,NVIDIA GH200,67.0,96.0,1,12200000000,142,3.45
gemma3:12b,1235,1.0,1.0,10,5,NVIDIA A100-SXM4-40GB,19.49,40.0,4,12200000000,57,2.099
gemma3:12b,1235,1.0,1.0,10,5,NVIDIA A100-SXM4-40GB,19.49,40.0,4,12200000000,50,1.981
gemma3:12b,1235,1.0,1.0,10,5,NVIDIA A100-SXM4-40GB,19.49,40.0,4,12200000000,57,2.154
gemma3:12b,1235,1.0,1.0,10,5,NVIDIA A100-SXM4-40GB,19.49,40.0,4,12200000000,49,2.38
gemma3:12b,1235,1.0,1.0,10,5,NVIDIA A100-SXM4-40GB,19.49,40.0,4,12200000000,61,2.937
gemma3:12b,1337,1.0,1.0,10,5,NVIDIA A100-SXM4-40GB,19.49,40.0,4,12200000000,77,2.307
gemma3:12b,1337,1.0,1.0,10,5,NVIDIA A100-SXM4-40GB,19.49,40.0,4,12200000000,77,2.375
gemma3:12b,1330,1.0,1.0,10,5,NVIDIA A100-SXM4-40GB,19.49,40.0,4,12200000000,108,2.817
gemma3:12b,1341,1.0,1.0,10,5,NVIDIA A100-SXM4-40GB,19.49,40.0,4,12200000000,72,2.95
gemma3:12b,1329,1.0,1.0,10,5,NVIDIA A100-SXM4-40GB,19.49,40.0,4,12200000000,78,3.131
gemma3:12b,1428,1.0,1.0,10,5,NVIDIA A100-SXM4-40GB,19.49,40.0,4,12200000000,90,2.631
gemma3:12b,1452,1.0,1.0,10,5,NVIDIA A100-SXM4-40GB,19.49,40.0,4,12200000000,62,2.181
gemma3:12b,1428,1.0,1.0,10,5,NVIDIA A100-SXM4-40GB,19.49,40.0,4,12200000000,90,2.559
gemma3:12b,1427,1.0,1.0,10,5,NVIDIA A100-SXM4-40GB,19.49,40.0,4,12200000000,54,2.775
gemma3:12b,2426,1.0,1.0,10,5,NVIDIA A100-SXM4-40GB,19.49,40.0,4,12200000000,56,2.387
gemma3:12b,2426,1.0,1.0,10,5,NVIDIA A100-SXM4-40GB,19.49,40.0,4,12200000000,52,2.293
gemma3:12b,2422,1.0,1.0,10,5,NVIDIA A100-SXM4-40GB,19.49,40.0,4,12200000000,54,2.389
gemma3:12b,1421,1.0,1.0,10,5,NVIDIA A100-SXM4-40GB,19.49,40.0,4,12200000000,117,4.786
gemma3:12b,2389,1.0,1.0,10,5,NVIDIA A100-SXM4-40GB,19.49,40.0,4,12200000000,53,2.468
gemma3:12b,2538,1.0,1.0,10,5,NVIDIA A100-SXM4-40GB,19.49,40.0,4,12200000000,59,2.496
gemma3:12b,2540,1.0,1.0,10,5,NVIDIA A100-SXM4-40GB,19.49,40.0,4,12200000000,102,3.216
gemma3:12b,2544,1.0,1.0,10,5,NVIDIA A100-SXM4-40GB,19.49,40.0,4,12200000000,142,3.865
gemma3:12b,2463,1.0,1.0,10,5,NVIDIA A100-SXM4-40GB,19.49,40.0,4,12200000000,53,3.436
gemma3:12b,2624,1.0,1.0,10,5,NVIDIA A100-SXM4-40GB,19.49,40.0,4,12200000000,92,3.138
gemma3:12b,2504,1.0,1.0,10,5,NVIDIA A100-SXM4-40GB,19.49,40.0,4,12200000000,82,4.266
gemma3:12b,2684,1.0,1.0,10,5,NVIDIA A100-SXM4-40GB,19.49,40.0,4,12200000000,59,2.569
gemma3:12b,2705,1.0,1.0,10,5,NVIDIA A100-SXM4-40GB,19.49,40.0,4,12200000000,126,3.727
gemma3:12b,2630,1.0,1.0,10,5,NVIDIA A100-SXM4-40GB,19.49,40.0,4,12200000000,44,2.574
gemma3:12b,3650,1.0,1.0,10,5,NVIDIA A100-SXM4-40GB,19.49,40.0,4,12200000000,60,2.852
gemma3:12b,3624,1.0,1.0,10,5,NVIDIA A100-SXM4-40GB,19.49,40.0,4,12200000000,90,3.458
gemma3:12b,2559,1.0,1.0,10,5,NVIDIA A100-SXM4-40GB,19.49,40.0,4,12200000000,88,4.694
gemma3:12b,3739,1.0,1.0,10,5,NVIDIA A100-SXM4-40GB,19.49,40.0,4,12200000000,115,3.876
gemma3:12b,3728,1.0,1.0,10,5,NVIDIA A100-SXM4-40GB,19.49,40.0,4,12200000000,55,2.778
gemma3:12b,3756,1.0,1.0,10,5,NVIDIA A100-SXM4-40GB,19.49,40.0,4,12200000000,85,3.366
gemma3:12b,3567,1.0,1.0,10,5,NVIDIA A100-SXM4-40GB,19.49,40.0,4,12200000000,97,4.969
gemma3:12b,2661,1.0,1.0,10,5,NVIDIA A100-SXM4-40GB,19.49,40.0,4,12200000000,114,4.318
gemma3:12b,3916,1.0,1.0,10,5,NVIDIA A100-SXM4-40GB,19.49,40.0,4,12200000000,55,3.006
gemma3:12b,3884,1.0,1.0,10,5,NVIDIA A100-SXM4-40GB,19.49,40.0,4,12200000000,102,3.65
gemma3:12b,3708,1.0,1.0,10,5,NVIDIA A100-SXM4-40GB,19.49,40.0,4,12200000000,94,3.558
gemma3:12b,4016,1.0,1.0,10,5,NVIDIA A100-SXM4-40GB,19.49,40.0,4,12200000000,112,4.011
gemma3:12b,4911,1.0,1.0,10,5,NVIDIA A100-SXM4-40GB,19.49,40.0,4,12200000000,138,4.565
gemma3:12b,3829,1.0,1.0,10,5,NVIDIA A100-SXM4-40GB,19.49,40.0,4,12200000000,90,3.703
gemma3:12b,5006,1.0,1.0,10,5,NVIDIA A100-SXM4-40GB,19.49,40.0,4,12200000000,133,4.503
gemma3:12b,4827,1.0,1.0,10,5,NVIDIA A100-SXM4-40GB,19.49,40.0,4,12200000000,131,4.532
gemma3:12b,1235,1.0,1.0,10,10,NVIDIA GH200,67.0,96.0,1,12200000000,50,4.102
gemma3:12b,1235,1.0,1.0,10,10,NVIDIA GH200,67.0,96.0,1,12200000000,49,4.099
gemma3:12b,1235,1.0,1.0,10,10,NVIDIA GH200,67.0,96.0,1,12200000000,49,3.894
gemma3:12b,1235,1.0,1.0,10,10,NVIDIA GH200,67.0,96.0,1,12200000000,50,3.837
gemma3:12b,1235,1.0,1.0,10,10,NVIDIA GH200,67.0,96.0,1,12200000000,49,4.121
gemma3:12b,1235,1.0,1.0,10,10,NVIDIA GH200,67.0,96.0,1,12200000000,50,3.881
gemma3:12b,1235,1.0,1.0,10,10,NVIDIA GH200,67.0,96.0,1,12200000000,49,3.622
gemma3:12b,1235,1.0,1.0,10,10,NVIDIA GH200,67.0,96.0,1,12200000000,49,4.014
gemma3:12b,1235,1.0,1.0,10,10,NVIDIA GH200,67.0,96.0,1,12200000000,49,2.473
gemma3:12b,1235,1.0,1.0,10,10,NVIDIA GH200,67.0,96.0,1,12200000000,57,4.239
gemma3:12b,1330,1.0,1.0,10,10,NVIDIA GH200,67.0,96.0,1,12200000000,75,4.804
gemma3:12b,1329,1.0,1.0,10,10,NVIDIA GH200,67.0,96.0,1,12200000000,76,4.85
gemma3:12b,1330,1.0,1.0,10,10,NVIDIA GH200,67.0,96.0,1,12200000000,76,4.917
gemma3:12b,1337,1.0,1.0,10,10,NVIDIA GH200,67.0,96.0,1,12200000000,80,4.881
gemma3:12b,1329,1.0,1.0,10,10,NVIDIA GH200,67.0,96.0,1,12200000000,85,5.172
gemma3:12b,1330,1.0,1.0,10,10,NVIDIA GH200,67.0,96.0,1,12200000000,88,5.919
gemma3:12b,1329,1.0,1.0,10,10,NVIDIA GH200,67.0,96.0,1,12200000000,88,6.576
gemma3:12b,1329,1.0,1.0,10,10,NVIDIA GH200,67.0,96.0,1,12200000000,109,7.855
gemma3:12b,1329,1.0,1.0,10,10,NVIDIA GH200,67.0,96.0,1,12200000000,112,7.918
gemma3:12b,1329,1.0,1.0,10,10,NVIDIA GH200,67.0,96.0,1,12200000000,142,9.251
gemma3:12b,1448,1.0,1.0,10,10,NVIDIA GH200,67.0,96.0,1,12200000000,56,3.429
gemma3:12b,1428,1.0,1.0,10,10,NVIDIA GH200,67.0,96.0,1,12200000000,61,4.41
gemma3:12b,1419,1.0,1.0,10,10,NVIDIA GH200,67.0,96.0,1,12200000000,67,5.151
gemma3:12b,1431,1.0,1.0,10,10,NVIDIA GH200,67.0,96.0,1,12200000000,65,4.453
gemma3:12b,1431,1.0,1.0,10,10,NVIDIA GH200,67.0,96.0,1,12200000000,76,6.905
gemma3:12b,1436,1.0,1.0,10,10,NVIDIA GH200,67.0,96.0,1,12200000000,97,8.071
gemma3:12b,1435,1.0,1.0,10,10,NVIDIA GH200,67.0,96.0,1,12200000000,94,8.247
gemma3:12b,1471,1.0,1.0,10,10,NVIDIA GH200,67.0,96.0,1,12200000000,66,5.857
gemma3:12b,1468,1.0,1.0,10,10,NVIDIA GH200,67.0,96.0,1,12200000000,90,7.024
gemma3:12b,2429,1.0,1.0,10,10,NVIDIA GH200,67.0,96.0,1,12200000000,56,5.413
gemma3:12b,2404,1.0,1.0,10,10,NVIDIA GH200,67.0,96.0,1,12200000000,52,4.103
gemma3:12b,1485,1.0,1.0,10,10,NVIDIA GH200,67.0,96.0,1,12200000000,70,5.964
gemma3:12b,2397,1.0,1.0,10,10,NVIDIA GH200,67.0,96.0,1,12200000000,87,8.353
gemma3:12b,2415,1.0,1.0,10,10,NVIDIA GH200,67.0,96.0,1,12200000000,54,4.603
gemma3:12b,2394,1.0,1.0,10,10,NVIDIA GH200,67.0,96.0,1,12200000000,113,9.594
gemma3:12b,2432,1.0,1.0,10,10,NVIDIA GH200,67.0,96.0,1,12200000000,98,7.793
gemma3:12b,2480,1.0,1.0,10,10,NVIDIA GH200,67.0,96.0,1,12200000000,48,4.957
gemma3:12b,2518,1.0,1.0,10,10,NVIDIA GH200,67.0,96.0,1,12200000000,51,5.219
gemma3:12b,2528,1.0,1.0,10,10,NVIDIA GH200,67.0,96.0,1,12200000000,59,6.648
gemma3:12b,2483,1.0,1.0,10,10,NVIDIA GH200,67.0,96.0,1,12200000000,59,6.992
gemma3:12b,2422,1.0,1.0,10,10,NVIDIA GH200,67.0,96.0,1,12200000000,119,10.32
gemma3:12b,2546,1.0,1.0,10,10,NVIDIA GH200,67.0,96.0,1,12200000000,64,5.969
gemma3:12b,2531,1.0,1.0,10,10,NVIDIA GH200,67.0,96.0,1,12200000000,81,6.661
gemma3:12b,2575,1.0,1.0,10,10,NVIDIA GH200,67.0,96.0,1,12200000000,60,5.455
gemma3:12b,2571,1.0,1.0,10,10,NVIDIA GH200,67.0,96.0,1,12200000000,62,4.971
gemma3:12b,2629,1.0,1.0,10,10,NVIDIA GH200,67.0,96.0,1,12200000000,64,5.495
gemma3:12b,2596,1.0,1.0,10,10,NVIDIA GH200,67.0,96.0,1,12200000000,72,6.93
gemma3:12b,2587,1.0,1.0,10,10,NVIDIA GH200,67.0,96.0,1,12200000000,68,5.456
gemma3:12b,2663,1.0,1.0,10,10,NVIDIA GH200,67.0,96.0,1,12200000000,48,5.487
gemma3:12b,2637,1.0,1.0,10,10,NVIDIA GH200,67.0,96.0,1,12200000000,105,8.384
gemma3:12b,2639,1.0,1.0,10,10,NVIDIA GH200,67.0,96.0,1,12200000000,87,7.478
gemma3:12b,2649,1.0,1.0,10,10,NVIDIA GH200,67.0,96.0,1,12200000000,108,8.951
gemma3:12b,3601,1.0,1.0,10,10,NVIDIA GH200,67.0,96.0,1,12200000000,95,7.273
gemma3:12b,3576,1.0,1.0,10,10,NVIDIA GH200,67.0,96.0,1,12200000000,93,7.339
gemma3:12b,3604,1.0,1.0,10,10,NVIDIA GH200,67.0,96.0,1,12200000000,48,4.019
gemma3:12b,3683,1.0,1.0,10,10,NVIDIA GH200,67.0,96.0,1,12200000000,51,3.121
gemma3:12b,3682,1.0,1.0,10,10,NVIDIA GH200,67.0,96.0,1,12200000000,72,3.607
gemma3:12b,2682,1.0,1.0,10,10,NVIDIA GH200,67.0,96.0,1,12200000000,215,11.23
gemma3:12b,3650,1.0,1.0,10,10,NVIDIA GH200,67.0,96.0,1,12200000000,155,8.355
gemma3:12b,3634,1.0,1.0,10,10,NVIDIA GH200,67.0,96.0,1,12200000000,170,8.713
gemma3:12b,3784,1.0,1.0,10,10,NVIDIA GH200,67.0,96.0,1,12200000000,72,4.185
gemma3:12b,3775,1.0,1.0,10,10,NVIDIA GH200,67.0,96.0,1,12200000000,78,4.097
gemma3:12b,4749,1.0,1.0,10,10,NVIDIA GH200,67.0,96.0,1,12200000000,65,3.501
gemma3:12b,3849,1.0,1.0,10,10,NVIDIA GH200,67.0,96.0,1,12200000000,149,6.573
gemma3:12b,3898,1.0,1.0,10,10,NVIDIA GH200,67.0,96.0,1,12200000000,130,5.382
gemma3:12b,4857,1.0,1.0,10,10,NVIDIA GH200,67.0,96.0,1,12200000000,67,2.535
gemma3:12b,4954,1.0,1.0,10,10,NVIDIA GH200,67.0,96.0,1,12200000000,71,2.326
gemma3:12b,5929,1.0,1.0,10,10,NVIDIA GH200,67.0,96.0,1,12200000000,112,2.983
gemma3:12b,1235,1.0,1.0,10,10,NVIDIA A100-SXM4-40GB,19.49,40.0,4,12200000000,50,2.569
gemma3:12b,1235,1.0,1.0,10,10,NVIDIA A100-SXM4-40GB,19.49,40.0,4,12200000000,50,2.6
gemma3:12b,1235,1.0,1.0,10,10,NVIDIA A100-SXM4-40GB,19.49,40.0,4,12200000000,50,2.595
gemma3:12b,1235,1.0,1.0,10,10,NVIDIA A100-SXM4-40GB,19.49,40.0,4,12200000000,50,2.105
gemma3:12b,1235,1.0,1.0,10,10,NVIDIA A100-SXM4-40GB,19.49,40.0,4,12200000000,50,3.252
gemma3:12b,1235,1.0,1.0,10,10,NVIDIA A100-SXM4-40GB,19.49,40.0,4,12200000000,50,2.872
gemma3:12b,1235,1.0,1.0,10,10,NVIDIA A100-SXM4-40GB,19.49,40.0,4,12200000000,50,3.365
gemma3:12b,1235,1.0,1.0,10,10,NVIDIA A100-SXM4-40GB,19.49,40.0,4,12200000000,50,2.809
gemma3:12b,1235,1.0,1.0,10,10,NVIDIA A100-SXM4-40GB,19.49,40.0,4,12200000000,50,3.402
gemma3:12b,1235,1.0,1.0,10,10,NVIDIA A100-SXM4-40GB,19.49,40.0,4,12200000000,61,3.351
gemma3:12b,1330,1.0,1.0,10,10,NVIDIA A100-SXM4-40GB,19.49,40.0,4,12200000000,81,3.15
gemma3:12b,1330,1.0,1.0,10,10,NVIDIA A100-SXM4-40GB,19.49,40.0,4,12200000000,80,2.883
gemma3:12b,1330,1.0,1.0,10,10,NVIDIA A100-SXM4-40GB,19.49,40.0,4,12200000000,90,3.447
gemma3:12b,1330,1.0,1.0,10,10,NVIDIA A100-SXM4-40GB,19.49,40.0,4,12200000000,97,3.616
gemma3:12b,1341,1.0,1.0,10,10,NVIDIA A100-SXM4-40GB,19.49,40.0,4,12200000000,58,3.352
gemma3:12b,1330,1.0,1.0,10,10,NVIDIA A100-SXM4-40GB,19.49,40.0,4,12200000000,75,3.872
gemma3:12b,1330,1.0,1.0,10,10,NVIDIA A100-SXM4-40GB,19.49,40.0,4,12200000000,83,4.111
gemma3:12b,1330,1.0,1.0,10,10,NVIDIA A100-SXM4-40GB,19.49,40.0,4,12200000000,80,3.978
gemma3:12b,1330,1.0,1.0,10,10,NVIDIA A100-SXM4-40GB,19.49,40.0,4,12200000000,85,4.059
gemma3:12b,1441,1.0,1.0,10,10,NVIDIA A100-SXM4-40GB,19.49,40.0,4,12200000000,78,2.935
gemma3:12b,1441,1.0,1.0,10,10,NVIDIA A100-SXM4-40GB,19.49,40.0,4,12200000000,98,3.573
gemma3:12b,1330,1.0,1.0,10,10,NVIDIA A100-SXM4-40GB,19.49,40.0,4,12200000000,133,6.31
gemma3:12b,1434,1.0,1.0,10,10,NVIDIA A100-SXM4-40GB,19.49,40.0,4,12200000000,115,3.754
gemma3:12b,1424,1.0,1.0,10,10,NVIDIA A100-SXM4-40GB,19.49,40.0,4,12200000000,116,3.918
gemma3:12b,1413,1.0,1.0,10,10,NVIDIA A100-SXM4-40GB,19.49,40.0,4,12200000000,62,3.525
gemma3:12b,1445,1.0,1.0,10,10,NVIDIA A100-SXM4-40GB,19.49,40.0,4,12200000000,45,3.166
gemma3:12b,1427,1.0,1.0,10,10,NVIDIA A100-SXM4-40GB,19.49,40.0,4,12200000000,58,3.532
gemma3:12b,1424,1.0,1.0,10,10,NVIDIA A100-SXM4-40GB,19.49,40.0,4,12200000000,73,3.601
gemma3:12b,1419,1.0,1.0,10,10,NVIDIA A100-SXM4-40GB,19.49,40.0,4,12200000000,79,5.133
gemma3:12b,2433,1.0,1.0,10,10,NVIDIA A100-SXM4-40GB,19.49,40.0,4,12200000000,50,3.293
gemma3:12b,2474,1.0,1.0,10,10,NVIDIA A100-SXM4-40GB,19.49,40.0,4,12200000000,125,3.52
gemma3:12b,2422,1.0,1.0,10,10,NVIDIA A100-SXM4-40GB,19.49,40.0,4,12200000000,64,3.601
gemma3:12b,2464,1.0,1.0,10,10,NVIDIA A100-SXM4-40GB,19.49,40.0,4,12200000000,111,5.309
gemma3:12b,2383,1.0,1.0,10,10,NVIDIA A100-SXM4-40GB,19.49,40.0,4,12200000000,89,4.478
gemma3:12b,1493,1.0,1.0,10,10,NVIDIA A100-SXM4-40GB,19.49,40.0,4,12200000000,105,5.405
gemma3:12b,2368,1.0,1.0,10,10,NVIDIA A100-SXM4-40GB,19.49,40.0,4,12200000000,56,4.62
gemma3:12b,2406,1.0,1.0,10,10,NVIDIA A100-SXM4-40GB,19.49,40.0,4,12200000000,56,3.023
gemma3:12b,2642,1.0,1.0,10,10,NVIDIA A100-SXM4-40GB,19.49,40.0,4,12200000000,71,2.743
gemma3:12b,2545,1.0,1.0,10,10,NVIDIA A100-SXM4-40GB,19.49,40.0,4,12200000000,50,3.436
gemma3:12b,2393,1.0,1.0,10,10,NVIDIA A100-SXM4-40GB,19.49,40.0,4,12200000000,89,6.91
gemma3:12b,2617,1.0,1.0,10,10,NVIDIA A100-SXM4-40GB,19.49,40.0,4,12200000000,66,3.699
gemma3:12b,2754,1.0,1.0,10,10,NVIDIA A100-SXM4-40GB,19.49,40.0,4,12200000000,97,3.154
gemma3:12b,2476,1.0,1.0,10,10,NVIDIA A100-SXM4-40GB,19.49,40.0,4,12200000000,57,4.382
gemma3:12b,2534,1.0,1.0,10,10,NVIDIA A100-SXM4-40GB,19.49,40.0,4,12200000000,64,4.592
gemma3:12b,2531,1.0,1.0,10,10,NVIDIA A100-SXM4-40GB,19.49,40.0,4,12200000000,67,5.054
gemma3:12b,2486,1.0,1.0,10,10,NVIDIA A100-SXM4-40GB,19.49,40.0,4,12200000000,79,5.296
gemma3:12b,2524,1.0,1.0,10,10,NVIDIA A100-SXM4-40GB,19.49,40.0,4,12200000000,96,5.59
gemma3:12b,2622,1.0,1.0,10,10,NVIDIA A100-SXM4-40GB,19.49,40.0,4,12200000000,120,4.713
gemma3:12b,2727,1.0,1.0,10,10,NVIDIA A100-SXM4-40GB,19.49,40.0,4,12200000000,78,3.133
gemma3:12b,3741,1.0,1.0,10,10,NVIDIA A100-SXM4-40GB,19.49,40.0,4,12200000000,117,3.737
gemma3:12b,2527,1.0,1.0,10,10,NVIDIA A100-SXM4-40GB,19.49,40.0,4,12200000000,130,6.441
gemma3:12b,2663,1.0,1.0,10,10,NVIDIA A100-SXM4-40GB,19.49,40.0,4,12200000000,66,3.697
gemma3:12b,2607,1.0,1.0,10,10,NVIDIA A100-SXM4-40GB,19.49,40.0,4,12200000000,68,4.173
gemma3:12b,2643,1.0,1.0,10,10,NVIDIA A100-SXM4-40GB,19.49,40.0,4,12200000000,78,5.351
gemma3:12b,2595,1.0,1.0,10,10,NVIDIA A100-SXM4-40GB,19.49,40.0,4,12200000000,87,5.614
gemma3:12b,2612,1.0,1.0,10,10,NVIDIA A100-SXM4-40GB,19.49,40.0,4,12200000000,94,5.595
gemma3:12b,3713,1.0,1.0,10,10,NVIDIA A100-SXM4-40GB,19.49,40.0,4,12200000000,107,3.742
gemma3:12b,3568,1.0,1.0,10,10,NVIDIA A100-SXM4-40GB,19.49,40.0,4,12200000000,48,4.351
gemma3:12b,3865,1.0,1.0,10,10,NVIDIA A100-SXM4-40GB,19.49,40.0,4,12200000000,132,4.116
gemma3:12b,3634,1.0,1.0,10,10,NVIDIA A100-SXM4-40GB,19.49,40.0,4,12200000000,83,5.3
gemma3:12b,3611,1.0,1.0,10,10,NVIDIA A100-SXM4-40GB,19.49,40.0,4,12200000000,91,6.688
gemma3:12b,2725,1.0,1.0,10,10,NVIDIA A100-SXM4-40GB,19.49,40.0,4,12200000000,100,6.611
gemma3:12b,3646,1.0,1.0,10,10,NVIDIA A100-SXM4-40GB,19.49,40.0,4,12200000000,54,4.512
gemma3:12b,3613,1.0,1.0,10,10,NVIDIA A100-SXM4-40GB,19.49,40.0,4,12200000000,141,9.965
gemma3:12b,3761,1.0,1.0,10,10,NVIDIA A100-SXM4-40GB,19.49,40.0,4,12200000000,93,5.883
gemma3:12b,3732,1.0,1.0,10,10,NVIDIA A100-SXM4-40GB,19.49,40.0,4,12200000000,68,6.362
gemma3:12b,3762,1.0,1.0,10,10,NVIDIA A100-SXM4-40GB,19.49,40.0,4,12200000000,68,4.81
gemma3:12b,3747,1.0,1.0,10,10,NVIDIA A100-SXM4-40GB,19.49,40.0,4,12200000000,98,6.937
gemma3:12b,3784,1.0,1.0,10,10,NVIDIA A100-SXM4-40GB,19.49,40.0,4,12200000000,79,5.301
gemma3:12b,3897,1.0,1.0,10,10,NVIDIA A100-SXM4-40GB,19.49,40.0,4,12200000000,114,6.148
gemma3:12b,4720,1.0,1.0,10,10,NVIDIA A100-SXM4-40GB,19.49,40.0,4,12200000000,76,3.932
gemma3:12b,3830,1.0,1.0,10,10,NVIDIA A100-SXM4-40GB,19.49,40.0,4,12200000000,114,5.745
gemma3:12b,3925,1.0,1.0,10,10,NVIDIA A100-SXM4-40GB,19.49,40.0,4,12200000000,113,4.229
gemma3:12b,4818,1.0,1.0,10,10,NVIDIA A100-SXM4-40GB,19.49,40.0,4,12200000000,87,5.972
gemma3:12b,4913,1.0,1.0,10,10,NVIDIA A100-SXM4-40GB,19.49,40.0,4,12200000000,128,8.248
gemma3:12b,4919,1.0,1.0,10,10,NVIDIA A100-SXM4-40GB,19.49,40.0,4,12200000000,34,5.127
gemma3:12b,5060,1.0,1.0,10,10,NVIDIA A100-SXM4-40GB,19.49,40.0,4,12200000000,163,5.481
gemma3:12b,1235,1.0,0.9,20,1,NVIDIA GH200,67.0,96.0,1,12200000000,49,1.224
gemma3:12b,1329,1.0,0.9,20,1,NVIDIA GH200,67.0,96.0,1,12200000000,77,1.452
gemma3:12b,1420,1.0,0.9,20,1,NVIDIA GH200,67.0,96.0,1,12200000000,70,1.417
gemma3:12b,2415,1.0,0.9,20,1,NVIDIA GH200,67.0,96.0,1,12200000000,121,2.234
gemma3:12b,2579,1.0,0.9,20,1,NVIDIA GH200,67.0,96.0,1,12200000000,83,1.884
gemma3:12b,2707,1.0,0.9,20,1,NVIDIA GH200,67.0,96.0,1,12200000000,107,2.123
gemma3:12b,3704,1.0,0.9,20,1,NVIDIA GH200,67.0,96.0,1,12200000000,105,2.43
gemma3:12b,3823,1.0,0.9,20,1,NVIDIA GH200,67.0,96.0,1,12200000000,102,2.335
gemma3:12b,1235,1.0,0.9,20,1,NVIDIA A100-SXM4-40GB,19.49,40.0,4,12200000000,49,2.079
gemma3:12b,1329,1.0,0.9,20,1,NVIDIA A100-SXM4-40GB,19.49,40.0,4,12200000000,56,2.061
gemma3:12b,1399,1.0,0.9,20,1,NVIDIA A100-SXM4-40GB,19.49,40.0,4,12200000000,61,2.171
gemma3:12b,2353,1.0,0.9,20,1,NVIDIA A100-SXM4-40GB,19.49,40.0,4,12200000000,54,2.39
gemma3:12b,2469,1.0,0.9,20,1,NVIDIA A100-SXM4-40GB,19.49,40.0,4,12200000000,51,2.406
gemma3:12b,2547,1.0,0.9,20,1,NVIDIA A100-SXM4-40GB,19.49,40.0,4,12200000000,88,3.124
gemma3:12b,3543,1.0,0.9,20,1,NVIDIA A100-SXM4-40GB,19.49,40.0,4,12200000000,76,3.252
gemma3:12b,1235,1.0,0.9,20,5,NVIDIA GH200,67.0,96.0,1,12200000000,49,2.414
gemma3:12b,1235,1.0,0.9,20,5,NVIDIA GH200,67.0,96.0,1,12200000000,51,2.447
gemma3:12b,1235,1.0,0.9,20,5,NVIDIA GH200,67.0,96.0,1,12200000000,51,2.47
gemma3:12b,1235,1.0,0.9,20,5,NVIDIA GH200,67.0,96.0,1,12200000000,57,2.362
gemma3:12b,1235,1.0,0.9,20,5,NVIDIA GH200,67.0,96.0,1,12200000000,49,2.878
gemma3:12b,1329,1.0,0.9,20,5,NVIDIA GH200,67.0,96.0,1,12200000000,63,3.065
gemma3:12b,1331,1.0,0.9,20,5,NVIDIA GH200,67.0,96.0,1,12200000000,76,3.856
gemma3:12b,1331,1.0,0.9,20,5,NVIDIA GH200,67.0,96.0,1,12200000000,78,3.93
gemma3:12b,1337,1.0,0.9,20,5,NVIDIA GH200,67.0,96.0,1,12200000000,85,3.968
gemma3:12b,1329,1.0,0.9,20,5,NVIDIA GH200,67.0,96.0,1,12200000000,83,3.595
gemma3:12b,1422,1.0,0.9,20,5,NVIDIA GH200,67.0,96.0,1,12200000000,80,3.382
gemma3:12b,1452,1.0,0.9,20,5,NVIDIA GH200,67.0,96.0,1,12200000000,66,2.58
gemma3:12b,1423,1.0,0.9,20,5,NVIDIA GH200,67.0,96.0,1,12200000000,70,3.22
gemma3:12b,1437,1.0,0.9,20,5,NVIDIA GH200,67.0,96.0,1,12200000000,115,5.473
gemma3:12b,1442,1.0,0.9,20,5,NVIDIA GH200,67.0,96.0,1,12200000000,54,3.321
gemma3:12b,2411,1.0,0.9,20,5,NVIDIA GH200,67.0,96.0,1,12200000000,57,3.991
gemma3:12b,2442,1.0,0.9,20,5,NVIDIA GH200,67.0,96.0,1,12200000000,57,4.237
gemma3:12b,2401,1.0,0.9,20,5,NVIDIA GH200,67.0,96.0,1,12200000000,58,3.775
gemma3:12b,2421,1.0,0.9,20,5,NVIDIA GH200,67.0,96.0,1,12200000000,48,3.892
gemma3:12b,2521,1.0,0.9,20,5,NVIDIA GH200,67.0,96.0,1,12200000000,67,3.899
gemma3:12b,2530,1.0,0.9,20,5,NVIDIA GH200,67.0,96.0,1,12200000000,78,4.311
gemma3:12b,2477,1.0,0.9,20,5,NVIDIA GH200,67.0,96.0,1,12200000000,107,6.71
gemma3:12b,2561,1.0,0.9,20,5,NVIDIA GH200,67.0,96.0,1,12200000000,130,6.944
gemma3:12b,2514,1.0,0.9,20,5,NVIDIA GH200,67.0,96.0,1,12200000000,71,4.165
gemma3:12b,2630,1.0,0.9,20,5,NVIDIA GH200,67.0,96.0,1,12200000000,45,3.018
gemma3:12b,2635,1.0,0.9,20,5,NVIDIA GH200,67.0,96.0,1,12200000000,95,5.897
gemma3:12b,2735,1.0,0.9,20,5,NVIDIA GH200,67.0,96.0,1,12200000000,57,3.517
gemma3:12b,2599,1.0,0.9,20,5,NVIDIA GH200,67.0,96.0,1,12200000000,61,4.338
gemma3:12b,2627,1.0,0.9,20,5,NVIDIA GH200,67.0,96.0,1,12200000000,118,7.522
gemma3:12b,3568,1.0,0.9,20,5,NVIDIA GH200,67.0,96.0,1,12200000000,104,7.335
gemma3:12b,3697,1.0,0.9,20,5,NVIDIA GH200,67.0,96.0,1,12200000000,73,5.718
gemma3:12b,3638,1.0,0.9,20,5,NVIDIA GH200,67.0,96.0,1,12200000000,104,7.266
gemma3:12b,2807,1.0,0.9,20,5,NVIDIA GH200,67.0,96.0,1,12200000000,93,4.665
gemma3:12b,3585,1.0,0.9,20,5,NVIDIA GH200,67.0,96.0,1,12200000000,126,7.421
gemma3:12b,3800,1.0,0.9,20,5,NVIDIA GH200,67.0,96.0,1,12200000000,52,2.974
gemma3:12b,3734,1.0,0.9,20,5,NVIDIA GH200,67.0,96.0,1,12200000000,113,5.927
gemma3:12b,3754,1.0,0.9,20,5,NVIDIA GH200,67.0,96.0,1,12200000000,79,3.427
gemma3:12b,3790,1.0,0.9,20,5,NVIDIA GH200,67.0,96.0,1,12200000000,110,4.747
gemma3:12b,3909,1.0,0.9,20,5,NVIDIA GH200,67.0,96.0,1,12200000000,172,3.536
gemma3:12b,1235,1.0,0.9,20,5,NVIDIA A100-SXM4-40GB,19.49,40.0,4,12200000000,50,1.974
gemma3:12b,1235,1.0,0.9,20,5,NVIDIA A100-SXM4-40GB,19.49,40.0,4,12200000000,53,2.032
gemma3:12b,1235,1.0,0.9,20,5,NVIDIA A100-SXM4-40GB,19.49,40.0,4,12200000000,51,2.055
gemma3:12b,1235,1.0,0.9,20,5,NVIDIA A100-SXM4-40GB,19.49,40.0,4,12200000000,50,2.55
gemma3:12b,1333,1.0,0.9,20,5,NVIDIA A100-SXM4-40GB,19.49,40.0,4,12200000000,59,1.986
gemma3:12b,1330,1.0,0.9,20,5,NVIDIA A100-SXM4-40GB,19.49,40.0,4,12200000000,78,2.312
gemma3:12b,1235,1.0,0.9,20,5,NVIDIA A100-SXM4-40GB,19.49,40.0,4,12200000000,50,2.652
gemma3:12b,1331,1.0,0.9,20,5,NVIDIA A100-SXM4-40GB,19.49,40.0,4,12200000000,119,3.078
gemma3:12b,1330,1.0,0.9,20,5,NVIDIA A100-SXM4-40GB,19.49,40.0,4,12200000000,77,2.999
gemma3:12b,1422,1.0,0.9,20,5,NVIDIA A100-SXM4-40GB,19.49,40.0,4,12200000000,85,2.477
gemma3:12b,1422,1.0,0.9,20,5,NVIDIA A100-SXM4-40GB,19.49,40.0,4,12200000000,107,2.774
gemma3:12b,1330,1.0,0.9,20,5,NVIDIA A100-SXM4-40GB,19.49,40.0,4,12200000000,78,3.13
gemma3:12b,1480,1.0,0.9,20,5,NVIDIA A100-SXM4-40GB,19.49,40.0,4,12200000000,65,2.139
gemma3:12b,2415,1.0,0.9,20,5,NVIDIA A100-SXM4-40GB,19.49,40.0,4,12200000000,56,2.293
gemma3:12b,1421,1.0,0.9,20,5,NVIDIA A100-SXM4-40GB,19.49,40.0,4,12200000000,78,3.139
gemma3:12b,2470,1.0,0.9,20,5,NVIDIA A100-SXM4-40GB,19.49,40.0,4,12200000000,100,3.179
gemma3:12b,1422,1.0,0.9,20,5,NVIDIA A100-SXM4-40GB,19.49,40.0,4,12200000000,93,3.748
gemma3:12b,2407,1.0,0.9,20,5,NVIDIA A100-SXM4-40GB,19.49,40.0,4,12200000000,50,2.713
gemma3:12b,2533,1.0,0.9,20,5,NVIDIA A100-SXM4-40GB,19.49,40.0,4,12200000000,101,3.213
gemma3:12b,2613,1.0,0.9,20,5,NVIDIA A100-SXM4-40GB,19.49,40.0,4,12200000000,70,2.822
gemma3:12b,2423,1.0,0.9,20,5,NVIDIA A100-SXM4-40GB,19.49,40.0,4,12200000000,56,3.554
gemma3:12b,2677,1.0,0.9,20,5,NVIDIA A100-SXM4-40GB,19.49,40.0,4,12200000000,61,2.632
gemma3:12b,2519,1.0,0.9,20,5,NVIDIA A100-SXM4-40GB,19.49,40.0,4,12200000000,106,4.582
gemma3:12b,2728,1.0,0.9,20,5,NVIDIA A100-SXM4-40GB,19.49,40.0,4,12200000000,142,3.953
gemma3:12b,3643,1.0,0.9,20,5,NVIDIA A100-SXM4-40GB,19.49,40.0,4,12200000000,64,2.927
gemma3:12b,2541,1.0,0.9,20,5,NVIDIA A100-SXM4-40GB,19.49,40.0,4,12200000000,118,4.882
gemma3:12b,2667,1.0,0.9,20,5,NVIDIA A100-SXM4-40GB,19.49,40.0,4,12200000000,79,3.283
gemma3:12b,3748,1.0,0.9,20,5,NVIDIA A100-SXM4-40GB,19.49,40.0,4,12200000000,91,3.492
gemma3:12b,3884,1.0,0.9,20,5,NVIDIA A100-SXM4-40GB,19.49,40.0,4,12200000000,14,2.171
gemma3:12b,3653,1.0,0.9,20,5,NVIDIA A100-SXM4-40GB,19.49,40.0,4,12200000000,57,3.942
gemma3:12b,2702,1.0,0.9,20,5,NVIDIA A100-SXM4-40GB,19.49,40.0,4,12200000000,98,5.503
gemma3:12b,3693,1.0,0.9,20,5,NVIDIA A100-SXM4-40GB,19.49,40.0,4,12200000000,69,3.758
gemma3:12b,3750,1.0,0.9,20,5,NVIDIA A100-SXM4-40GB,19.49,40.0,4,12200000000,85,5.164
gemma3:12b,3805,1.0,0.9,20,5,NVIDIA A100-SXM4-40GB,19.49,40.0,4,12200000000,84,5.283
gemma3:12b,3877,1.0,0.9,20,5,NVIDIA A100-SXM4-40GB,19.49,40.0,4,12200000000,96,5.363
gemma3:12b,3907,1.0,0.9,20,5,NVIDIA A100-SXM4-40GB,19.49,40.0,4,12200000000,70,5.412
gemma3:12b,4876,1.0,0.9,20,5,NVIDIA A100-SXM4-40GB,19.49,40.0,4,12200000000,92,5.5
gemma3:12b,4859,1.0,0.9,20,5,NVIDIA A100-SXM4-40GB,19.49,40.0,4,12200000000,54,3.428
gemma3:12b,4940,1.0,0.9,20,5,NVIDIA A100-SXM4-40GB,19.49,40.0,4,12200000000,119,4.465
gemma3:12b,1235,1.0,0.9,20,10,NVIDIA GH200,67.0,96.0,1,12200000000,51,4.112
gemma3:12b,1235,1.0,0.9,20,10,NVIDIA GH200,67.0,96.0,1,12200000000,49,4.162
gemma3:12b,1235,1.0,0.9,20,10,NVIDIA GH200,67.0,96.0,1,12200000000,49,3.951
gemma3:12b,1235,1.0,0.9,20,10,NVIDIA GH200,67.0,96.0,1,12200000000,49,3.989
gemma3:12b,1235,1.0,0.9,20,10,NVIDIA GH200,67.0,96.0,1,12200000000,49,4.192
gemma3:12b,1235,1.0,0.9,20,10,NVIDIA GH200,67.0,96.0,1,12200000000,49,3.585
gemma3:12b,1235,1.0,0.9,20,10,NVIDIA GH200,67.0,96.0,1,12200000000,49,3.798
gemma3:12b,1235,1.0,0.9,20,10,NVIDIA GH200,67.0,96.0,1,12200000000,49,2.443
gemma3:12b,1235,1.0,0.9,20,10,NVIDIA GH200,67.0,96.0,1,12200000000,51,2.926
gemma3:12b,1235,1.0,0.9,20,10,NVIDIA GH200,67.0,96.0,1,12200000000,53,3.543
gemma3:12b,1329,1.0,0.9,20,10,NVIDIA GH200,67.0,96.0,1,12200000000,63,4.544
gemma3:12b,1333,1.0,0.9,20,10,NVIDIA GH200,67.0,96.0,1,12200000000,64,4.491
gemma3:12b,1329,1.0,0.9,20,10,NVIDIA GH200,67.0,96.0,1,12200000000,71,4.749
gemma3:12b,1331,1.0,0.9,20,10,NVIDIA GH200,67.0,96.0,1,12200000000,78,5.66
gemma3:12b,1329,1.0,0.9,20,10,NVIDIA GH200,67.0,96.0,1,12200000000,77,5.831
gemma3:12b,1329,1.0,0.9,20,10,NVIDIA GH200,67.0,96.0,1,12200000000,77,5.863
gemma3:12b,1329,1.0,0.9,20,10,NVIDIA GH200,67.0,96.0,1,12200000000,88,6.769
gemma3:12b,1331,1.0,0.9,20,10,NVIDIA GH200,67.0,96.0,1,12200000000,94,7.495
gemma3:12b,1329,1.0,0.9,20,10,NVIDIA GH200,67.0,96.0,1,12200000000,97,7.516
gemma3:12b,1329,1.0,0.9,20,10,NVIDIA GH200,67.0,96.0,1,12200000000,106,8.352
gemma3:12b,1427,1.0,0.9,20,10,NVIDIA GH200,67.0,96.0,1,12200000000,50,4.772
gemma3:12b,1420,1.0,0.9,20,10,NVIDIA GH200,67.0,96.0,1,12200000000,65,4.43
gemma3:12b,1447,1.0,0.9,20,10,NVIDIA GH200,67.0,96.0,1,12200000000,61,3.597
gemma3:12b,1406,1.0,0.9,20,10,NVIDIA GH200,67.0,96.0,1,12200000000,76,5.862
gemma3:12b,1455,1.0,0.9,20,10,NVIDIA GH200,67.0,96.0,1,12200000000,51,3.145
gemma3:12b,1420,1.0,0.9,20,10,NVIDIA GH200,67.0,96.0,1,12200000000,76,4.8
gemma3:12b,1414,1.0,0.9,20,10,NVIDIA GH200,67.0,96.0,1,12200000000,103,8.439
gemma3:12b,1423,1.0,0.9,20,10,NVIDIA GH200,67.0,96.0,1,12200000000,102,7.495
gemma3:12b,1465,1.0,0.9,20,10,NVIDIA GH200,67.0,96.0,1,12200000000,78,6.272
gemma3:12b,2355,1.0,0.9,20,10,NVIDIA GH200,67.0,96.0,1,12200000000,54,5.369
gemma3:12b,2433,1.0,0.9,20,10,NVIDIA GH200,67.0,96.0,1,12200000000,47,5.66
gemma3:12b,2384,1.0,0.9,20,10,NVIDIA GH200,67.0,96.0,1,12200000000,56,5.898
gemma3:12b,2390,1.0,0.9,20,10,NVIDIA GH200,67.0,96.0,1,12200000000,88,7.903
gemma3:12b,2421,1.0,0.9,20,10,NVIDIA GH200,67.0,96.0,1,12200000000,54,3.998
gemma3:12b,2421,1.0,0.9,20,10,NVIDIA GH200,67.0,96.0,1,12200000000,112,9.342
gemma3:12b,2425,1.0,0.9,20,10,NVIDIA GH200,67.0,96.0,1,12200000000,93,7.159
gemma3:12b,2471,1.0,0.9,20,10,NVIDIA GH200,67.0,96.0,1,12200000000,92,7.006
gemma3:12b,2525,1.0,0.9,20,10,NVIDIA GH200,67.0,96.0,1,12200000000,76,5.662
gemma3:12b,2450,1.0,0.9,20,10,NVIDIA GH200,67.0,96.0,1,12200000000,119,8.841
gemma3:12b,2502,1.0,0.9,20,10,NVIDIA GH200,67.0,96.0,1,12200000000,125,8.365
gemma3:12b,2540,1.0,0.9,20,10,NVIDIA GH200,67.0,96.0,1,12200000000,95,6.686
gemma3:12b,2547,1.0,0.9,20,10,NVIDIA GH200,67.0,96.0,1,12200000000,82,5.155
gemma3:12b,2607,1.0,0.9,20,10,NVIDIA GH200,67.0,96.0,1,12200000000,58,4.564
gemma3:12b,2537,1.0,0.9,20,10,NVIDIA GH200,67.0,96.0,1,12200000000,106,7.784
gemma3:12b,2580,1.0,0.9,20,10,NVIDIA GH200,67.0,96.0,1,12200000000,89,6.245
gemma3:12b,2631,1.0,0.9,20,10,NVIDIA GH200,67.0,96.0,1,12200000000,59,4.643
gemma3:12b,2612,1.0,0.9,20,10,NVIDIA GH200,67.0,96.0,1,12200000000,67,7.402
gemma3:12b,2646,1.0,0.9,20,10,NVIDIA GH200,67.0,96.0,1,12200000000,52,6.335
gemma3:12b,2685,1.0,0.9,20,10,NVIDIA GH200,67.0,96.0,1,12200000000,64,6.202
gemma3:12b,3570,1.0,0.9,20,10,NVIDIA GH200,67.0,96.0,1,12200000000,69,6.452
gemma3:12b,1456,1.0,0.9,20,10,NVIDIA GH200,67.0,96.0,1,12200000000,343,25.583
gemma3:12b,3598,1.0,0.9,20,10,NVIDIA GH200,67.0,96.0,1,12200000000,73,6.402
gemma3:12b,2680,1.0,0.9,20,10,NVIDIA GH200,67.0,96.0,1,12200000000,105,10.873
gemma3:12b,2696,1.0,0.9,20,10,NVIDIA GH200,67.0,96.0,1,12200000000,121,10.654
gemma3:12b,2724,1.0,0.9,20,10,NVIDIA GH200,67.0,96.0,1,12200000000,125,8.026
gemma3:12b,3606,1.0,0.9,20,10,NVIDIA GH200,67.0,96.0,1,12200000000,91,7.378
gemma3:12b,3669,1.0,0.9,20,10,NVIDIA GH200,67.0,96.0,1,12200000000,69,6.114
gemma3:12b,3656,1.0,0.9,20,10,NVIDIA GH200,67.0,96.0,1,12200000000,91,8.204
gemma3:12b,3716,1.0,0.9,20,10,NVIDIA GH200,67.0,96.0,1,12200000000,96,8.024
gemma3:12b,3768,1.0,0.9,20,10,NVIDIA GH200,67.0,96.0,1,12200000000,69,4.354
gemma3:12b,3725,1.0,0.9,20,10,NVIDIA GH200,67.0,96.0,1,12200000000,116,6.254
gemma3:12b,2724,1.0,0.9,20,10,NVIDIA GH200,67.0,96.0,1,12200000000,163,10.429
gemma3:12b,3789,1.0,0.9,20,10,NVIDIA GH200,67.0,96.0,1,12200000000,70,4.502
gemma3:12b,3740,1.0,0.9,20,10,NVIDIA GH200,67.0,96.0,1,12200000000,134,8.07
gemma3:12b,4730,1.0,0.9,20,10,NVIDIA GH200,67.0,96.0,1,12200000000,64,4.087
gemma3:12b,3900,1.0,0.9,20,10,NVIDIA GH200,67.0,96.0,1,12200000000,92,2.865
gemma3:12b,2930,1.0,0.9,20,10,NVIDIA GH200,67.0,96.0,1,12200000000,195,7.368
gemma3:12b,4897,1.0,0.9,20,10,NVIDIA GH200,67.0,96.0,1,12200000000,113,3.988
gemma3:12b,3170,1.0,0.9,20,10,NVIDIA GH200,67.0,96.0,1,12200000000,83,3.504
gemma3:12b,5037,1.0,0.9,20,10,NVIDIA GH200,67.0,96.0,1,12200000000,90,3.689
gemma3:12b,4131,1.0,0.9,20,10,NVIDIA GH200,67.0,96.0,1,12200000000,111,2.674
gemma3:12b,1235,1.0,0.9,20,10,NVIDIA A100-SXM4-40GB,19.49,40.0,4,12200000000,49,2.516
gemma3:12b,1235,1.0,0.9,20,10,NVIDIA A100-SXM4-40GB,19.49,40.0,4,12200000000,49,2.643
gemma3:12b,1235,1.0,0.9,20,10,NVIDIA A100-SXM4-40GB,19.49,40.0,4,12200000000,49,2.68
gemma3:12b,1235,1.0,0.9,20,10,NVIDIA A100-SXM4-40GB,19.49,40.0,4,12200000000,51,3.395
gemma3:12b,1235,1.0,0.9,20,10,NVIDIA A100-SXM4-40GB,19.49,40.0,4,12200000000,50,3.257
gemma3:12b,1235,1.0,0.9,20,10,NVIDIA A100-SXM4-40GB,19.49,40.0,4,12200000000,51,3.371
gemma3:12b,1235,1.0,0.9,20,10,NVIDIA A100-SXM4-40GB,19.49,40.0,4,12200000000,49,2.435
gemma3:12b,1235,1.0,0.9,20,10,NVIDIA A100-SXM4-40GB,19.49,40.0,4,12200000000,51,3.357
gemma3:12b,1235,1.0,0.9,20,10,NVIDIA A100-SXM4-40GB,19.49,40.0,4,12200000000,49,2.739
gemma3:12b,1235,1.0,0.9,20,10,NVIDIA A100-SXM4-40GB,19.49,40.0,4,12200000000,51,2.374
gemma3:12b,1329,1.0,0.9,20,10,NVIDIA A100-SXM4-40GB,19.49,40.0,4,12200000000,78,3.112
gemma3:12b,1329,1.0,0.9,20,10,NVIDIA A100-SXM4-40GB,19.49,40.0,4,12200000000,96,3.395
gemma3:12b,1329,1.0,0.9,20,10,NVIDIA A100-SXM4-40GB,19.49,40.0,4,12200000000,94,2.975
gemma3:12b,1329,1.0,0.9,20,10,NVIDIA A100-SXM4-40GB,19.49,40.0,4,12200000000,130,3.973
gemma3:12b,1331,1.0,0.9,20,10,NVIDIA A100-SXM4-40GB,19.49,40.0,4,12200000000,67,3.702
gemma3:12b,1331,1.0,0.9,20,10,NVIDIA A100-SXM4-40GB,19.49,40.0,4,12200000000,78,4.053
gemma3:12b,1331,1.0,0.9,20,10,NVIDIA A100-SXM4-40GB,19.49,40.0,4,12200000000,80,4.003
gemma3:12b,1331,1.0,0.9,20,10,NVIDIA A100-SXM4-40GB,19.49,40.0,4,12200000000,80,3.829
gemma3:12b,1330,1.0,0.9,20,10,NVIDIA A100-SXM4-40GB,19.49,40.0,4,12200000000,100,4.421
gemma3:12b,1329,1.0,0.9,20,10,NVIDIA A100-SXM4-40GB,19.49,40.0,4,12200000000,91,4.48
gemma3:12b,1437,1.0,0.9,20,10,NVIDIA A100-SXM4-40GB,19.49,40.0,4,12200000000,80,3.236
gemma3:12b,1521,1.0,0.9,20,10,NVIDIA A100-SXM4-40GB,19.49,40.0,4,12200000000,55,2.411
gemma3:12b,1455,1.0,0.9,20,10,NVIDIA A100-SXM4-40GB,19.49,40.0,4,12200000000,88,3.187
gemma3:12b,1450,1.0,0.9,20,10,NVIDIA A100-SXM4-40GB,19.49,40.0,4,12200000000,46,2.644
gemma3:12b,1437,1.0,0.9,20,10,NVIDIA A100-SXM4-40GB,19.49,40.0,4,12200000000,93,4.298
gemma3:12b,1425,1.0,0.9,20,10,NVIDIA A100-SXM4-40GB,19.49,40.0,4,12200000000,76,3.804
gemma3:12b,1425,1.0,0.9,20,10,NVIDIA A100-SXM4-40GB,19.49,40.0,4,12200000000,76,4.013
gemma3:12b,1423,1.0,0.9,20,10,NVIDIA A100-SXM4-40GB,19.49,40.0,4,12200000000,85,4.209
gemma3:12b,2395,1.0,0.9,20,10,NVIDIA A100-SXM4-40GB,19.49,40.0,4,12200000000,54,3.388
gemma3:12b,2421,1.0,0.9,20,10,NVIDIA A100-SXM4-40GB,19.49,40.0,4,12200000000,54,3.233
gemma3:12b,1444,1.0,0.9,20,10,NVIDIA A100-SXM4-40GB,19.49,40.0,4,12200000000,108,4.994
gemma3:12b,2423,1.0,0.9,20,10,NVIDIA A100-SXM4-40GB,19.49,40.0,4,12200000000,50,2.485
gemma3:12b,1412,1.0,0.9,20,10,NVIDIA A100-SXM4-40GB,19.49,40.0,4,12200000000,99,6.114
gemma3:12b,2466,1.0,0.9,20,10,NVIDIA A100-SXM4-40GB,19.49,40.0,4,12200000000,110,4.83
gemma3:12b,2374,1.0,0.9,20,10,NVIDIA A100-SXM4-40GB,19.49,40.0,4,12200000000,56,4.528
gemma3:12b,2460,1.0,0.9,20,10,NVIDIA A100-SXM4-40GB,19.49,40.0,4,12200000000,66,3.748
gemma3:12b,2537,1.0,0.9,20,10,NVIDIA A100-SXM4-40GB,19.49,40.0,4,12200000000,99,4.361
gemma3:12b,2535,1.0,0.9,20,10,NVIDIA A100-SXM4-40GB,19.49,40.0,4,12200000000,82,4.073
gemma3:12b,2511,1.0,0.9,20,10,NVIDIA A100-SXM4-40GB,19.49,40.0,4,12200000000,117,4.785
gemma3:12b,2426,1.0,0.9,20,10,NVIDIA A100-SXM4-40GB,19.49,40.0,4,12200000000,130,6.381
gemma3:12b,2492,1.0,0.9,20,10,NVIDIA A100-SXM4-40GB,19.49,40.0,4,12200000000,63,3.405
gemma3:12b,2433,1.0,0.9,20,10,NVIDIA A100-SXM4-40GB,19.49,40.0,4,12200000000,117,7.248
gemma3:12b,2621,1.0,0.9,20,10,NVIDIA A100-SXM4-40GB,19.49,40.0,4,12200000000,136,5.219
gemma3:12b,2660,1.0,0.9,20,10,NVIDIA A100-SXM4-40GB,19.49,40.0,4,12200000000,52,2.586
gemma3:12b,2436,1.0,0.9,20,10,NVIDIA A100-SXM4-40GB,19.49,40.0,4,12200000000,122,7.023
gemma3:12b,2426,1.0,0.9,20,10,NVIDIA A100-SXM4-40GB,19.49,40.0,4,12200000000,146,8.931
gemma3:12b,2647,1.0,0.9,20,10,NVIDIA A100-SXM4-40GB,19.49,40.0,4,12200000000,47,3.075
gemma3:12b,3429,1.0,0.9,20,10,NVIDIA A100-SXM4-40GB,19.49,40.0,4,12200000000,65,4.436
gemma3:12b,2663,1.0,0.9,20,10,NVIDIA A100-SXM4-40GB,19.49,40.0,4,12200000000,82,4.05
gemma3:12b,3637,1.0,0.9,20,10,NVIDIA A100-SXM4-40GB,19.49,40.0,4,12200000000,50,2.753
gemma3:12b,2599,1.0,0.9,20,10,NVIDIA A100-SXM4-40GB,19.49,40.0,4,12200000000,74,5.304
gemma3:12b,2582,1.0,0.9,20,10,NVIDIA A100-SXM4-40GB,19.49,40.0,4,12200000000,81,4.686
gemma3:12b,3653,1.0,0.9,20,10,NVIDIA A100-SXM4-40GB,19.49,40.0,4,12200000000,93,3.445
gemma3:12b,2593,1.0,0.9,20,10,NVIDIA A100-SXM4-40GB,19.49,40.0,4,12200000000,73,5.624
gemma3:12b,2600,1.0,0.9,20,10,NVIDIA A100-SXM4-40GB,19.49,40.0,4,12200000000,70,4.627
gemma3:12b,3749,1.0,0.9,20,10,NVIDIA A100-SXM4-40GB,19.49,40.0,4,12200000000,82,3.355
gemma3:12b,2586,1.0,0.9,20,10,NVIDIA A100-SXM4-40GB,19.49,40.0,4,12200000000,100,6.284
gemma3:12b,3524,1.0,0.9,20,10,NVIDIA A100-SXM4-40GB,19.49,40.0,4,12200000000,117,6.107
gemma3:12b,2703,1.0,0.9,20,10,NVIDIA A100-SXM4-40GB,19.49,40.0,4,12200000000,74,5.656
gemma3:12b,2680,1.0,0.9,20,10,NVIDIA A100-SXM4-40GB,19.49,40.0,4,12200000000,75,4.148
gemma3:12b,3861,1.0,0.9,20,10,NVIDIA A100-SXM4-40GB,19.49,40.0,4,12200000000,52,2.857
gemma3:12b,3571,1.0,0.9,20,10,NVIDIA A100-SXM4-40GB,19.49,40.0,4,12200000000,82,5.713
gemma3:12b,3760,1.0,0.9,20,10,NVIDIA A100-SXM4-40GB,19.49,40.0,4,12200000000,171,4.65
gemma3:12b,2716,1.0,0.9,20,10,NVIDIA A100-SXM4-40GB,19.49,40.0,4,12200000000,151,4.264
gemma3:12b,2711,1.0,0.9,20,10,NVIDIA A100-SXM4-40GB,19.49,40.0,4,12200000000,100,7.093
gemma3:12b,4838,1.0,0.9,20,10,NVIDIA A100-SXM4-40GB,19.49,40.0,4,12200000000,52,3.251
gemma3:12b,3749,1.0,0.9,20,10,NVIDIA A100-SXM4-40GB,19.49,40.0,4,12200000000,86,3.545
gemma3:12b,3682,1.0,0.9,20,10,NVIDIA A100-SXM4-40GB,19.49,40.0,4,12200000000,94,6.874
gemma3:12b,3667,1.0,0.9,20,10,NVIDIA A100-SXM4-40GB,19.49,40.0,4,12200000000,112,6.831
gemma3:12b,4952,1.0,0.9,20,10,NVIDIA A100-SXM4-40GB,19.49,40.0,4,12200000000,154,4.994
gemma3:12b,3719,1.0,0.9,20,10,NVIDIA A100-SXM4-40GB,19.49,40.0,4,12200000000,115,5.855
gemma3:12b,3849,1.0,0.9,20,10,NVIDIA A100-SXM4-40GB,19.49,40.0,4,12200000000,104,3.738
gemma3:12b,3816,1.0,0.9,20,10,NVIDIA A100-SXM4-40GB,19.49,40.0,4,12200000000,75,3.408
gemma3:12b,5136,1.0,0.9,20,10,NVIDIA A100-SXM4-40GB,19.49,40.0,4,12200000000,52,3.43
gemma3:12b,3930,1.0,0.9,20,10,NVIDIA A100-SXM4-40GB,19.49,40.0,4,12200000000,124,4.223
gemma3:12b,6113,1.0,0.9,20,10,NVIDIA A100-SXM4-40GB,19.49,40.0,4,12200000000,50,3.71
gemma3:12b,6225,1.0,0.9,20,10,NVIDIA A100-SXM4-40GB,19.49,40.0,4,12200000000,52,3.836
gemma3:12b,4944,1.0,0.9,20,10,NVIDIA A100-SXM4-40GB,19.49,40.0,4,12200000000,166,5.405
gemma3:12b,5124,1.0,0.9,20,10,NVIDIA A100-SXM4-40GB,19.49,40.0,4,12200000000,19,2.855
gemma3:12b,6339,1.0,0.9,20,10,NVIDIA A100-SXM4-40GB,19.49,40.0,4,12200000000,52,3.883
gemma3:12b,7316,1.0,0.9,20,10,NVIDIA A100-SXM4-40GB,19.49,40.0,4,12200000000,52,4.316
gemma3:12b,7430,1.0,0.9,20,10,NVIDIA A100-SXM4-40GB,19.49,40.0,4,12200000000,154,6.07
gemma3:12b,7614,1.0,0.9,20,10,NVIDIA A100-SXM4-40GB,19.49,40.0,4,12200000000,50,4.357
gemma3:12b,8589,1.0,0.9,20,10,NVIDIA A100-SXM4-40GB,19.49,40.0,4,12200000000,50,4.482
gemma3:12b,8701,1.0,0.9,20,10,NVIDIA A100-SXM4-40GB,19.49,40.0,4,12200000000,154,6.248
gemma3:12b,8885,1.0,0.9,20,10,NVIDIA A100-SXM4-40GB,19.49,40.0,4,12200000000,50,4.493
gemma3:12b,9860,1.0,0.9,20,10,NVIDIA A100-SXM4-40GB,19.49,40.0,4,12200000000,5,3.637
gemma3:12b,1235,1.0,0.95,20,1,NVIDIA GH200,67.0,96.0,1,12200000000,49,1.267
gemma3:12b,1329,1.0,0.95,20,1,NVIDIA GH200,67.0,96.0,1,12200000000,86,1.589
gemma3:12b,1445,1.0,0.95,20,1,NVIDIA GH200,67.0,96.0,1,12200000000,62,1.346
gemma3:12b,2432,1.0,0.95,20,1,NVIDIA GH200,67.0,96.0,1,12200000000,77,1.765
gemma3:12b,2552,1.0,0.95,20,1,NVIDIA GH200,67.0,96.0,1,12200000000,68,1.703
gemma3:12b,2665,1.0,0.95,20,1,NVIDIA GH200,67.0,96.0,1,12200000000,99,2.003
gemma3:12b,1235,1.0,0.95,20,1,NVIDIA A100-SXM4-40GB,19.49,40.0,4,12200000000,49,2.039
gemma3:12b,1329,1.0,0.95,20,1,NVIDIA A100-SXM4-40GB,19.49,40.0,4,12200000000,77,2.448
gemma3:12b,1420,1.0,0.95,20,1,NVIDIA A100-SXM4-40GB,19.49,40.0,4,12200000000,63,2.225
gemma3:12b,2376,1.0,0.95,20,1,NVIDIA A100-SXM4-40GB,19.49,40.0,4,12200000000,54,2.405
gemma3:12b,2492,1.0,0.95,20,1,NVIDIA A100-SXM4-40GB,19.49,40.0,4,12200000000,114,3.525
gemma3:12b,2648,1.0,0.95,20,1,NVIDIA A100-SXM4-40GB,19.49,40.0,4,12200000000,54,2.576
gemma3:12b,3606,1.0,0.95,20,1,NVIDIA A100-SXM4-40GB,19.49,40.0,4,12200000000,70,3.21
gemma3:12b,3717,1.0,0.95,20,1,NVIDIA A100-SXM4-40GB,19.49,40.0,4,12200000000,96,3.69
gemma3:12b,1235,1.0,0.95,20,5,NVIDIA GH200,67.0,96.0,1,12200000000,49,2.847
gemma3:12b,1235,1.0,0.95,20,5,NVIDIA GH200,67.0,96.0,1,12200000000,49,2.8
gemma3:12b,1235,1.0,0.95,20,5,NVIDIA GH200,67.0,96.0,1,12200000000,49,2.806
gemma3:12b,1235,1.0,0.95,20,5,NVIDIA GH200,67.0,96.0,1,12200000000,49,1.958
gemma3:12b,1235,1.0,0.95,20,5,NVIDIA GH200,67.0,96.0,1,12200000000,57,2.954
gemma3:12b,1329,1.0,0.95,20,5,NVIDIA GH200,67.0,96.0,1,12200000000,73,3.334
gemma3:12b,1329,1.0,0.95,20,5,NVIDIA GH200,67.0,96.0,1,12200000000,73,3.39
gemma3:12b,1329,1.0,0.95,20,5,NVIDIA GH200,67.0,96.0,1,12200000000,76,3.412
gemma3:12b,1337,1.0,0.95,20,5,NVIDIA GH200,67.0,96.0,1,12200000000,80,3.472
gemma3:12b,1329,1.0,0.95,20,5,NVIDIA GH200,67.0,96.0,1,12200000000,100,4.994
gemma3:12b,1416,1.0,0.95,20,5,NVIDIA GH200,67.0,96.0,1,12200000000,61,3.228
gemma3:12b,1435,1.0,0.95,20,5,NVIDIA GH200,67.0,96.0,1,12200000000,61,3.163
gemma3:12b,1459,1.0,0.95,20,5,NVIDIA GH200,67.0,96.0,1,12200000000,52,1.826
gemma3:12b,1431,1.0,0.95,20,5,NVIDIA GH200,67.0,96.0,1,12200000000,76,3.327
gemma3:12b,1432,1.0,0.95,20,5,NVIDIA GH200,67.0,96.0,1,12200000000,103,6.002
gemma3:12b,2436,1.0,0.95,20,5,NVIDIA GH200,67.0,96.0,1,12200000000,47,3.759
gemma3:12b,2374,1.0,0.95,20,5,NVIDIA GH200,67.0,96.0,1,12200000000,52,4.055
gemma3:12b,2385,1.0,0.95,20,5,NVIDIA GH200,67.0,96.0,1,12200000000,116,6.589
gemma3:12b,2432,1.0,0.95,20,5,NVIDIA GH200,67.0,96.0,1,12200000000,130,6.593
gemma3:12b,2460,1.0,0.95,20,5,NVIDIA GH200,67.0,96.0,1,12200000000,95,4.84
gemma3:12b,2528,1.0,0.95,20,5,NVIDIA GH200,67.0,96.0,1,12200000000,102,5.429
gemma3:12b,2563,1.0,0.95,20,5,NVIDIA GH200,67.0,96.0,1,12200000000,50,3.394
gemma3:12b,2488,1.0,0.95,20,5,NVIDIA GH200,67.0,96.0,1,12200000000,127,7.015
gemma3:12b,2598,1.0,0.95,20,5,NVIDIA GH200,67.0,96.0,1,12200000000,60,3.597
gemma3:12b,2607,1.0,0.95,20,5,NVIDIA GH200,67.0,96.0,1,12200000000,75,5.533
gemma3:12b,2675,1.0,0.95,20,5,NVIDIA GH200,67.0,96.0,1,12200000000,82,5.029
gemma3:12b,2657,1.0,0.95,20,5,NVIDIA GH200,67.0,96.0,1,12200000000,67,3.664
gemma3:12b,2643,1.0,0.95,20,5,NVIDIA GH200,67.0,96.0,1,12200000000,114,6.798
gemma3:12b,2700,1.0,0.95,20,5,NVIDIA GH200,67.0,96.0,1,12200000000,100,5.811
gemma3:12b,2696,1.0,0.95,20,5,NVIDIA GH200,67.0,96.0,1,12200000000,121,4.948
gemma3:12b,3650,1.0,0.95,20,5,NVIDIA GH200,67.0,96.0,1,12200000000,47,3.822
gemma3:12b,3617,1.0,0.95,20,5,NVIDIA GH200,67.0,96.0,1,12200000000,78,4.832
gemma3:12b,3681,1.0,0.95,20,5,NVIDIA GH200,67.0,96.0,1,12200000000,65,3.853
gemma3:12b,3742,1.0,0.95,20,5,NVIDIA GH200,67.0,96.0,1,12200000000,58,2.939
gemma3:12b,3737,1.0,0.95,20,5,NVIDIA GH200,67.0,96.0,1,12200000000,64,3.026
gemma3:12b,3773,1.0,0.95,20,5,NVIDIA GH200,67.0,96.0,1,12200000000,96,3.58
gemma3:12b,3840,1.0,0.95,20,5,NVIDIA GH200,67.0,96.0,1,12200000000,86,3.443
gemma3:12b,3914,1.0,0.95,20,5,NVIDIA GH200,67.0,96.0,1,12200000000,120,4.142
gemma3:12b,4851,1.0,0.95,20,5,NVIDIA GH200,67.0,96.0,1,12200000000,129,4.414
gemma3:12b,4942,1.0,0.95,20,5,NVIDIA GH200,67.0,96.0,1,12200000000,103,2.799
gemma3:12b,1235,1.0,0.95,20,5,NVIDIA A100-SXM4-40GB,19.49,40.0,4,12200000000,49,2.036
gemma3:12b,1235,1.0,0.95,20,5,NVIDIA A100-SXM4-40GB,19.49,40.0,4,12200000000,49,2.033
gemma3:12b,1235,1.0,0.95,20,5,NVIDIA A100-SXM4-40GB,19.49,40.0,4,12200000000,49,2.059
gemma3:12b,1235,1.0,0.95,20,5,NVIDIA A100-SXM4-40GB,19.49,40.0,4,12200000000,51,2.05
gemma3:12b,1329,1.0,0.95,20,5,NVIDIA A100-SXM4-40GB,19.49,40.0,4,12200000000,83,2.439
gemma3:12b,1329,1.0,0.95,20,5,NVIDIA A100-SXM4-40GB,19.49,40.0,4,12200000000,83,2.332
gemma3:12b,1235,1.0,0.95,20,5,NVIDIA A100-SXM4-40GB,19.49,40.0,4,12200000000,49,2.278
gemma3:12b,1329,1.0,0.95,20,5,NVIDIA A100-SXM4-40GB,19.49,40.0,4,12200000000,76,3.074
gemma3:12b,1331,1.0,0.95,20,5,NVIDIA A100-SXM4-40GB,19.49,40.0,4,12200000000,81,2.364
gemma3:12b,1426,1.0,0.95,20,5,NVIDIA A100-SXM4-40GB,19.49,40.0,4,12200000000,71,2.174
gemma3:12b,1426,1.0,0.95,20,5,NVIDIA A100-SXM4-40GB,19.49,40.0,4,12200000000,78,2.443
gemma3:12b,1442,1.0,0.95,20,5,NVIDIA A100-SXM4-40GB,19.49,40.0,4,12200000000,56,1.945
gemma3:12b,1435,1.0,0.95,20,5,NVIDIA A100-SXM4-40GB,19.49,40.0,4,12200000000,66,2.966
gemma3:12b,1329,1.0,0.95,20,5,NVIDIA A100-SXM4-40GB,19.49,40.0,4,12200000000,77,3.207
gemma3:12b,2412,1.0,0.95,20,5,NVIDIA A100-SXM4-40GB,19.49,40.0,4,12200000000,70,2.608
gemma3:12b,2422,1.0,0.95,20,5,NVIDIA A100-SXM4-40GB,19.49,40.0,4,12200000000,116,3.31
gemma3:12b,2405,1.0,0.95,20,5,NVIDIA A100-SXM4-40GB,19.49,40.0,4,12200000000,101,3.111
gemma3:12b,2408,1.0,0.95,20,5,NVIDIA A100-SXM4-40GB,19.49,40.0,4,12200000000,92,3.959
gemma3:12b,1420,1.0,0.95,20,5,NVIDIA A100-SXM4-40GB,19.49,40.0,4,12200000000,90,3.883
gemma3:12b,2525,1.0,0.95,20,5,NVIDIA A100-SXM4-40GB,19.49,40.0,4,12200000000,77,2.834
gemma3:12b,2581,1.0,0.95,20,5,NVIDIA A100-SXM4-40GB,19.49,40.0,4,12200000000,51,2.35
gemma3:12b,2662,1.0,0.95,20,5,NVIDIA A100-SXM4-40GB,19.49,40.0,4,12200000000,55,2.379
gemma3:12b,2632,1.0,0.95,20,5,NVIDIA A100-SXM4-40GB,19.49,40.0,4,12200000000,101,3.229
gemma3:12b,2542,1.0,0.95,20,5,NVIDIA A100-SXM4-40GB,19.49,40.0,4,12200000000,74,3.995
gemma3:12b,2418,1.0,0.95,20,5,NVIDIA A100-SXM4-40GB,19.49,40.0,4,12200000000,94,4.351
gemma3:12b,3610,1.0,0.95,20,5,NVIDIA A100-SXM4-40GB,19.49,40.0,4,12200000000,77,3.208
gemma3:12b,3638,1.0,0.95,20,5,NVIDIA A100-SXM4-40GB,19.49,40.0,4,12200000000,68,3.108
gemma3:12b,2659,1.0,0.95,20,5,NVIDIA A100-SXM4-40GB,19.49,40.0,4,12200000000,70,3.872
gemma3:12b,2555,1.0,0.95,20,5,NVIDIA A100-SXM4-40GB,19.49,40.0,4,12200000000,91,3.883
gemma3:12b,3701,1.0,0.95,20,5,NVIDIA A100-SXM4-40GB,19.49,40.0,4,12200000000,143,4.19
gemma3:12b,2676,1.0,0.95,20,5,NVIDIA A100-SXM4-40GB,19.49,40.0,4,12200000000,62,2.507
gemma3:12b,3749,1.0,0.95,20,5,NVIDIA A100-SXM4-40GB,19.49,40.0,4,12200000000,139,4.223
gemma3:12b,3641,1.0,0.95,20,5,NVIDIA A100-SXM4-40GB,19.49,40.0,4,12200000000,47,2.823
gemma3:12b,4596,1.0,0.95,20,5,NVIDIA A100-SXM4-40GB,19.49,40.0,4,12200000000,69,3.586
gemma3:12b,4679,1.0,0.95,20,5,NVIDIA A100-SXM4-40GB,19.49,40.0,4,12200000000,80,3.7
gemma3:12b,1235,1.0,0.95,20,10,NVIDIA GH200,67.0,96.0,1,12200000000,49,4.109
gemma3:12b,1235,1.0,0.95,20,10,NVIDIA GH200,67.0,96.0,1,12200000000,49,4.133
gemma3:12b,1235,1.0,0.95,20,10,NVIDIA GH200,67.0,96.0,1,12200000000,49,3.966
gemma3:12b,1235,1.0,0.95,20,10,NVIDIA GH200,67.0,96.0,1,12200000000,50,3.355
gemma3:12b,1235,1.0,0.95,20,10,NVIDIA GH200,67.0,96.0,1,12200000000,49,4.076
gemma3:12b,1235,1.0,0.95,20,10,NVIDIA GH200,67.0,96.0,1,12200000000,50,3.635
gemma3:12b,1235,1.0,0.95,20,10,NVIDIA GH200,67.0,96.0,1,12200000000,50,4.124
gemma3:12b,1235,1.0,0.95,20,10,NVIDIA GH200,67.0,96.0,1,12200000000,49,3.78
gemma3:12b,1235,1.0,0.95,20,10,NVIDIA GH200,67.0,96.0,1,12200000000,49,3.598
gemma3:12b,1235,1.0,0.95,20,10,NVIDIA GH200,67.0,96.0,1,12200000000,49,2.859
gemma3:12b,1329,1.0,0.95,20,10,NVIDIA GH200,67.0,96.0,1,12200000000,62,4.573
gemma3:12b,1329,1.0,0.95,20,10,NVIDIA GH200,67.0,96.0,1,12200000000,71,4.747
gemma3:12b,1329,1.0,0.95,20,10,NVIDIA GH200,67.0,96.0,1,12200000000,76,4.915
gemma3:12b,1330,1.0,0.95,20,10,NVIDIA GH200,67.0,96.0,1,12200000000,76,5.094
gemma3:12b,1329,1.0,0.95,20,10,NVIDIA GH200,67.0,96.0,1,12200000000,80,5.249
gemma3:12b,1329,1.0,0.95,20,10,NVIDIA GH200,67.0,96.0,1,12200000000,77,5.228
gemma3:12b,1330,1.0,0.95,20,10,NVIDIA GH200,67.0,96.0,1,12200000000,80,6.799
gemma3:12b,1330,1.0,0.95,20,10,NVIDIA GH200,67.0,96.0,1,12200000000,86,6.868
gemma3:12b,1329,1.0,0.95,20,10,NVIDIA GH200,67.0,96.0,1,12200000000,90,6.978
gemma3:12b,1329,1.0,0.95,20,10,NVIDIA GH200,67.0,96.0,1,12200000000,111,8.5
gemma3:12b,1436,1.0,0.95,20,10,NVIDIA GH200,67.0,96.0,1,12200000000,67,4.6
gemma3:12b,1435,1.0,0.95,20,10,NVIDIA GH200,67.0,96.0,1,12200000000,68,4.804
gemma3:12b,1424,1.0,0.95,20,10,NVIDIA GH200,67.0,96.0,1,12200000000,61,3.245
gemma3:12b,1423,1.0,0.95,20,10,NVIDIA GH200,67.0,96.0,1,12200000000,81,4.894
gemma3:12b,1405,1.0,0.95,20,10,NVIDIA GH200,67.0,96.0,1,12200000000,86,5.593
gemma3:12b,1420,1.0,0.95,20,10,NVIDIA GH200,67.0,96.0,1,12200000000,98,7.875
gemma3:12b,1430,1.0,0.95,20,10,NVIDIA GH200,67.0,96.0,1,12200000000,83,6.274
gemma3:12b,1414,1.0,0.95,20,10,NVIDIA GH200,67.0,96.0,1,12200000000,130,10.107
gemma3:12b,1433,1.0,0.95,20,10,NVIDIA GH200,67.0,96.0,1,12200000000,118,7.986
gemma3:12b,2378,1.0,0.95,20,10,NVIDIA GH200,67.0,96.0,1,12200000000,54,6.595
gemma3:12b,2399,1.0,0.95,20,10,NVIDIA GH200,67.0,96.0,1,12200000000,54,6.447
gemma3:12b,2428,1.0,0.95,20,10,NVIDIA GH200,67.0,96.0,1,12200000000,55,6.723
gemma3:12b,2406,1.0,0.95,20,10,NVIDIA GH200,67.0,96.0,1,12200000000,50,4.772
gemma3:12b,1470,1.0,0.95,20,10,NVIDIA GH200,67.0,96.0,1,12200000000,147,11.365
gemma3:12b,2425,1.0,0.95,20,10,NVIDIA GH200,67.0,96.0,1,12200000000,71,6.674
gemma3:12b,2428,1.0,0.95,20,10,NVIDIA GH200,67.0,96.0,1,12200000000,98,10.001
gemma3:12b,2429,1.0,0.95,20,10,NVIDIA GH200,67.0,96.0,1,12200000000,113,11.266
gemma3:12b,2496,1.0,0.95,20,10,NVIDIA GH200,67.0,96.0,1,12200000000,77,6.236
gemma3:12b,2458,1.0,0.95,20,10,NVIDIA GH200,67.0,96.0,1,12200000000,111,8.054
gemma3:12b,2451,1.0,0.95,20,10,NVIDIA GH200,67.0,96.0,1,12200000000,115,8.304
gemma3:12b,2528,1.0,0.95,20,10,NVIDIA GH200,67.0,96.0,1,12200000000,96,8.473
gemma3:12b,2540,1.0,0.95,20,10,NVIDIA GH200,67.0,96.0,1,12200000000,59,5.239
gemma3:12b,2475,1.0,0.95,20,10,NVIDIA GH200,67.0,96.0,1,12200000000,116,10.035
gemma3:12b,2499,1.0,0.95,20,10,NVIDIA GH200,67.0,96.0,1,12200000000,113,8.773
gemma3:12b,2584,1.0,0.95,20,10,NVIDIA GH200,67.0,96.0,1,12200000000,58,5.414
gemma3:12b,2510,1.0,0.95,20,10,NVIDIA GH200,67.0,96.0,1,12200000000,88,7.064
gemma3:12b,2603,1.0,0.95,20,10,NVIDIA GH200,67.0,96.0,1,12200000000,66,6.932
gemma3:12b,2596,1.0,0.95,20,10,NVIDIA GH200,67.0,96.0,1,12200000000,86,7.642
gemma3:12b,2599,1.0,0.95,20,10,NVIDIA GH200,67.0,96.0,1,12200000000,86,8.069
gemma3:12b,2644,1.0,0.95,20,10,NVIDIA GH200,67.0,96.0,1,12200000000,86,7.028
gemma3:12b,2633,1.0,0.95,20,10,NVIDIA GH200,67.0,96.0,1,12200000000,80,5.771
gemma3:12b,2638,1.0,0.95,20,10,NVIDIA GH200,67.0,96.0,1,12200000000,113,7.869
gemma3:12b,2683,1.0,0.95,20,10,NVIDIA GH200,67.0,96.0,1,12200000000,83,6.417
gemma3:12b,2654,1.0,0.95,20,10,NVIDIA GH200,67.0,96.0,1,12200000000,105,8.585
gemma3:12b,3577,1.0,0.95,20,10,NVIDIA GH200,67.0,96.0,1,12200000000,103,7.343
gemma3:12b,3619,1.0,0.95,20,10,NVIDIA GH200,67.0,96.0,1,12200000000,76,5.185
gemma3:12b,3655,1.0,0.95,20,10,NVIDIA GH200,67.0,96.0,1,12200000000,88,5.52
gemma3:12b,2699,1.0,0.95,20,10,NVIDIA GH200,67.0,96.0,1,12200000000,112,6.674
gemma3:12b,3644,1.0,0.95,20,10,NVIDIA GH200,67.0,96.0,1,12200000000,96,5.713
gemma3:12b,3652,1.0,0.95,20,10,NVIDIA GH200,67.0,96.0,1,12200000000,98,4.979
gemma3:12b,3736,1.0,0.95,20,10,NVIDIA GH200,67.0,96.0,1,12200000000,96,4.53
gemma3:12b,3764,1.0,0.95,20,10,NVIDIA GH200,67.0,96.0,1,12200000000,84,3.495
gemma3:12b,3767,1.0,0.95,20,10,NVIDIA GH200,67.0,96.0,1,12200000000,136,5.288
gemma3:12b,3871,1.0,0.95,20,10,NVIDIA GH200,67.0,96.0,1,12200000000,138,4.144
gemma3:12b,3948,1.0,0.95,20,10,NVIDIA GH200,67.0,96.0,1,12200000000,116,2.792
gemma3:12b,1235,1.0,0.95,20,10,NVIDIA A100-SXM4-40GB,19.49,40.0,4,12200000000,49,2.204
gemma3:12b,1235,1.0,0.95,20,10,NVIDIA A100-SXM4-40GB,19.49,40.0,4,12200000000,57,2.812
gemma3:12b,1235,1.0,0.95,20,10,NVIDIA A100-SXM4-40GB,19.49,40.0,4,12200000000,49,2.597
gemma3:12b,1235,1.0,0.95,20,10,NVIDIA A100-SXM4-40GB,19.49,40.0,4,12200000000,49,2.487
gemma3:12b,1235,1.0,0.95,20,10,NVIDIA A100-SXM4-40GB,19.49,40.0,4,12200000000,49,3.302
gemma3:12b,1235,1.0,0.95,20,10,NVIDIA A100-SXM4-40GB,19.49,40.0,4,12200000000,51,3.388
gemma3:12b,1235,1.0,0.95,20,10,NVIDIA A100-SXM4-40GB,19.49,40.0,4,12200000000,49,3.13
gemma3:12b,1235,1.0,0.95,20,10,NVIDIA A100-SXM4-40GB,19.49,40.0,4,12200000000,51,3.421
gemma3:12b,1235,1.0,0.95,20,10,NVIDIA A100-SXM4-40GB,19.49,40.0,4,12200000000,49,3.375
gemma3:12b,1235,1.0,0.95,20,10,NVIDIA A100-SXM4-40GB,19.49,40.0,4,12200000000,49,3.232
gemma3:12b,1329,1.0,0.95,20,10,NVIDIA A100-SXM4-40GB,19.49,40.0,4,12200000000,59,2.708
gemma3:12b,1337,1.0,0.95,20,10,NVIDIA A100-SXM4-40GB,19.49,40.0,4,12200000000,76,2.973
gemma3:12b,1329,1.0,0.95,20,10,NVIDIA A100-SXM4-40GB,19.49,40.0,4,12200000000,77,3.111
gemma3:12b,1329,1.0,0.95,20,10,NVIDIA A100-SXM4-40GB,19.49,40.0,4,12200000000,76,3.089
gemma3:12b,1329,1.0,0.95,20,10,NVIDIA A100-SXM4-40GB,19.49,40.0,4,12200000000,71,3.876
gemma3:12b,1331,1.0,0.95,20,10,NVIDIA A100-SXM4-40GB,19.49,40.0,4,12200000000,80,4.091
gemma3:12b,1329,1.0,0.95,20,10,NVIDIA A100-SXM4-40GB,19.49,40.0,4,12200000000,88,4.178
gemma3:12b,1329,1.0,0.95,20,10,NVIDIA A100-SXM4-40GB,19.49,40.0,4,12200000000,80,4.039
gemma3:12b,1331,1.0,0.95,20,10,NVIDIA A100-SXM4-40GB,19.49,40.0,4,12200000000,92,4.42
gemma3:12b,1329,1.0,0.95,20,10,NVIDIA A100-SXM4-40GB,19.49,40.0,4,12200000000,95,4.427
gemma3:12b,1418,1.0,0.95,20,10,NVIDIA A100-SXM4-40GB,19.49,40.0,4,12200000000,50,2.633
gemma3:12b,1420,1.0,0.95,20,10,NVIDIA A100-SXM4-40GB,19.49,40.0,4,12200000000,75,3.11
gemma3:12b,1435,1.0,0.95,20,10,NVIDIA A100-SXM4-40GB,19.49,40.0,4,12200000000,102,3.477
gemma3:12b,1443,1.0,0.95,20,10,NVIDIA A100-SXM4-40GB,19.49,40.0,4,12200000000,88,3.754
gemma3:12b,1414,1.0,0.95,20,10,NVIDIA A100-SXM4-40GB,19.49,40.0,4,12200000000,75,3.952
gemma3:12b,1447,1.0,0.95,20,10,NVIDIA A100-SXM4-40GB,19.49,40.0,4,12200000000,81,3.829
gemma3:12b,2346,1.0,0.95,20,10,NVIDIA A100-SXM4-40GB,19.49,40.0,4,12200000000,52,3.182
gemma3:12b,1425,1.0,0.95,20,10,NVIDIA A100-SXM4-40GB,19.49,40.0,4,12200000000,83,3.973
gemma3:12b,1437,1.0,0.95,20,10,NVIDIA A100-SXM4-40GB,19.49,40.0,4,12200000000,69,3.571
gemma3:12b,1423,1.0,0.95,20,10,NVIDIA A100-SXM4-40GB,19.49,40.0,4,12200000000,76,3.94
gemma3:12b,2388,1.0,0.95,20,10,NVIDIA A100-SXM4-40GB,19.49,40.0,4,12200000000,54,3.284
gemma3:12b,2444,1.0,0.95,20,10,NVIDIA A100-SXM4-40GB,19.49,40.0,4,12200000000,57,2.925
gemma3:12b,2438,1.0,0.95,20,10,NVIDIA A100-SXM4-40GB,19.49,40.0,4,12200000000,129,4.794
gemma3:12b,1438,1.0,0.95,20,10,NVIDIA A100-SXM4-40GB,19.49,40.0,4,12200000000,146,6.718
gemma3:12b,2441,1.0,0.95,20,10,NVIDIA A100-SXM4-40GB,19.49,40.0,4,12200000000,95,3.28
gemma3:12b,2414,1.0,0.95,20,10,NVIDIA A100-SXM4-40GB,19.49,40.0,4,12200000000,59,3.657
gemma3:12b,2435,1.0,0.95,20,10,NVIDIA A100-SXM4-40GB,19.49,40.0,4,12200000000,79,5.01
gemma3:12b,2485,1.0,0.95,20,10,NVIDIA A100-SXM4-40GB,19.49,40.0,4,12200000000,60,3.916
gemma3:12b,2396,1.0,0.95,20,10,NVIDIA A100-SXM4-40GB,19.49,40.0,4,12200000000,98,5.59
gemma3:12b,2406,1.0,0.95,20,10,NVIDIA A100-SXM4-40GB,19.49,40.0,4,12200000000,91,5.476
gemma3:12b,3404,1.0,0.95,20,10,NVIDIA A100-SXM4-40GB,19.49,40.0,4,12200000000,84,4.727
gemma3:12b,2612,1.0,0.95,20,10,NVIDIA A100-SXM4-40GB,19.49,40.0,4,12200000000,72,3.863
gemma3:12b,3377,1.0,0.95,20,10,NVIDIA A100-SXM4-40GB,19.49,40.0,4,12200000000,63,3.925
gemma3:12b,2415,1.0,0.95,20,10,NVIDIA A100-SXM4-40GB,19.49,40.0,4,12200000000,116,7.918
gemma3:12b,2566,1.0,0.95,20,10,NVIDIA A100-SXM4-40GB,19.49,40.0,4,12200000000,126,5.442
gemma3:12b,2587,1.0,0.95,20,10,NVIDIA A100-SXM4-40GB,19.49,40.0,4,12200000000,88,4.578
gemma3:12b,3533,1.0,0.95,20,10,NVIDIA A100-SXM4-40GB,19.49,40.0,4,12200000000,89,3.867
gemma3:12b,2714,1.0,0.95,20,10,NVIDIA A100-SXM4-40GB,19.49,40.0,4,12200000000,136,3.893
gemma3:12b,2511,1.0,0.95,20,10,NVIDIA A100-SXM4-40GB,19.49,40.0,4,12200000000,110,5.303
gemma3:12b,3417,1.0,0.95,20,10,NVIDIA A100-SXM4-40GB,19.49,40.0,4,12200000000,94,6.022
gemma3:12b,4344,1.0,0.95,20,10,NVIDIA A100-SXM4-40GB,19.49,40.0,4,12200000000,63,3.487
gemma3:12b,2508,1.0,0.95,20,10,NVIDIA A100-SXM4-40GB,19.49,40.0,4,12200000000,123,5.998
gemma3:12b,2576,1.0,0.95,20,10,NVIDIA A100-SXM4-40GB,19.49,40.0,4,12200000000,90,4.96
gemma3:12b,3758,1.0,0.95,20,10,NVIDIA A100-SXM4-40GB,19.49,40.0,4,12200000000,87,3.285
gemma3:12b,3652,1.0,0.95,20,10,NVIDIA A100-SXM4-40GB,19.49,40.0,4,12200000000,120,5.327
gemma3:12b,3553,1.0,0.95,20,10,NVIDIA A100-SXM4-40GB,19.49,40.0,4,12200000000,121,5.505
gemma3:12b,3556,1.0,0.95,20,10,NVIDIA A100-SXM4-40GB,19.49,40.0,4,12200000000,74,4.375
gemma3:12b,5311,1.0,0.95,20,10,NVIDIA A100-SXM4-40GB,19.49,40.0,4,12200000000,63,4.643
gemma3:12b,2680,1.0,0.95,20,10,NVIDIA A100-SXM4-40GB,19.49,40.0,4,12200000000,122,5.254
gemma3:12b,2666,1.0,0.95,20,10,NVIDIA A100-SXM4-40GB,19.49,40.0,4,12200000000,119,7.975
gemma3:12b,3660,1.0,0.95,20,10,NVIDIA A100-SXM4-40GB,19.49,40.0,4,12200000000,93,3.799
gemma3:12b,6278,1.0,0.95,20,10,NVIDIA A100-SXM4-40GB,19.49,40.0,4,12200000000,63,4.145
gemma3:12b,4631,1.0,0.95,20,10,NVIDIA A100-SXM4-40GB,19.49,40.0,4,12200000000,95,4.0
gemma3:12b,7245,1.0,0.95,20,10,NVIDIA A100-SXM4-40GB,19.49,40.0,4,12200000000,63,4.363
gemma3:12b,4771,1.0,0.95,20,10,NVIDIA A100-SXM4-40GB,19.49,40.0,4,12200000000,110,4.231
gemma3:12b,8212,1.0,0.95,20,10,NVIDIA A100-SXM4-40GB,19.49,40.0,4,12200000000,63,4.672
gemma3:12b,9179,1.0,0.95,20,10,NVIDIA A100-SXM4-40GB,19.49,40.0,4,12200000000,66,4.785
gemma3:12b,10150,1.0,0.95,20,10,NVIDIA A100-SXM4-40GB,19.49,40.0,4,12200000000,126,5.811
gemma3:12b,10290,1.0,0.95,20,10,NVIDIA A100-SXM4-40GB,19.49,40.0,4,12200000000,129,5.922
gemma3:12b,10450,1.0,0.95,20,10,NVIDIA A100-SXM4-40GB,19.49,40.0,4,12200000000,87,5.183
gemma3:12b,11436,1.0,0.95,20,10,NVIDIA A100-SXM4-40GB,19.49,40.0,4,12200000000,66,4.861
gemma3:12b,12406,1.0,0.95,20,10,NVIDIA A100-SXM4-40GB,19.49,40.0,4,12200000000,67,4.835
gemma3:12b,13378,1.0,0.95,20,10,NVIDIA A100-SXM4-40GB,19.49,40.0,4,12200000000,95,5.288
gemma3:12b,1235,1.0,1.0,20,1,NVIDIA GH200,67.0,96.0,1,12200000000,52,1.34
gemma3:12b,1332,1.0,1.0,20,1,NVIDIA GH200,67.0,96.0,1,12200000000,76,1.555
gemma3:12b,1438,1.0,1.0,20,1,NVIDIA GH200,67.0,96.0,1,12200000000,81,1.673
gemma3:12b,2397,1.0,1.0,20,1,NVIDIA GH200,67.0,96.0,1,12200000000,56,1.546
gemma3:12b,2496,1.0,1.0,20,1,NVIDIA GH200,67.0,96.0,1,12200000000,109,2.126
gemma3:12b,1235,1.0,1.0,20,1,NVIDIA A100-SXM4-40GB,19.49,40.0,4,12200000000,50,2.026
gemma3:12b,1330,1.0,1.0,20,1,NVIDIA A100-SXM4-40GB,19.49,40.0,4,12200000000,112,3.008
gemma3:12b,1472,1.0,1.0,20,1,NVIDIA A100-SXM4-40GB,19.49,40.0,4,12200000000,73,2.338
gemma3:12b,2423,1.0,1.0,20,1,NVIDIA A100-SXM4-40GB,19.49,40.0,4,12200000000,54,2.435
gemma3:12b,2520,1.0,1.0,20,1,NVIDIA A100-SXM4-40GB,19.49,40.0,4,12200000000,96,3.074
gemma3:12b,2646,1.0,1.0,20,1,NVIDIA A100-SXM4-40GB,19.49,40.0,4,12200000000,94,3.15
gemma3:12b,3645,1.0,1.0,20,1,NVIDIA A100-SXM4-40GB,19.49,40.0,4,12200000000,72,3.127
gemma3:12b,3747,1.0,1.0,20,1,NVIDIA A100-SXM4-40GB,19.49,40.0,4,12200000000,134,4.167
gemma3:12b,3917,1.0,1.0,20,1,NVIDIA A100-SXM4-40GB,19.49,40.0,4,12200000000,71,3.086
gemma3:12b,1235,1.0,1.0,20,5,NVIDIA GH200,67.0,96.0,1,12200000000,50,2.774
gemma3:12b,1235,1.0,1.0,20,5,NVIDIA GH200,67.0,96.0,1,12200000000,49,2.457
gemma3:12b,1235,1.0,1.0,20,5,NVIDIA GH200,67.0,96.0,1,12200000000,50,2.473
gemma3:12b,1235,1.0,1.0,20,5,NVIDIA GH200,67.0,96.0,1,12200000000,50,2.264
gemma3:12b,1235,1.0,1.0,20,5,NVIDIA GH200,67.0,96.0,1,12200000000,57,2.844
gemma3:12b,1330,1.0,1.0,20,5,NVIDIA GH200,67.0,96.0,1,12200000000,83,3.472
gemma3:12b,1337,1.0,1.0,20,5,NVIDIA GH200,67.0,96.0,1,12200000000,80,3.424
gemma3:12b,1330,1.0,1.0,20,5,NVIDIA GH200,67.0,96.0,1,12200000000,87,3.672
gemma3:12b,1330,1.0,1.0,20,5,NVIDIA GH200,67.0,96.0,1,12200000000,86,3.54
gemma3:12b,1329,1.0,1.0,20,5,NVIDIA GH200,67.0,96.0,1,12200000000,92,3.619
gemma3:12b,1443,1.0,1.0,20,5,NVIDIA GH200,67.0,96.0,1,12200000000,11,2.051
gemma3:12b,1451,1.0,1.0,20,5,NVIDIA GH200,67.0,96.0,1,12200000000,48,2.732
gemma3:12b,1431,1.0,1.0,20,5,NVIDIA GH200,67.0,96.0,1,12200000000,73,3.682
gemma3:12b,1430,1.0,1.0,20,5,NVIDIA GH200,67.0,96.0,1,12200000000,74,3.7
gemma3:12b,1431,1.0,1.0,20,5,NVIDIA GH200,67.0,96.0,1,12200000000,86,3.9
gemma3:12b,2377,1.0,1.0,20,5,NVIDIA GH200,67.0,96.0,1,12200000000,55,3.344
gemma3:12b,2412,1.0,1.0,20,5,NVIDIA GH200,67.0,96.0,1,12200000000,57,3.484
gemma3:12b,2412,1.0,1.0,20,5,NVIDIA GH200,67.0,96.0,1,12200000000,78,3.768
gemma3:12b,2424,1.0,1.0,20,5,NVIDIA GH200,67.0,96.0,1,12200000000,104,5.278
gemma3:12b,2475,1.0,1.0,20,5,NVIDIA GH200,67.0,96.0,1,12200000000,70,3.939
gemma3:12b,3394,1.0,1.0,20,5,NVIDIA GH200,67.0,96.0,1,12200000000,107,4.462
gemma3:12b,2512,1.0,1.0,20,5,NVIDIA GH200,67.0,96.0,1,12200000000,110,4.746
gemma3:12b,2570,1.0,1.0,20,5,NVIDIA GH200,67.0,96.0,1,12200000000,70,2.836
gemma3:12b,2588,1.0,1.0,20,5,NVIDIA GH200,67.0,96.0,1,12200000000,97,3.716
gemma3:12b,2664,1.0,1.0,20,5,NVIDIA GH200,67.0,96.0,1,12200000000,78,3.627
gemma3:12b,3593,1.0,1.0,20,5,NVIDIA GH200,67.0,96.0,1,12200000000,67,3.055
gemma3:12b,2682,1.0,1.0,20,5,NVIDIA GH200,67.0,96.0,1,12200000000,123,5.077
gemma3:12b,3707,1.0,1.0,20,5,NVIDIA GH200,67.0,96.0,1,12200000000,80,3.452
gemma3:12b,3649,1.0,1.0,20,5,NVIDIA GH200,67.0,96.0,1,12200000000,138,5.277
gemma3:12b,3712,1.0,1.0,20,5,NVIDIA GH200,67.0,96.0,1,12200000000,106,3.896
gemma3:12b,3806,1.0,1.0,20,5,NVIDIA GH200,67.0,96.0,1,12200000000,87,3.009
gemma3:12b,3829,1.0,1.0,20,5,NVIDIA GH200,67.0,96.0,1,12200000000,116,3.657
gemma3:12b,3912,1.0,1.0,20,5,NVIDIA GH200,67.0,96.0,1,12200000000,80,2.181
gemma3:12b,4893,1.0,1.0,20,5,NVIDIA GH200,67.0,96.0,1,12200000000,53,2.077
gemma3:12b,4986,1.0,1.0,20,5,NVIDIA GH200,67.0,96.0,1,12200000000,200,3.804
gemma3:12b,1235,1.0,1.0,20,5,NVIDIA A100-SXM4-40GB,19.49,40.0,4,12200000000,50,1.978
gemma3:12b,1235,1.0,1.0,20,5,NVIDIA A100-SXM4-40GB,19.49,40.0,4,12200000000,49,2.6
gemma3:12b,1235,1.0,1.0,20,5,NVIDIA A100-SXM4-40GB,19.49,40.0,4,12200000000,49,1.934
gemma3:12b,1235,1.0,1.0,20,5,NVIDIA A100-SXM4-40GB,19.49,40.0,4,12200000000,57,2.771
gemma3:12b,1235,1.0,1.0,20,5,NVIDIA A100-SXM4-40GB,19.49,40.0,4,12200000000,50,2.04
gemma3:12b,1329,1.0,1.0,20,5,NVIDIA A100-SXM4-40GB,19.49,40.0,4,12200000000,86,2.453
gemma3:12b,1330,1.0,1.0,20,5,NVIDIA A100-SXM4-40GB,19.49,40.0,4,12200000000,111,2.934
gemma3:12b,1329,1.0,1.0,20,5,NVIDIA A100-SXM4-40GB,19.49,40.0,4,12200000000,75,3.095
gemma3:12b,1337,1.0,1.0,20,5,NVIDIA A100-SXM4-40GB,19.49,40.0,4,12200000000,77,3.008
gemma3:12b,1330,1.0,1.0,20,5,NVIDIA A100-SXM4-40GB,19.49,40.0,4,12200000000,82,2.36
gemma3:12b,1455,1.0,1.0,20,5,NVIDIA A100-SXM4-40GB,19.49,40.0,4,12200000000,51,1.93
gemma3:12b,1429,1.0,1.0,20,5,NVIDIA A100-SXM4-40GB,19.49,40.0,4,12200000000,108,2.836
gemma3:12b,1455,1.0,1.0,20,5,NVIDIA A100-SXM4-40GB,19.49,40.0,4,12200000000,82,2.474
gemma3:12b,1418,1.0,1.0,20,5,NVIDIA A100-SXM4-40GB,19.49,40.0,4,12200000000,86,3.368
gemma3:12b,2414,1.0,1.0,20,5,NVIDIA A100-SXM4-40GB,19.49,40.0,4,12200000000,56,2.375
gemma3:12b,1428,1.0,1.0,20,5,NVIDIA A100-SXM4-40GB,19.49,40.0,4,12200000000,112,3.801
gemma3:12b,2430,1.0,1.0,20,5,NVIDIA A100-SXM4-40GB,19.49,40.0,4,12200000000,52,2.269
gemma3:12b,2445,1.0,1.0,20,5,NVIDIA A100-SXM4-40GB,19.49,40.0,4,12200000000,69,2.609
gemma3:12b,2513,1.0,1.0,20,5,NVIDIA A100-SXM4-40GB,19.49,40.0,4,12200000000,74,2.681
gemma3:12b,2448,1.0,1.0,20,5,NVIDIA A100-SXM4-40GB,19.49,40.0,4,12200000000,50,2.997
gemma3:12b,2411,1.0,1.0,20,5,NVIDIA A100-SXM4-40GB,19.49,40.0,4,12200000000,71,3.669
gemma3:12b,2544,1.0,1.0,20,5,NVIDIA A100-SXM4-40GB,19.49,40.0,4,12200000000,48,2.341
gemma3:12b,2525,1.0,1.0,20,5,NVIDIA A100-SXM4-40GB,19.49,40.0,4,12200000000,102,3.197
gemma3:12b,2629,1.0,1.0,20,5,NVIDIA A100-SXM4-40GB,19.49,40.0,4,12200000000,75,2.807
gemma3:12b,2672,1.0,1.0,20,5,NVIDIA A100-SXM4-40GB,19.49,40.0,4,12200000000,66,2.678
gemma3:12b,2637,1.0,1.0,20,5,NVIDIA A100-SXM4-40GB,19.49,40.0,4,12200000000,98,3.187
gemma3:12b,3385,1.0,1.0,20,5,NVIDIA A100-SXM4-40GB,19.49,40.0,4,12200000000,62,3.97
gemma3:12b,2541,1.0,1.0,20,5,NVIDIA A100-SXM4-40GB,19.49,40.0,4,12200000000,82,4.308
gemma3:12b,3582,1.0,1.0,20,5,NVIDIA A100-SXM4-40GB,19.49,40.0,4,12200000000,133,4.128
gemma3:12b,3616,1.0,1.0,20,5,NVIDIA A100-SXM4-40GB,19.49,40.0,4,12200000000,102,3.504
gemma3:12b,2661,1.0,1.0,20,5,NVIDIA A100-SXM4-40GB,19.49,40.0,4,12200000000,14,2.261
gemma3:12b,3461,1.0,1.0,20,5,NVIDIA A100-SXM4-40GB,19.49,40.0,4,12200000000,129,4.882
gemma3:12b,3760,1.0,1.0,20,5,NVIDIA A100-SXM4-40GB,19.49,40.0,4,12200000000,118,3.781
gemma3:12b,1235,1.0,1.0,20,10,NVIDIA GH200,67.0,96.0,1,12200000000,50,4.136
gemma3:12b,1235,1.0,1.0,20,10,NVIDIA GH200,67.0,96.0,1,12200000000,49,4.113
gemma3:12b,1235,1.0,1.0,20,10,NVIDIA GH200,67.0,96.0,1,12200000000,49,3.958
gemma3:12b,1235,1.0,1.0,20,10,NVIDIA GH200,67.0,96.0,1,12200000000,49,4.073
gemma3:12b,1235,1.0,1.0,20,10,NVIDIA GH200,67.0,96.0,1,12200000000,49,4.176
gemma3:12b,1235,1.0,1.0,20,10,NVIDIA GH200,67.0,96.0,1,12200000000,50,3.554
gemma3:12b,1235,1.0,1.0,20,10,NVIDIA GH200,67.0,96.0,1,12200000000,50,3.801
gemma3:12b,1235,1.0,1.0,20,10,NVIDIA GH200,67.0,96.0,1,12200000000,50,3.391
gemma3:12b,1235,1.0,1.0,20,10,NVIDIA GH200,67.0,96.0,1,12200000000,49,3.413
gemma3:12b,1235,1.0,1.0,20,10,NVIDIA GH200,67.0,96.0,1,12200000000,57,3.214
gemma3:12b,1329,1.0,1.0,20,10,NVIDIA GH200,67.0,96.0,1,12200000000,77,4.887
gemma3:12b,1330,1.0,1.0,20,10,NVIDIA GH200,67.0,96.0,1,12200000000,77,4.862
gemma3:12b,1337,1.0,1.0,20,10,NVIDIA GH200,67.0,96.0,1,12200000000,76,4.752
gemma3:12b,1330,1.0,1.0,20,10,NVIDIA GH200,67.0,96.0,1,12200000000,83,5.001
gemma3:12b,1329,1.0,1.0,20,10,NVIDIA GH200,67.0,96.0,1,12200000000,93,6.137
gemma3:12b,1329,1.0,1.0,20,10,NVIDIA GH200,67.0,96.0,1,12200000000,96,6.88
gemma3:12b,1329,1.0,1.0,20,10,NVIDIA GH200,67.0,96.0,1,12200000000,108,7.019
gemma3:12b,1330,1.0,1.0,20,10,NVIDIA GH200,67.0,96.0,1,12200000000,108,7.317
gemma3:12b,1329,1.0,1.0,20,10,NVIDIA GH200,67.0,96.0,1,12200000000,107,7.453
gemma3:12b,1330,1.0,1.0,20,10,NVIDIA GH200,67.0,96.0,1,12200000000,111,8.516
gemma3:12b,1427,1.0,1.0,20,10,NVIDIA GH200,67.0,96.0,1,12200000000,51,4.625
gemma3:12b,1452,1.0,1.0,20,10,NVIDIA GH200,67.0,96.0,1,12200000000,50,3.531
gemma3:12b,1443,1.0,1.0,20,10,NVIDIA GH200,67.0,96.0,1,12200000000,83,6.446
gemma3:12b,1420,1.0,1.0,20,10,NVIDIA GH200,67.0,96.0,1,12200000000,95,6.721
gemma3:12b,1437,1.0,1.0,20,10,NVIDIA GH200,67.0,96.0,1,12200000000,94,6.839
gemma3:12b,1455,1.0,1.0,20,10,NVIDIA GH200,67.0,96.0,1,12200000000,62,4.427
gemma3:12b,1452,1.0,1.0,20,10,NVIDIA GH200,67.0,96.0,1,12200000000,92,6.502
gemma3:12b,1466,1.0,1.0,20,10,NVIDIA GH200,67.0,96.0,1,12200000000,86,6.509
gemma3:12b,1439,1.0,1.0,20,10,NVIDIA GH200,67.0,96.0,1,12200000000,101,7.447
gemma3:12b,2433,1.0,1.0,20,10,NVIDIA GH200,67.0,96.0,1,12200000000,42,4.478
gemma3:12b,2425,1.0,1.0,20,10,NVIDIA GH200,67.0,96.0,1,12200000000,56,4.273
gemma3:12b,2409,1.0,1.0,20,10,NVIDIA GH200,67.0,96.0,1,12200000000,113,8.507
gemma3:12b,2385,1.0,1.0,20,10,NVIDIA GH200,67.0,96.0,1,12200000000,131,9.624
gemma3:12b,2422,1.0,1.0,20,10,NVIDIA GH200,67.0,96.0,1,12200000000,105,7.775
gemma3:12b,2438,1.0,1.0,20,10,NVIDIA GH200,67.0,96.0,1,12200000000,104,7.661
gemma3:12b,2459,1.0,1.0,20,10,NVIDIA GH200,67.0,96.0,1,12200000000,89,5.44
gemma3:12b,2447,1.0,1.0,20,10,NVIDIA GH200,67.0,96.0,1,12200000000,119,8.096
gemma3:12b,3379,1.0,1.0,20,10,NVIDIA GH200,67.0,96.0,1,12200000000,76,6.619
gemma3:12b,2564,1.0,1.0,20,10,NVIDIA GH200,67.0,96.0,1,12200000000,74,6.149
gemma3:12b,2530,1.0,1.0,20,10,NVIDIA GH200,67.0,96.0,1,12200000000,93,6.721
gemma3:12b,2524,1.0,1.0,20,10,NVIDIA GH200,67.0,96.0,1,12200000000,138,8.856
gemma3:12b,2587,1.0,1.0,20,10,NVIDIA GH200,67.0,96.0,1,12200000000,105,6.713
gemma3:12b,2541,1.0,1.0,20,10,NVIDIA GH200,67.0,96.0,1,12200000000,136,8.711
gemma3:12b,3451,1.0,1.0,20,10,NVIDIA GH200,67.0,96.0,1,12200000000,125,8.688
gemma3:12b,3500,1.0,1.0,20,10,NVIDIA GH200,67.0,96.0,1,12200000000,146,7.539
gemma3:12b,2704,1.0,1.0,20,10,NVIDIA GH200,67.0,96.0,1,12200000000,78,4.248
gemma3:12b,2683,1.0,1.0,20,10,NVIDIA GH200,67.0,96.0,1,12200000000,133,6.188
gemma3:12b,3621,1.0,1.0,20,10,NVIDIA GH200,67.0,96.0,1,12200000000,73,3.656
gemma3:12b,2653,1.0,1.0,20,10,NVIDIA GH200,67.0,96.0,1,12200000000,149,7.057
gemma3:12b,3675,1.0,1.0,20,10,NVIDIA GH200,67.0,96.0,1,12200000000,54,3.068
gemma3:12b,3724,1.0,1.0,20,10,NVIDIA GH200,67.0,96.0,1,12200000000,127,4.386
gemma3:12b,3772,1.0,1.0,20,10,NVIDIA GH200,67.0,96.0,1,12200000000,136,4.611
gemma3:12b,4759,1.0,1.0,20,10,NVIDIA GH200,67.0,96.0,1,12200000000,127,4.635
gemma3:12b,3938,1.0,1.0,20,10,NVIDIA GH200,67.0,96.0,1,12200000000,127,4.476
gemma3:12b,4931,1.0,1.0,20,10,NVIDIA GH200,67.0,96.0,1,12200000000,125,3.549
gemma3:12b,1467,1.0,1.0,20,10,NVIDIA GH200,67.0,96.0,1,12200000000,919,40.089
gemma3:12b,5101,1.0,1.0,20,10,NVIDIA GH200,67.0,96.0,1,12200000000,125,3.399
gemma3:12b,6134,1.0,1.0,20,10,NVIDIA GH200,67.0,96.0,1,12200000000,125,3.279
gemma3:12b,6304,1.0,1.0,20,10,NVIDIA GH200,67.0,96.0,1,12200000000,127,3.349
gemma3:12b,6476,1.0,1.0,20,10,NVIDIA GH200,67.0,96.0,1,12200000000,127,3.394
gemma3:12b,7511,1.0,1.0,20,10,NVIDIA GH200,67.0,96.0,1,12200000000,125,3.63
gemma3:12b,7681,1.0,1.0,20,10,NVIDIA GH200,67.0,96.0,1,12200000000,127,3.676
gemma3:12b,7853,1.0,1.0,20,10,NVIDIA GH200,67.0,96.0,1,12200000000,125,3.67
gemma3:12b,8886,1.0,1.0,20,10,NVIDIA GH200,67.0,96.0,1,12200000000,71,3.015
gemma3:12b,9002,1.0,1.0,20,10,NVIDIA GH200,67.0,96.0,1,12200000000,90,3.134
gemma3:12b,1235,1.0,1.0,20,10,NVIDIA A100-SXM4-40GB,19.49,40.0,4,12200000000,50,2.642
gemma3:12b,1235,1.0,1.0,20,10,NVIDIA A100-SXM4-40GB,19.49,40.0,4,12200000000,50,2.653
gemma3:12b,1235,1.0,1.0,20,10,NVIDIA A100-SXM4-40GB,19.49,40.0,4,12200000000,50,2.702
gemma3:12b,1235,1.0,1.0,20,10,NVIDIA A100-SXM4-40GB,19.49,40.0,4,12200000000,49,2.158
gemma3:12b,1235,1.0,1.0,20,10,NVIDIA A100-SXM4-40GB,19.49,40.0,4,12200000000,49,3.088
gemma3:12b,1235,1.0,1.0,20,10,NVIDIA A100-SXM4-40GB,19.49,40.0,4,12200000000,50,3.322
gemma3:12b,1235,1.0,1.0,20,10,NVIDIA A100-SXM4-40GB,19.49,40.0,4,12200000000,50,3.076
gemma3:12b,1235,1.0,1.0,20,10,NVIDIA A100-SXM4-40GB,19.49,40.0,4,12200000000,50,2.371
gemma3:12b,1235,1.0,1.0,20,10,NVIDIA A100-SXM4-40GB,19.49,40.0,4,12200000000,50,3.206
gemma3:12b,1235,1.0,1.0,20,10,NVIDIA A100-SXM4-40GB,19.49,40.0,4,12200000000,49,2.99
gemma3:12b,1330,1.0,1.0,20,10,NVIDIA A100-SXM4-40GB,19.49,40.0,4,12200000000,85,3.244
gemma3:12b,1329,1.0,1.0,20,10,NVIDIA A100-SXM4-40GB,19.49,40.0,4,12200000000,99,3.389
gemma3:12b,1330,1.0,1.0,20,10,NVIDIA A100-SXM4-40GB,19.49,40.0,4,12200000000,108,3.713
gemma3:12b,1330,1.0,1.0,20,10,NVIDIA A100-SXM4-40GB,19.49,40.0,4,12200000000,77,3.968
gemma3:12b,1329,1.0,1.0,20,10,NVIDIA A100-SXM4-40GB,19.49,40.0,4,12200000000,98,4.299
gemma3:12b,1330,1.0,1.0,20,10,NVIDIA A100-SXM4-40GB,19.49,40.0,4,12200000000,80,3.858
gemma3:12b,1330,1.0,1.0,20,10,NVIDIA A100-SXM4-40GB,19.49,40.0,4,12200000000,85,4.116
gemma3:12b,1330,1.0,1.0,20,10,NVIDIA A100-SXM4-40GB,19.49,40.0,4,12200000000,81,3.54
gemma3:12b,1330,1.0,1.0,20,10,NVIDIA A100-SXM4-40GB,19.49,40.0,4,12200000000,153,5.147
gemma3:12b,1429,1.0,1.0,20,10,NVIDIA A100-SXM4-40GB,19.49,40.0,4,12200000000,61,2.882
gemma3:12b,1458,1.0,1.0,20,10,NVIDIA A100-SXM4-40GB,19.49,40.0,4,12200000000,66,2.766
gemma3:12b,1452,1.0,1.0,20,10,NVIDIA A100-SXM4-40GB,19.49,40.0,4,12200000000,68,2.917
gemma3:12b,1329,1.0,1.0,20,10,NVIDIA A100-SXM4-40GB,19.49,40.0,4,12200000000,108,5.153
gemma3:12b,1445,1.0,1.0,20,10,NVIDIA A100-SXM4-40GB,19.49,40.0,4,12200000000,40,3.128
gemma3:12b,1441,1.0,1.0,20,10,NVIDIA A100-SXM4-40GB,19.49,40.0,4,12200000000,62,3.668
gemma3:12b,1497,1.0,1.0,20,10,NVIDIA A100-SXM4-40GB,19.49,40.0,4,12200000000,100,3.873
gemma3:12b,2413,1.0,1.0,20,10,NVIDIA A100-SXM4-40GB,19.49,40.0,4,12200000000,55,2.598
gemma3:12b,1425,1.0,1.0,20,10,NVIDIA A100-SXM4-40GB,19.49,40.0,4,12200000000,88,4.39
gemma3:12b,1421,1.0,1.0,20,10,NVIDIA A100-SXM4-40GB,19.49,40.0,4,12200000000,76,4.789
gemma3:12b,2402,1.0,1.0,20,10,NVIDIA A100-SXM4-40GB,19.49,40.0,4,12200000000,52,3.243
gemma3:12b,1424,1.0,1.0,20,10,NVIDIA A100-SXM4-40GB,19.49,40.0,4,12200000000,84,4.865
gemma3:12b,2398,1.0,1.0,20,10,NVIDIA A100-SXM4-40GB,19.49,40.0,4,12200000000,75,3.805
gemma3:12b,2420,1.0,1.0,20,10,NVIDIA A100-SXM4-40GB,19.49,40.0,4,12200000000,45,2.492
gemma3:12b,2411,1.0,1.0,20,10,NVIDIA A100-SXM4-40GB,19.49,40.0,4,12200000000,56,3.66
gemma3:12b,1467,1.0,1.0,20,10,NVIDIA A100-SXM4-40GB,19.49,40.0,4,12200000000,132,5.722
gemma3:12b,2363,1.0,1.0,20,10,NVIDIA A100-SXM4-40GB,19.49,40.0,4,12200000000,54,4.389
gemma3:12b,2511,1.0,1.0,20,10,NVIDIA A100-SXM4-40GB,19.49,40.0,4,12200000000,83,3.9
gemma3:12b,2505,1.0,1.0,20,10,NVIDIA A100-SXM4-40GB,19.49,40.0,4,12200000000,102,4.312
gemma3:12b,2497,1.0,1.0,20,10,NVIDIA A100-SXM4-40GB,19.49,40.0,4,12200000000,80,3.909
gemma3:12b,2404,1.0,1.0,20,10,NVIDIA A100-SXM4-40GB,19.49,40.0,4,12200000000,87,5.304
gemma3:12b,2415,1.0,1.0,20,10,NVIDIA A100-SXM4-40GB,19.49,40.0,4,12200000000,101,5.296
gemma3:12b,2460,1.0,1.0,20,10,NVIDIA A100-SXM4-40GB,19.49,40.0,4,12200000000,61,3.164
gemma3:12b,2518,1.0,1.0,20,10,NVIDIA A100-SXM4-40GB,19.49,40.0,4,12200000000,159,5.763
gemma3:12b,2639,1.0,1.0,20,10,NVIDIA A100-SXM4-40GB,19.49,40.0,4,12200000000,76,2.784
gemma3:12b,2615,1.0,1.0,20,10,NVIDIA A100-SXM4-40GB,19.49,40.0,4,12200000000,45,2.179
gemma3:12b,3368,1.0,1.0,20,10,NVIDIA A100-SXM4-40GB,19.49,40.0,4,12200000000,48,4.964
gemma3:12b,2551,1.0,1.0,20,10,NVIDIA A100-SXM4-40GB,19.49,40.0,4,12200000000,67,3.156
gemma3:12b,2506,1.0,1.0,20,10,NVIDIA A100-SXM4-40GB,19.49,40.0,4,12200000000,83,6.494
gemma3:12b,2536,1.0,1.0,20,10,NVIDIA A100-SXM4-40GB,19.49,40.0,4,12200000000,106,4.377
gemma3:12b,3593,1.0,1.0,20,10,NVIDIA A100-SXM4-40GB,19.49,40.0,4,12200000000,120,3.72
gemma3:12b,2510,1.0,1.0,20,10,NVIDIA A100-SXM4-40GB,19.49,40.0,4,12200000000,113,8.37
gemma3:12b,3511,1.0,1.0,20,10,NVIDIA A100-SXM4-40GB,19.49,40.0,4,12200000000,109,3.603
gemma3:12b,3461,1.0,1.0,20,10,NVIDIA A100-SXM4-40GB,19.49,40.0,4,12200000000,111,6.583
gemma3:12b,2665,1.0,1.0,20,10,NVIDIA A100-SXM4-40GB,19.49,40.0,4,12200000000,79,3.541
gemma3:12b,2634,1.0,1.0,20,10,NVIDIA A100-SXM4-40GB,19.49,40.0,4,12200000000,117,8.015
gemma3:12b,2796,1.0,1.0,20,10,NVIDIA A100-SXM4-40GB,19.49,40.0,4,12200000000,97,4.019
gemma3:12b,3637,1.0,1.0,20,10,NVIDIA A100-SXM4-40GB,19.49,40.0,4,12200000000,132,7.178
gemma3:12b,3586,1.0,1.0,20,10,NVIDIA A100-SXM4-40GB,19.49,40.0,4,12200000000,178,9.876
gemma3:12b,3799,1.0,1.0,20,10,NVIDIA A100-SXM4-40GB,19.49,40.0,4,12200000000,107,4.008
gemma3:12b,3951,1.0,1.0,20,10,NVIDIA A100-SXM4-40GB,19.49,40.0,4,12200000000,173,4.926
gemma3:12b,1235,1.0,0.9,50,1,NVIDIA GH200,67.0,96.0,1,12200000000,49,1.229
gemma3:12b,1329,1.0,0.9,50,1,NVIDIA GH200,67.0,96.0,1,12200000000,77,1.49
gemma3:12b,1420,1.0,0.9,50,1,NVIDIA GH200,67.0,96.0,1,12200000000,101,1.752
gemma3:12b,2428,1.0,0.9,50,1,NVIDIA GH200,67.0,96.0,1,12200000000,96,1.964
gemma3:12b,2538,1.0,0.9,50,1,NVIDIA GH200,67.0,96.0,1,12200000000,101,1.95
gemma3:12b,1235,1.0,0.9,50,1,NVIDIA A100-SXM4-40GB,19.49,40.0,4,12200000000,49,2.095
gemma3:12b,1329,1.0,0.9,50,1,NVIDIA A100-SXM4-40GB,19.49,40.0,4,12200000000,63,2.211
gemma3:12b,1422,1.0,0.9,50,1,NVIDIA A100-SXM4-40GB,19.49,40.0,4,12200000000,91,2.744
gemma3:12b,2391,1.0,0.9,50,1,NVIDIA A100-SXM4-40GB,19.49,40.0,4,12200000000,56,2.468
gemma3:12b,2490,1.0,0.9,50,1,NVIDIA A100-SXM4-40GB,19.49,40.0,4,12200000000,104,3.362
gemma3:12b,2636,1.0,0.9,50,1,NVIDIA A100-SXM4-40GB,19.49,40.0,4,12200000000,77,2.885
gemma3:12b,3618,1.0,0.9,50,1,NVIDIA A100-SXM4-40GB,19.49,40.0,4,12200000000,81,3.348
gemma3:12b,3740,1.0,0.9,50,1,NVIDIA A100-SXM4-40GB,19.49,40.0,4,12200000000,82,3.319
gemma3:12b,1235,1.0,0.9,50,5,NVIDIA GH200,67.0,96.0,1,12200000000,49,2.767
gemma3:12b,1235,1.0,0.9,50,5,NVIDIA GH200,67.0,96.0,1,12200000000,50,2.809
gemma3:12b,1235,1.0,0.9,50,5,NVIDIA GH200,67.0,96.0,1,12200000000,49,2.515
gemma3:12b,1235,1.0,0.9,50,5,NVIDIA GH200,67.0,96.0,1,12200000000,51,2.373
gemma3:12b,1235,1.0,0.9,50,5,NVIDIA GH200,67.0,96.0,1,12200000000,57,2.45
gemma3:12b,1329,1.0,0.9,50,5,NVIDIA GH200,67.0,96.0,1,12200000000,66,3.175
gemma3:12b,1330,1.0,0.9,50,5,NVIDIA GH200,67.0,96.0,1,12200000000,78,3.415
gemma3:12b,1337,1.0,0.9,50,5,NVIDIA GH200,67.0,96.0,1,12200000000,80,3.783
gemma3:12b,1331,1.0,0.9,50,5,NVIDIA GH200,67.0,96.0,1,12200000000,93,4.49
gemma3:12b,1329,1.0,0.9,50,5,NVIDIA GH200,67.0,96.0,1,12200000000,94,4.587
gemma3:12b,1425,1.0,0.9,50,5,NVIDIA GH200,67.0,96.0,1,12200000000,86,3.62
gemma3:12b,1454,1.0,0.9,50,5,NVIDIA GH200,67.0,96.0,1,12200000000,49,2.172
gemma3:12b,1422,1.0,0.9,50,5,NVIDIA GH200,67.0,96.0,1,12200000000,91,3.412
gemma3:12b,1431,1.0,0.9,50,5,NVIDIA GH200,67.0,96.0,1,12200000000,79,2.955
gemma3:12b,1437,1.0,0.9,50,5,NVIDIA GH200,67.0,96.0,1,12200000000,107,4.66
gemma3:12b,2396,1.0,0.9,50,5,NVIDIA GH200,67.0,96.0,1,12200000000,56,3.393
gemma3:12b,2417,1.0,0.9,50,5,NVIDIA GH200,67.0,96.0,1,12200000000,63,3.27
gemma3:12b,2418,1.0,0.9,50,5,NVIDIA GH200,67.0,96.0,1,12200000000,76,3.62
gemma3:12b,2452,1.0,0.9,50,5,NVIDIA GH200,67.0,96.0,1,12200000000,64,3.86
gemma3:12b,3397,1.0,0.9,50,5,NVIDIA GH200,67.0,96.0,1,12200000000,47,3.07
gemma3:12b,3383,1.0,0.9,50,5,NVIDIA GH200,67.0,96.0,1,12200000000,55,3.388
gemma3:12b,2495,1.0,0.9,50,5,NVIDIA GH200,67.0,96.0,1,12200000000,144,6.238
gemma3:12b,3489,1.0,0.9,50,5,NVIDIA GH200,67.0,96.0,1,12200000000,57,2.947
gemma3:12b,3483,1.0,0.9,50,5,NVIDIA GH200,67.0,96.0,1,12200000000,80,3.421
gemma3:12b,3577,1.0,0.9,50,5,NVIDIA GH200,67.0,96.0,1,12200000000,85,3.412
gemma3:12b,2684,1.0,0.9,50,5,NVIDIA GH200,67.0,96.0,1,12200000000,89,4.037
gemma3:12b,3560,1.0,0.9,50,5,NVIDIA GH200,67.0,96.0,1,12200000000,94,4.066
gemma3:12b,3651,1.0,0.9,50,5,NVIDIA GH200,67.0,96.0,1,12200000000,65,4.137
gemma3:12b,4561,1.0,0.9,50,5,NVIDIA GH200,67.0,96.0,1,12200000000,111,4.805
gemma3:12b,4570,1.0,0.9,50,5,NVIDIA GH200,67.0,96.0,1,12200000000,122,4.989
gemma3:12b,1235,1.0,0.9,50,5,NVIDIA A100-SXM4-40GB,19.49,40.0,4,12200000000,49,1.909
gemma3:12b,1235,1.0,0.9,50,5,NVIDIA A100-SXM4-40GB,19.49,40.0,4,12200000000,49,2.536
gemma3:12b,1235,1.0,0.9,50,5,NVIDIA A100-SXM4-40GB,19.49,40.0,4,12200000000,49,1.973
gemma3:12b,1235,1.0,0.9,50,5,NVIDIA A100-SXM4-40GB,19.49,40.0,4,12200000000,51,1.976
gemma3:12b,1235,1.0,0.9,50,5,NVIDIA A100-SXM4-40GB,19.49,40.0,4,12200000000,51,2.662
gemma3:12b,1329,1.0,0.9,50,5,NVIDIA A100-SXM4-40GB,19.49,40.0,4,12200000000,97,2.648
gemma3:12b,1329,1.0,0.9,50,5,NVIDIA A100-SXM4-40GB,19.49,40.0,4,12200000000,56,2.654
gemma3:12b,1331,1.0,0.9,50,5,NVIDIA A100-SXM4-40GB,19.49,40.0,4,12200000000,81,2.3
gemma3:12b,1329,1.0,0.9,50,5,NVIDIA A100-SXM4-40GB,19.49,40.0,4,12200000000,84,2.457
gemma3:12b,1456,1.0,0.9,50,5,NVIDIA A100-SXM4-40GB,19.49,40.0,4,12200000000,89,2.546
gemma3:12b,1331,1.0,0.9,50,5,NVIDIA A100-SXM4-40GB,19.49,40.0,4,12200000000,78,3.144
gemma3:12b,1443,1.0,0.9,50,5,NVIDIA A100-SXM4-40GB,19.49,40.0,4,12200000000,64,2.128
gemma3:12b,1455,1.0,0.9,50,5,NVIDIA A100-SXM4-40GB,19.49,40.0,4,12200000000,75,2.296
gemma3:12b,1399,1.0,0.9,50,5,NVIDIA A100-SXM4-40GB,19.49,40.0,4,12200000000,67,2.935
gemma3:12b,2385,1.0,0.9,50,5,NVIDIA A100-SXM4-40GB,19.49,40.0,4,12200000000,55,2.367
gemma3:12b,2452,1.0,0.9,50,5,NVIDIA A100-SXM4-40GB,19.49,40.0,4,12200000000,83,2.847
gemma3:12b,1423,1.0,0.9,50,5,NVIDIA A100-SXM4-40GB,19.49,40.0,4,12200000000,60,3.138
gemma3:12b,2374,1.0,0.9,50,5,NVIDIA A100-SXM4-40GB,19.49,40.0,4,12200000000,57,2.599
gemma3:12b,2438,1.0,0.9,50,5,NVIDIA A100-SXM4-40GB,19.49,40.0,4,12200000000,108,3.146
gemma3:12b,2580,1.0,0.9,50,5,NVIDIA A100-SXM4-40GB,19.49,40.0,4,12200000000,82,2.843
gemma3:12b,2483,1.0,0.9,50,5,NVIDIA A100-SXM4-40GB,19.49,40.0,4,12200000000,126,3.664
gemma3:12b,2391,1.0,0.9,50,5,NVIDIA A100-SXM4-40GB,19.49,40.0,4,12200000000,66,3.718
gemma3:12b,2576,1.0,0.9,50,5,NVIDIA A100-SXM4-40GB,19.49,40.0,4,12200000000,108,3.211
gemma3:12b,2474,1.0,0.9,50,5,NVIDIA A100-SXM4-40GB,19.49,40.0,4,12200000000,70,3.266
gemma3:12b,2651,1.0,0.9,50,5,NVIDIA A100-SXM4-40GB,19.49,40.0,4,12200000000,69,2.781
gemma3:12b,2500,1.0,0.9,50,5,NVIDIA A100-SXM4-40GB,19.49,40.0,4,12200000000,84,3.026
gemma3:12b,2714,1.0,0.9,50,5,NVIDIA A100-SXM4-40GB,19.49,40.0,4,12200000000,108,3.224
gemma3:12b,3624,1.0,0.9,50,5,NVIDIA A100-SXM4-40GB,19.49,40.0,4,12200000000,109,3.745
gemma3:12b,2629,1.0,0.9,50,5,NVIDIA A100-SXM4-40GB,19.49,40.0,4,12200000000,127,3.795
gemma3:12b,3715,1.0,0.9,50,5,NVIDIA A100-SXM4-40GB,19.49,40.0,4,12200000000,108,3.698
gemma3:12b,3774,1.0,0.9,50,5,NVIDIA A100-SXM4-40GB,19.49,40.0,4,12200000000,103,3.728
gemma3:12b,3853,1.0,0.9,50,5,NVIDIA A100-SXM4-40GB,19.49,40.0,4,12200000000,106,3.658
gemma3:12b,3907,1.0,0.9,50,5,NVIDIA A100-SXM4-40GB,19.49,40.0,4,12200000000,95,3.597
gemma3:12b,3989,1.0,0.9,50,5,NVIDIA A100-SXM4-40GB,19.49,40.0,4,12200000000,108,3.841
gemma3:12b,4895,1.0,0.9,50,5,NVIDIA A100-SXM4-40GB,19.49,40.0,4,12200000000,128,4.612
gemma3:12b,4990,1.0,0.9,50,5,NVIDIA A100-SXM4-40GB,19.49,40.0,4,12200000000,108,4.211
gemma3:12b,5128,1.0,0.9,50,5,NVIDIA A100-SXM4-40GB,19.49,40.0,4,12200000000,108,4.321
gemma3:12b,5266,1.0,0.9,50,5,NVIDIA A100-SXM4-40GB,19.49,40.0,4,12200000000,108,4.341
gemma3:12b,6267,1.0,0.9,50,5,NVIDIA A100-SXM4-40GB,19.49,40.0,4,12200000000,108,4.709
gemma3:12b,6405,1.0,0.9,50,5,NVIDIA A100-SXM4-40GB,19.49,40.0,4,12200000000,108,4.78
gemma3:12b,6543,1.0,0.9,50,5,NVIDIA A100-SXM4-40GB,19.49,40.0,4,12200000000,108,4.842
gemma3:12b,7544,1.0,0.9,50,5,NVIDIA A100-SXM4-40GB,19.49,40.0,4,12200000000,106,5.175
gemma3:12b,7680,1.0,0.9,50,5,NVIDIA A100-SXM4-40GB,19.49,40.0,4,12200000000,106,5.224
gemma3:12b,7816,1.0,0.9,50,5,NVIDIA A100-SXM4-40GB,19.49,40.0,4,12200000000,42,4.06
gemma3:12b,1235,1.0,0.9,50,10,NVIDIA GH200,67.0,96.0,1,12200000000,49,4.055
gemma3:12b,1235,1.0,0.9,50,10,NVIDIA GH200,67.0,96.0,1,12200000000,50,4.017
gemma3:12b,1235,1.0,0.9,50,10,NVIDIA GH200,67.0,96.0,1,12200000000,50,4.013
gemma3:12b,1235,1.0,0.9,50,10,NVIDIA GH200,67.0,96.0,1,12200000000,50,3.88
gemma3:12b,1235,1.0,0.9,50,10,NVIDIA GH200,67.0,96.0,1,12200000000,51,4.118
gemma3:12b,1235,1.0,0.9,50,10,NVIDIA GH200,67.0,96.0,1,12200000000,49,3.48
gemma3:12b,1235,1.0,0.9,50,10,NVIDIA GH200,67.0,96.0,1,12200000000,51,3.505
gemma3:12b,1235,1.0,0.9,50,10,NVIDIA GH200,67.0,96.0,1,12200000000,49,3.379
gemma3:12b,1235,1.0,0.9,50,10,NVIDIA GH200,67.0,96.0,1,12200000000,51,3.61
gemma3:12b,1235,1.0,0.9,50,10,NVIDIA GH200,67.0,96.0,1,12200000000,53,3.56
gemma3:12b,1330,1.0,0.9,50,10,NVIDIA GH200,67.0,96.0,1,12200000000,56,4.42
gemma3:12b,1333,1.0,0.9,50,10,NVIDIA GH200,67.0,96.0,1,12200000000,59,4.432
gemma3:12b,1329,1.0,0.9,50,10,NVIDIA GH200,67.0,96.0,1,12200000000,68,4.896
gemma3:12b,1329,1.0,0.9,50,10,NVIDIA GH200,67.0,96.0,1,12200000000,74,5.197
gemma3:12b,1330,1.0,0.9,50,10,NVIDIA GH200,67.0,96.0,1,12200000000,76,6.083
gemma3:12b,1331,1.0,0.9,50,10,NVIDIA GH200,67.0,96.0,1,12200000000,78,6.042
gemma3:12b,1330,1.0,0.9,50,10,NVIDIA GH200,67.0,96.0,1,12200000000,80,6.155
gemma3:12b,1331,1.0,0.9,50,10,NVIDIA GH200,67.0,96.0,1,12200000000,80,6.139
gemma3:12b,1329,1.0,0.9,50,10,NVIDIA GH200,67.0,96.0,1,12200000000,82,6.21
gemma3:12b,1331,1.0,0.9,50,10,NVIDIA GH200,67.0,96.0,1,12200000000,89,6.596
gemma3:12b,1400,1.0,0.9,50,10,NVIDIA GH200,67.0,96.0,1,12200000000,69,5.087
gemma3:12b,1422,1.0,0.9,50,10,NVIDIA GH200,67.0,96.0,1,12200000000,76,5.111
gemma3:12b,1433,1.0,0.9,50,10,NVIDIA GH200,67.0,96.0,1,12200000000,71,4.51
gemma3:12b,1441,1.0,0.9,50,10,NVIDIA GH200,67.0,96.0,1,12200000000,55,3.48
gemma3:12b,1411,1.0,0.9,50,10,NVIDIA GH200,67.0,96.0,1,12200000000,76,4.814
gemma3:12b,1424,1.0,0.9,50,10,NVIDIA GH200,67.0,96.0,1,12200000000,69,6.393
gemma3:12b,1425,1.0,0.9,50,10,NVIDIA GH200,67.0,96.0,1,12200000000,72,6.451
gemma3:12b,1450,1.0,0.9,50,10,NVIDIA GH200,67.0,96.0,1,12200000000,90,7.361
gemma3:12b,1423,1.0,0.9,50,10,NVIDIA GH200,67.0,96.0,1,12200000000,96,8.243
gemma3:12b,1436,1.0,0.9,50,10,NVIDIA GH200,67.0,96.0,1,12200000000,109,9.519
gemma3:12b,2377,1.0,0.9,50,10,NVIDIA GH200,67.0,96.0,1,12200000000,56,6.613
gemma3:12b,2405,1.0,0.9,50,10,NVIDIA GH200,67.0,96.0,1,12200000000,52,4.833
gemma3:12b,2411,1.0,0.9,50,10,NVIDIA GH200,67.0,96.0,1,12200000000,73,7.797
gemma3:12b,2405,1.0,0.9,50,10,NVIDIA GH200,67.0,96.0,1,12200000000,78,7.818
gemma3:12b,2427,1.0,0.9,50,10,NVIDIA GH200,67.0,96.0,1,12200000000,56,5.322
gemma3:12b,2476,1.0,0.9,50,10,NVIDIA GH200,67.0,96.0,1,12200000000,39,3.669
gemma3:12b,2403,1.0,0.9,50,10,NVIDIA GH200,67.0,96.0,1,12200000000,110,10.254
gemma3:12b,2447,1.0,0.9,50,10,NVIDIA GH200,67.0,96.0,1,12200000000,79,6.769
gemma3:12b,2395,1.0,0.9,50,10,NVIDIA GH200,67.0,96.0,1,12200000000,125,12.786
gemma3:12b,2400,1.0,0.9,50,10,NVIDIA GH200,67.0,96.0,1,12200000000,116,10.253
gemma3:12b,2452,1.0,0.9,50,10,NVIDIA GH200,67.0,96.0,1,12200000000,96,8.688
gemma3:12b,2553,1.0,0.9,50,10,NVIDIA GH200,67.0,96.0,1,12200000000,35,3.946
gemma3:12b,2513,1.0,0.9,50,10,NVIDIA GH200,67.0,96.0,1,12200000000,80,7.88
gemma3:12b,2529,1.0,0.9,50,10,NVIDIA GH200,67.0,96.0,1,12200000000,99,8.688
gemma3:12b,2555,1.0,0.9,50,10,NVIDIA GH200,67.0,96.0,1,12200000000,91,7.163
gemma3:12b,2526,1.0,0.9,50,10,NVIDIA GH200,67.0,96.0,1,12200000000,99,7.501
gemma3:12b,2556,1.0,0.9,50,10,NVIDIA GH200,67.0,96.0,1,12200000000,100,7.117
gemma3:12b,2500,1.0,0.9,50,10,NVIDIA GH200,67.0,96.0,1,12200000000,151,12.188
gemma3:12b,2623,1.0,0.9,50,10,NVIDIA GH200,67.0,96.0,1,12200000000,80,5.584
gemma3:12b,2530,1.0,0.9,50,10,NVIDIA GH200,67.0,96.0,1,12200000000,131,8.149
gemma3:12b,2563,1.0,0.9,50,10,NVIDIA GH200,67.0,96.0,1,12200000000,137,8.668
gemma3:12b,2578,1.0,0.9,50,10,NVIDIA GH200,67.0,96.0,1,12200000000,113,7.001
gemma3:12b,2667,1.0,0.9,50,10,NVIDIA GH200,67.0,96.0,1,12200000000,66,6.515
gemma3:12b,2690,1.0,0.9,50,10,NVIDIA GH200,67.0,96.0,1,12200000000,82,7.216
gemma3:12b,2701,1.0,0.9,50,10,NVIDIA GH200,67.0,96.0,1,12200000000,101,8.109
gemma3:12b,2695,1.0,0.9,50,10,NVIDIA GH200,67.0,96.0,1,12200000000,72,6.317
gemma3:12b,3596,1.0,0.9,50,10,NVIDIA GH200,67.0,96.0,1,12200000000,73,6.545
gemma3:12b,3638,1.0,0.9,50,10,NVIDIA GH200,67.0,96.0,1,12200000000,69,5.213
gemma3:12b,2721,1.0,0.9,50,10,NVIDIA GH200,67.0,96.0,1,12200000000,122,8.541
gemma3:12b,3660,1.0,0.9,50,10,NVIDIA GH200,67.0,96.0,1,12200000000,59,4.206
gemma3:12b,3677,1.0,0.9,50,10,NVIDIA GH200,67.0,96.0,1,12200000000,128,6.808
gemma3:12b,3699,1.0,0.9,50,10,NVIDIA GH200,67.0,96.0,1,12200000000,73,3.686
gemma3:12b,2742,1.0,0.9,50,10,NVIDIA GH200,67.0,96.0,1,12200000000,188,10.163
gemma3:12b,3748,1.0,0.9,50,10,NVIDIA GH200,67.0,96.0,1,12200000000,96,4.678
gemma3:12b,3802,1.0,0.9,50,10,NVIDIA GH200,67.0,96.0,1,12200000000,73,4.174
gemma3:12b,3850,1.0,0.9,50,10,NVIDIA GH200,67.0,96.0,1,12200000000,81,4.39
gemma3:12b,3884,1.0,0.9,50,10,NVIDIA GH200,67.0,96.0,1,12200000000,130,5.301
gemma3:12b,4768,1.0,0.9,50,10,NVIDIA GH200,67.0,96.0,1,12200000000,86,3.87
gemma3:12b,3976,1.0,0.9,50,10,NVIDIA GH200,67.0,96.0,1,12200000000,107,3.901
gemma3:12b,4884,1.0,0.9,50,10,NVIDIA GH200,67.0,96.0,1,12200000000,88,2.501
gemma3:12b,5002,1.0,0.9,50,10,NVIDIA GH200,67.0,96.0,1,12200000000,88,2.529
gemma3:12b,5983,1.0,0.9,50,10,NVIDIA GH200,67.0,96.0,1,12200000000,84,2.73
gemma3:12b,6097,1.0,0.9,50,10,NVIDIA GH200,67.0,96.0,1,12200000000,86,2.776
gemma3:12b,6213,1.0,0.9,50,10,NVIDIA GH200,67.0,96.0,1,12200000000,88,2.819
gemma3:12b,7194,1.0,0.9,50,10,NVIDIA GH200,67.0,96.0,1,12200000000,86,3.048
gemma3:12b,7310,1.0,0.9,50,10,NVIDIA GH200,67.0,96.0,1,12200000000,86,3.08
gemma3:12b,7426,1.0,0.9,50,10,NVIDIA GH200,67.0,96.0,1,12200000000,86,3.112
gemma3:12b,8405,1.0,0.9,50,10,NVIDIA GH200,67.0,96.0,1,12200000000,86,3.222
gemma3:12b,8521,1.0,0.9,50,10,NVIDIA GH200,67.0,96.0,1,12200000000,84,3.207
gemma3:12b,8635,1.0,0.9,50,10,NVIDIA GH200,67.0,96.0,1,12200000000,88,3.246
gemma3:12b,9616,1.0,0.9,50,10,NVIDIA GH200,67.0,96.0,1,12200000000,86,3.239
gemma3:12b,9732,1.0,0.9,50,10,NVIDIA GH200,67.0,96.0,1,12200000000,84,3.213
gemma3:12b,9846,1.0,0.9,50,10,NVIDIA GH200,67.0,96.0,1,12200000000,84,3.214
gemma3:12b,10823,1.0,0.9,50,10,NVIDIA GH200,67.0,96.0,1,12200000000,84,3.231
gemma3:12b,11085,1.0,0.9,50,10,NVIDIA GH200,67.0,96.0,1,12200000000,54,2.794
gemma3:12b,1235,1.0,0.9,50,10,NVIDIA A100-SXM4-40GB,19.49,40.0,4,12200000000,50,2.644
gemma3:12b,1235,1.0,0.9,50,10,NVIDIA A100-SXM4-40GB,19.49,40.0,4,12200000000,51,2.646
gemma3:12b,1235,1.0,0.9,50,10,NVIDIA A100-SXM4-40GB,19.49,40.0,4,12200000000,51,2.675
gemma3:12b,1235,1.0,0.9,50,10,NVIDIA A100-SXM4-40GB,19.49,40.0,4,12200000000,52,2.385
gemma3:12b,1235,1.0,0.9,50,10,NVIDIA A100-SXM4-40GB,19.49,40.0,4,12200000000,51,3.375
gemma3:12b,1235,1.0,0.9,50,10,NVIDIA A100-SXM4-40GB,19.49,40.0,4,12200000000,50,3.116
gemma3:12b,1235,1.0,0.9,50,10,NVIDIA A100-SXM4-40GB,19.49,40.0,4,12200000000,51,3.429
gemma3:12b,1235,1.0,0.9,50,10,NVIDIA A100-SXM4-40GB,19.49,40.0,4,12200000000,49,3.176
gemma3:12b,1235,1.0,0.9,50,10,NVIDIA A100-SXM4-40GB,19.49,40.0,4,12200000000,51,3.045
gemma3:12b,1330,1.0,0.9,50,10,NVIDIA A100-SXM4-40GB,19.49,40.0,4,12200000000,77,3.076
gemma3:12b,1235,1.0,0.9,50,10,NVIDIA A100-SXM4-40GB,19.49,40.0,4,12200000000,49,3.292
gemma3:12b,1331,1.0,0.9,50,10,NVIDIA A100-SXM4-40GB,19.49,40.0,4,12200000000,76,3.141
gemma3:12b,1332,1.0,0.9,50,10,NVIDIA A100-SXM4-40GB,19.49,40.0,4,12200000000,80,3.116
gemma3:12b,1331,1.0,0.9,50,10,NVIDIA A100-SXM4-40GB,19.49,40.0,4,12200000000,109,4.163
gemma3:12b,1329,1.0,0.9,50,10,NVIDIA A100-SXM4-40GB,19.49,40.0,4,12200000000,56,3.416
gemma3:12b,1331,1.0,0.9,50,10,NVIDIA A100-SXM4-40GB,19.49,40.0,4,12200000000,76,4.016
gemma3:12b,1330,1.0,0.9,50,10,NVIDIA A100-SXM4-40GB,19.49,40.0,4,12200000000,80,4.084
gemma3:12b,1331,1.0,0.9,50,10,NVIDIA A100-SXM4-40GB,19.49,40.0,4,12200000000,78,4.159
gemma3:12b,1331,1.0,0.9,50,10,NVIDIA A100-SXM4-40GB,19.49,40.0,4,12200000000,78,4.343
gemma3:12b,1421,1.0,0.9,50,10,NVIDIA A100-SXM4-40GB,19.49,40.0,4,12200000000,69,2.889
gemma3:12b,1455,1.0,0.9,50,10,NVIDIA A100-SXM4-40GB,19.49,40.0,4,12200000000,78,2.926
gemma3:12b,1437,1.0,0.9,50,10,NVIDIA A100-SXM4-40GB,19.49,40.0,4,12200000000,93,3.382
gemma3:12b,1329,1.0,0.9,50,10,NVIDIA A100-SXM4-40GB,19.49,40.0,4,12200000000,78,3.902
gemma3:12b,1454,1.0,0.9,50,10,NVIDIA A100-SXM4-40GB,19.49,40.0,4,12200000000,89,3.559
gemma3:12b,1439,1.0,0.9,50,10,NVIDIA A100-SXM4-40GB,19.49,40.0,4,12200000000,49,3.42
gemma3:12b,1437,1.0,0.9,50,10,NVIDIA A100-SXM4-40GB,19.49,40.0,4,12200000000,72,3.773
gemma3:12b,1399,1.0,0.9,50,10,NVIDIA A100-SXM4-40GB,19.49,40.0,4,12200000000,83,4.028
gemma3:12b,1424,1.0,0.9,50,10,NVIDIA A100-SXM4-40GB,19.49,40.0,4,12200000000,69,3.805
gemma3:12b,2436,1.0,0.9,50,10,NVIDIA A100-SXM4-40GB,19.49,40.0,4,12200000000,50,3.312
gemma3:12b,2408,1.0,0.9,50,10,NVIDIA A100-SXM4-40GB,19.49,40.0,4,12200000000,50,3.007
gemma3:12b,1423,1.0,0.9,50,10,NVIDIA A100-SXM4-40GB,19.49,40.0,4,12200000000,93,4.628
gemma3:12b,1437,1.0,0.9,50,10,NVIDIA A100-SXM4-40GB,19.49,40.0,4,12200000000,52,3.292
gemma3:12b,2397,1.0,0.9,50,10,NVIDIA A100-SXM4-40GB,19.49,40.0,4,12200000000,119,4.601
gemma3:12b,2400,1.0,0.9,50,10,NVIDIA A100-SXM4-40GB,19.49,40.0,4,12200000000,46,2.81
gemma3:12b,2381,1.0,0.9,50,10,NVIDIA A100-SXM4-40GB,19.49,40.0,4,12200000000,54,3.377
gemma3:12b,2450,1.0,0.9,50,10,NVIDIA A100-SXM4-40GB,19.49,40.0,4,12200000000,105,4.446
gemma3:12b,2390,1.0,0.9,50,10,NVIDIA A100-SXM4-40GB,19.49,40.0,4,12200000000,60,4.495
gemma3:12b,2546,1.0,0.9,50,10,NVIDIA A100-SXM4-40GB,19.49,40.0,4,12200000000,48,3.365
gemma3:12b,2423,1.0,0.9,50,10,NVIDIA A100-SXM4-40GB,19.49,40.0,4,12200000000,53,4.459
gemma3:12b,2501,1.0,0.9,50,10,NVIDIA A100-SXM4-40GB,19.49,40.0,4,12200000000,125,5.122
gemma3:12b,3394,1.0,0.9,50,10,NVIDIA A100-SXM4-40GB,19.49,40.0,4,12200000000,128,5.261
gemma3:12b,2382,1.0,0.9,50,10,NVIDIA A100-SXM4-40GB,19.49,40.0,4,12200000000,56,4.568
gemma3:12b,3349,1.0,0.9,50,10,NVIDIA A100-SXM4-40GB,19.49,40.0,4,12200000000,48,3.85
gemma3:12b,2600,1.0,0.9,50,10,NVIDIA A100-SXM4-40GB,19.49,40.0,4,12200000000,68,3.728
gemma3:12b,2478,1.0,0.9,50,10,NVIDIA A100-SXM4-40GB,19.49,40.0,4,12200000000,88,5.537
gemma3:12b,2639,1.0,0.9,50,10,NVIDIA A100-SXM4-40GB,19.49,40.0,4,12200000000,78,4.03
gemma3:12b,3552,1.0,0.9,50,10,NVIDIA A100-SXM4-40GB,19.49,40.0,4,12200000000,30,3.375
gemma3:12b,2668,1.0,0.9,50,10,NVIDIA A100-SXM4-40GB,19.49,40.0,4,12200000000,68,4.026
gemma3:12b,3379,1.0,0.9,50,10,NVIDIA A100-SXM4-40GB,19.49,40.0,4,12200000000,49,4.215
gemma3:12b,2481,1.0,0.9,50,10,NVIDIA A100-SXM4-40GB,19.49,40.0,4,12200000000,64,4.186
gemma3:12b,3442,1.0,0.9,50,10,NVIDIA A100-SXM4-40GB,19.49,40.0,4,12200000000,80,4.463
gemma3:12b,2682,1.0,0.9,50,10,NVIDIA A100-SXM4-40GB,19.49,40.0,4,12200000000,144,5.469
gemma3:12b,2596,1.0,0.9,50,10,NVIDIA A100-SXM4-40GB,19.49,40.0,4,12200000000,97,4.769
gemma3:12b,3629,1.0,0.9,50,10,NVIDIA A100-SXM4-40GB,19.49,40.0,4,12200000000,88,3.322
gemma3:12b,3595,1.0,0.9,50,10,NVIDIA A100-SXM4-40GB,19.49,40.0,4,12200000000,128,4.186
gemma3:12b,2493,1.0,0.9,50,10,NVIDIA A100-SXM4-40GB,19.49,40.0,4,12200000000,136,9.202
gemma3:12b,3536,1.0,0.9,50,10,NVIDIA A100-SXM4-40GB,19.49,40.0,4,12200000000,60,4.455
gemma3:12b,3448,1.0,0.9,50,10,NVIDIA A100-SXM4-40GB,19.49,40.0,4,12200000000,47,5.273
gemma3:12b,3473,1.0,0.9,50,10,NVIDIA A100-SXM4-40GB,19.49,40.0,4,12200000000,78,6.643
gemma3:12b,3747,1.0,0.9,50,10,NVIDIA A100-SXM4-40GB,19.49,40.0,4,12200000000,105,3.756
gemma3:12b,3601,1.0,0.9,50,10,NVIDIA A100-SXM4-40GB,19.49,40.0,4,12200000000,113,5.695
gemma3:12b,4504,1.0,0.9,50,10,NVIDIA A100-SXM4-40GB,19.49,40.0,4,12200000000,101,4.12
gemma3:12b,2671,1.0,0.9,50,10,NVIDIA A100-SXM4-40GB,19.49,40.0,4,12200000000,86,6.181
gemma3:12b,3894,1.0,0.9,50,10,NVIDIA A100-SXM4-40GB,19.49,40.0,4,12200000000,80,3.372
gemma3:12b,3540,1.0,0.9,50,10,NVIDIA A100-SXM4-40GB,19.49,40.0,4,12200000000,78,6.62
gemma3:12b,4878,1.0,0.9,50,10,NVIDIA A100-SXM4-40GB,19.49,40.0,4,12200000000,107,4.056
gemma3:12b,3565,1.0,0.9,50,10,NVIDIA A100-SXM4-40GB,19.49,40.0,4,12200000000,125,8.027
gemma3:12b,3650,1.0,0.9,50,10,NVIDIA A100-SXM4-40GB,19.49,40.0,4,12200000000,91,5.82
gemma3:12b,4526,1.0,0.9,50,10,NVIDIA A100-SXM4-40GB,19.49,40.0,4,12200000000,54,3.554
gemma3:12b,4610,1.0,0.9,50,10,NVIDIA A100-SXM4-40GB,19.49,40.0,4,12200000000,89,5.473
gemma3:12b,3786,1.0,0.9,50,10,NVIDIA A100-SXM4-40GB,19.49,40.0,4,12200000000,111,5.853
gemma3:12b,4744,1.0,0.9,50,10,NVIDIA A100-SXM4-40GB,19.49,40.0,4,12200000000,80,3.865
gemma3:12b,5702,1.0,0.9,50,10,NVIDIA A100-SXM4-40GB,19.49,40.0,4,12200000000,138,5.031
gemma3:12b,1235,1.0,0.95,50,1,NVIDIA GH200,67.0,96.0,1,12200000000,50,1.253
gemma3:12b,1330,1.0,0.95,50,1,NVIDIA GH200,67.0,96.0,1,12200000000,114,1.928
gemma3:12b,1458,1.0,0.95,50,1,NVIDIA GH200,67.0,96.0,1,12200000000,62,1.39
gemma3:12b,2428,1.0,0.95,50,1,NVIDIA GH200,67.0,96.0,1,12200000000,119,2.205
gemma3:12b,1235,1.0,0.95,50,1,NVIDIA A100-SXM4-40GB,19.49,40.0,4,12200000000,49,2.014
gemma3:12b,1329,1.0,0.95,50,1,NVIDIA A100-SXM4-40GB,19.49,40.0,4,12200000000,76,2.397
gemma3:12b,1435,1.0,0.95,50,1,NVIDIA A100-SXM4-40GB,19.49,40.0,4,12200000000,64,2.196
gemma3:12b,2406,1.0,0.95,50,1,NVIDIA A100-SXM4-40GB,19.49,40.0,4,12200000000,65,2.624
gemma3:12b,2516,1.0,0.95,50,1,NVIDIA A100-SXM4-40GB,19.49,40.0,4,12200000000,89,3.051
gemma3:12b,2635,1.0,0.95,50,1,NVIDIA A100-SXM4-40GB,19.49,40.0,4,12200000000,94,3.181
gemma3:12b,3607,1.0,0.95,50,1,NVIDIA A100-SXM4-40GB,19.49,40.0,4,12200000000,96,3.693
gemma3:12b,3748,1.0,0.95,50,1,NVIDIA A100-SXM4-40GB,19.49,40.0,4,12200000000,113,3.908
gemma3:12b,1235,1.0,0.95,50,5,NVIDIA GH200,67.0,96.0,1,12200000000,49,2.807
gemma3:12b,1235,1.0,0.95,50,5,NVIDIA GH200,67.0,96.0,1,12200000000,49,2.74
gemma3:12b,1235,1.0,0.95,50,5,NVIDIA GH200,67.0,96.0,1,12200000000,49,2.735
gemma3:12b,1235,1.0,0.95,50,5,NVIDIA GH200,67.0,96.0,1,12200000000,49,2.756
gemma3:12b,1235,1.0,0.95,50,5,NVIDIA GH200,67.0,96.0,1,12200000000,51,2.783
gemma3:12b,1329,1.0,0.95,50,5,NVIDIA GH200,67.0,96.0,1,12200000000,63,3.117
gemma3:12b,1329,1.0,0.95,50,5,NVIDIA GH200,67.0,96.0,1,12200000000,77,3.398
gemma3:12b,1329,1.0,0.95,50,5,NVIDIA GH200,67.0,96.0,1,12200000000,75,3.357
gemma3:12b,1331,1.0,0.95,50,5,NVIDIA GH200,67.0,96.0,1,12200000000,77,3.365
gemma3:12b,1329,1.0,0.95,50,5,NVIDIA GH200,67.0,96.0,1,12200000000,76,3.62
gemma3:12b,1435,1.0,0.95,50,5,NVIDIA GH200,67.0,96.0,1,12200000000,64,2.828
gemma3:12b,1422,1.0,0.95,50,5,NVIDIA GH200,67.0,96.0,1,12200000000,65,3.368
gemma3:12b,1418,1.0,0.95,50,5,NVIDIA GH200,67.0,96.0,1,12200000000,67,3.175
gemma3:12b,1420,1.0,0.95,50,5,NVIDIA GH200,67.0,96.0,1,12200000000,82,3.427
gemma3:12b,1422,1.0,0.95,50,5,NVIDIA GH200,67.0,96.0,1,12200000000,101,5.629
gemma3:12b,2365,1.0,0.95,50,5,NVIDIA GH200,67.0,96.0,1,12200000000,54,4.015
gemma3:12b,2395,1.0,0.95,50,5,NVIDIA GH200,67.0,96.0,1,12200000000,56,3.851
gemma3:12b,2393,1.0,0.95,50,5,NVIDIA GH200,67.0,96.0,1,12200000000,72,4.759
gemma3:12b,2406,1.0,0.95,50,5,NVIDIA GH200,67.0,96.0,1,12200000000,80,6.04
gemma3:12b,2430,1.0,0.95,50,5,NVIDIA GH200,67.0,96.0,1,12200000000,54,3.532
gemma3:12b,3387,1.0,0.95,50,5,NVIDIA GH200,67.0,96.0,1,12200000000,49,2.823
gemma3:12b,2531,1.0,0.95,50,5,NVIDIA GH200,67.0,96.0,1,12200000000,65,3.122
gemma3:12b,2508,1.0,0.95,50,5,NVIDIA GH200,67.0,96.0,1,12200000000,90,4.506
gemma3:12b,2462,1.0,0.95,50,5,NVIDIA GH200,67.0,96.0,1,12200000000,112,7.243
gemma3:12b,2494,1.0,0.95,50,5,NVIDIA GH200,67.0,96.0,1,12200000000,115,7.265
gemma3:12b,2610,1.0,0.95,50,5,NVIDIA GH200,67.0,96.0,1,12200000000,64,4.565
gemma3:12b,3481,1.0,0.95,50,5,NVIDIA GH200,67.0,96.0,1,12200000000,77,5.072
gemma3:12b,2651,1.0,0.95,50,5,NVIDIA GH200,67.0,96.0,1,12200000000,76,4.599
gemma3:12b,2643,1.0,0.95,50,5,NVIDIA GH200,67.0,96.0,1,12200000000,127,7.439
gemma3:12b,2604,1.0,0.95,50,5,NVIDIA GH200,67.0,96.0,1,12200000000,112,6.061
gemma3:12b,3582,1.0,0.95,50,5,NVIDIA GH200,67.0,96.0,1,12200000000,59,3.852
gemma3:12b,3620,1.0,0.95,50,5,NVIDIA GH200,67.0,96.0,1,12200000000,72,4.365
gemma3:12b,3609,1.0,0.95,50,5,NVIDIA GH200,67.0,96.0,1,12200000000,92,4.716
gemma3:12b,3572,1.0,0.95,50,5,NVIDIA GH200,67.0,96.0,1,12200000000,170,8.163
gemma3:12b,4545,1.0,0.95,50,5,NVIDIA GH200,67.0,96.0,1,12200000000,104,4.766
gemma3:12b,3733,1.0,0.95,50,5,NVIDIA GH200,67.0,96.0,1,12200000000,67,4.421
gemma3:12b,5553,1.0,0.95,50,5,NVIDIA GH200,67.0,96.0,1,12200000000,87,4.44
gemma3:12b,3731,1.0,0.95,50,5,NVIDIA GH200,67.0,96.0,1,12200000000,90,4.744
gemma3:12b,3841,1.0,0.95,50,5,NVIDIA GH200,67.0,96.0,1,12200000000,94,3.643
gemma3:12b,3851,1.0,0.95,50,5,NVIDIA GH200,67.0,96.0,1,12200000000,135,4.22
gemma3:12b,4838,1.0,0.95,50,5,NVIDIA GH200,67.0,96.0,1,12200000000,125,3.327
gemma3:12b,5008,1.0,0.95,50,5,NVIDIA GH200,67.0,96.0,1,12200000000,94,2.638
gemma3:12b,5116,1.0,0.95,50,5,NVIDIA GH200,67.0,96.0,1,12200000000,115,2.81
gemma3:12b,1235,1.0,0.95,50,5,NVIDIA A100-SXM4-40GB,19.49,40.0,4,12200000000,57,2.051
gemma3:12b,1235,1.0,0.95,50,5,NVIDIA A100-SXM4-40GB,19.49,40.0,4,12200000000,57,2.095
gemma3:12b,1235,1.0,0.95,50,5,NVIDIA A100-SXM4-40GB,19.49,40.0,4,12200000000,49,1.966
gemma3:12b,1235,1.0,0.95,50,5,NVIDIA A100-SXM4-40GB,19.49,40.0,4,12200000000,49,2.685
gemma3:12b,1235,1.0,0.95,50,5,NVIDIA A100-SXM4-40GB,19.49,40.0,4,12200000000,49,2.409
gemma3:12b,1337,1.0,0.95,50,5,NVIDIA A100-SXM4-40GB,19.49,40.0,4,12200000000,80,2.333
gemma3:12b,1337,1.0,0.95,50,5,NVIDIA A100-SXM4-40GB,19.49,40.0,4,12200000000,80,2.358
gemma3:12b,1329,1.0,0.95,50,5,NVIDIA A100-SXM4-40GB,19.49,40.0,4,12200000000,76,2.303
gemma3:12b,1329,1.0,0.95,50,5,NVIDIA A100-SXM4-40GB,19.49,40.0,4,12200000000,73,3.094
gemma3:12b,1329,1.0,0.95,50,5,NVIDIA A100-SXM4-40GB,19.49,40.0,4,12200000000,77,3.186
gemma3:12b,1431,1.0,0.95,50,5,NVIDIA A100-SXM4-40GB,19.49,40.0,4,12200000000,61,2.126
gemma3:12b,1431,1.0,0.95,50,5,NVIDIA A100-SXM4-40GB,19.49,40.0,4,12200000000,61,2.105
gemma3:12b,1435,1.0,0.95,50,5,NVIDIA A100-SXM4-40GB,19.49,40.0,4,12200000000,82,2.382
gemma3:12b,2385,1.0,0.95,50,5,NVIDIA A100-SXM4-40GB,19.49,40.0,4,12200000000,55,2.329
gemma3:12b,2385,1.0,0.95,50,5,NVIDIA A100-SXM4-40GB,19.49,40.0,4,12200000000,61,2.484
gemma3:12b,1432,1.0,0.95,50,5,NVIDIA A100-SXM4-40GB,19.49,40.0,4,12200000000,81,3.208
gemma3:12b,1420,1.0,0.95,50,5,NVIDIA A100-SXM4-40GB,19.49,40.0,4,12200000000,85,3.33
gemma3:12b,2424,1.0,0.95,50,5,NVIDIA A100-SXM4-40GB,19.49,40.0,4,12200000000,73,2.552
gemma3:12b,2483,1.0,0.95,50,5,NVIDIA A100-SXM4-40GB,19.49,40.0,4,12200000000,45,2.14
gemma3:12b,2489,1.0,0.95,50,5,NVIDIA A100-SXM4-40GB,19.49,40.0,4,12200000000,72,2.705
gemma3:12b,3400,1.0,0.95,50,5,NVIDIA A100-SXM4-40GB,19.49,40.0,4,12200000000,67,3.014
gemma3:12b,2413,1.0,0.95,50,5,NVIDIA A100-SXM4-40GB,19.49,40.0,4,12200000000,54,3.544
gemma3:12b,2420,1.0,0.95,50,5,NVIDIA A100-SXM4-40GB,19.49,40.0,4,12200000000,64,3.728
gemma3:12b,3431,1.0,0.95,50,5,NVIDIA A100-SXM4-40GB,19.49,40.0,4,12200000000,65,2.902
gemma3:12b,2599,1.0,0.95,50,5,NVIDIA A100-SXM4-40GB,19.49,40.0,4,12200000000,42,2.173
gemma3:12b,3512,1.0,0.95,50,5,NVIDIA A100-SXM4-40GB,19.49,40.0,4,12200000000,93,3.425
gemma3:12b,2514,1.0,0.95,50,5,NVIDIA A100-SXM4-40GB,19.49,40.0,4,12200000000,105,4.426
gemma3:12b,3510,1.0,0.95,50,5,NVIDIA A100-SXM4-40GB,19.49,40.0,4,12200000000,105,3.563
gemma3:12b,2510,1.0,0.95,50,5,NVIDIA A100-SXM4-40GB,19.49,40.0,4,12200000000,124,4.94
gemma3:12b,4508,1.0,0.95,50,5,NVIDIA A100-SXM4-40GB,19.49,40.0,4,12200000000,113,4.037
gemma3:12b,2648,1.0,0.95,50,5,NVIDIA A100-SXM4-40GB,19.49,40.0,4,12200000000,78,2.964
gemma3:12b,4508,1.0,0.95,50,5,NVIDIA A100-SXM4-40GB,19.49,40.0,4,12200000000,105,3.917
gemma3:12b,3634,1.0,0.95,50,5,NVIDIA A100-SXM4-40GB,19.49,40.0,4,12200000000,72,3.179
gemma3:12b,1235,1.0,0.95,50,10,NVIDIA GH200,67.0,96.0,1,12200000000,50,4.203
gemma3:12b,1235,1.0,0.95,50,10,NVIDIA GH200,67.0,96.0,1,12200000000,49,3.921
gemma3:12b,1235,1.0,0.95,50,10,NVIDIA GH200,67.0,96.0,1,12200000000,50,3.421
gemma3:12b,1235,1.0,0.95,50,10,NVIDIA GH200,67.0,96.0,1,12200000000,49,3.184
gemma3:12b,1235,1.0,0.95,50,10,NVIDIA GH200,67.0,96.0,1,12200000000,51,3.947
gemma3:12b,1235,1.0,0.95,50,10,NVIDIA GH200,67.0,96.0,1,12200000000,49,3.442
gemma3:12b,1235,1.0,0.95,50,10,NVIDIA GH200,67.0,96.0,1,12200000000,51,2.488
gemma3:12b,1235,1.0,0.95,50,10,NVIDIA GH200,67.0,96.0,1,12200000000,57,4.178
gemma3:12b,1235,1.0,0.95,50,10,NVIDIA GH200,67.0,96.0,1,12200000000,57,3.648
gemma3:12b,1235,1.0,0.95,50,10,NVIDIA GH200,67.0,96.0,1,12200000000,62,4.467
gemma3:12b,1342,1.0,0.95,50,10,NVIDIA GH200,67.0,96.0,1,12200000000,57,4.311
gemma3:12b,1329,1.0,0.95,50,10,NVIDIA GH200,67.0,96.0,1,12200000000,63,4.615
gemma3:12b,1329,1.0,0.95,50,10,NVIDIA GH200,67.0,96.0,1,12200000000,71,4.993
gemma3:12b,1329,1.0,0.95,50,10,NVIDIA GH200,67.0,96.0,1,12200000000,78,5.811
gemma3:12b,1337,1.0,0.95,50,10,NVIDIA GH200,67.0,96.0,1,12200000000,77,5.67
gemma3:12b,1330,1.0,0.95,50,10,NVIDIA GH200,67.0,96.0,1,12200000000,84,5.924
gemma3:12b,1331,1.0,0.95,50,10,NVIDIA GH200,67.0,96.0,1,12200000000,80,5.802
gemma3:12b,1331,1.0,0.95,50,10,NVIDIA GH200,67.0,96.0,1,12200000000,80,5.929
gemma3:12b,1337,1.0,0.95,50,10,NVIDIA GH200,67.0,96.0,1,12200000000,80,5.78
gemma3:12b,1330,1.0,0.95,50,10,NVIDIA GH200,67.0,96.0,1,12200000000,103,8.147
gemma3:12b,1413,1.0,0.95,50,10,NVIDIA GH200,67.0,96.0,1,12200000000,59,4.866
gemma3:12b,1406,1.0,0.95,50,10,NVIDIA GH200,67.0,96.0,1,12200000000,70,5.062
gemma3:12b,1444,1.0,0.95,50,10,NVIDIA GH200,67.0,96.0,1,12200000000,60,4.335
gemma3:12b,1425,1.0,0.95,50,10,NVIDIA GH200,67.0,96.0,1,12200000000,70,5.532
gemma3:12b,1425,1.0,0.95,50,10,NVIDIA GH200,67.0,96.0,1,12200000000,74,5.667
gemma3:12b,1421,1.0,0.95,50,10,NVIDIA GH200,67.0,96.0,1,12200000000,74,5.778
gemma3:12b,1428,1.0,0.95,50,10,NVIDIA GH200,67.0,96.0,1,12200000000,74,5.778
gemma3:12b,1414,1.0,0.95,50,10,NVIDIA GH200,67.0,96.0,1,12200000000,92,6.602
gemma3:12b,1431,1.0,0.95,50,10,NVIDIA GH200,67.0,96.0,1,12200000000,85,5.904
gemma3:12b,1447,1.0,0.95,50,10,NVIDIA GH200,67.0,96.0,1,12200000000,83,7.246
gemma3:12b,2384,1.0,0.95,50,10,NVIDIA GH200,67.0,96.0,1,12200000000,64,6.882
gemma3:12b,2410,1.0,0.95,50,10,NVIDIA GH200,67.0,96.0,1,12200000000,50,5.394
gemma3:12b,2424,1.0,0.95,50,10,NVIDIA GH200,67.0,96.0,1,12200000000,52,5.359
gemma3:12b,2403,1.0,0.95,50,10,NVIDIA GH200,67.0,96.0,1,12200000000,54,5.855
gemma3:12b,2414,1.0,0.95,50,10,NVIDIA GH200,67.0,96.0,1,12200000000,74,7.91
gemma3:12b,2411,1.0,0.95,50,10,NVIDIA GH200,67.0,96.0,1,12200000000,103,9.42
gemma3:12b,2402,1.0,0.95,50,10,NVIDIA GH200,67.0,96.0,1,12200000000,86,8.46
gemma3:12b,2406,1.0,0.95,50,10,NVIDIA GH200,67.0,96.0,1,12200000000,88,8.781
gemma3:12b,2380,1.0,0.95,50,10,NVIDIA GH200,67.0,96.0,1,12200000000,126,11.524
gemma3:12b,2491,1.0,0.95,50,10,NVIDIA GH200,67.0,96.0,1,12200000000,77,6.744
gemma3:12b,2437,1.0,0.95,50,10,NVIDIA GH200,67.0,96.0,1,12200000000,119,8.088
gemma3:12b,2500,1.0,0.95,50,10,NVIDIA GH200,67.0,96.0,1,12200000000,82,6.149
gemma3:12b,2620,1.0,0.95,50,10,NVIDIA GH200,67.0,96.0,1,12200000000,14,1.385
gemma3:12b,2503,1.0,0.95,50,10,NVIDIA GH200,67.0,96.0,1,12200000000,122,8.653
gemma3:12b,2519,1.0,0.95,50,10,NVIDIA GH200,67.0,96.0,1,12200000000,127,8.55
gemma3:12b,2549,1.0,0.95,50,10,NVIDIA GH200,67.0,96.0,1,12200000000,87,4.866
gemma3:12b,2539,1.0,0.95,50,10,NVIDIA GH200,67.0,96.0,1,12200000000,89,5.494
gemma3:12b,2533,1.0,0.95,50,10,NVIDIA GH200,67.0,96.0,1,12200000000,96,5.967
gemma3:12b,2559,1.0,0.95,50,10,NVIDIA GH200,67.0,96.0,1,12200000000,100,6.692
gemma3:12b,2610,1.0,0.95,50,10,NVIDIA GH200,67.0,96.0,1,12200000000,93,5.324
gemma3:12b,2667,1.0,0.95,50,10,NVIDIA GH200,67.0,96.0,1,12200000000,64,3.756
gemma3:12b,2658,1.0,0.95,50,10,NVIDIA GH200,67.0,96.0,1,12200000000,97,5.325
gemma3:12b,2704,1.0,0.95,50,10,NVIDIA GH200,67.0,96.0,1,12200000000,97,4.98
gemma3:12b,3610,1.0,0.95,50,10,NVIDIA GH200,67.0,96.0,1,12200000000,85,5.116
gemma3:12b,3679,1.0,0.95,50,10,NVIDIA GH200,67.0,96.0,1,12200000000,75,3.378
gemma3:12b,3624,1.0,0.95,50,10,NVIDIA GH200,67.0,96.0,1,12200000000,129,5.422
gemma3:12b,3660,1.0,0.95,50,10,NVIDIA GH200,67.0,96.0,1,12200000000,104,5.303
gemma3:12b,3778,1.0,0.95,50,10,NVIDIA GH200,67.0,96.0,1,12200000000,19,1.568
gemma3:12b,3799,1.0,0.95,50,10,NVIDIA GH200,67.0,96.0,1,12200000000,107,4.588
gemma3:12b,3798,1.0,0.95,50,10,NVIDIA GH200,67.0,96.0,1,12200000000,156,5.043
gemma3:12b,1235,1.0,0.95,50,10,NVIDIA A100-SXM4-40GB,19.49,40.0,4,12200000000,49,2.659
gemma3:12b,1235,1.0,0.95,50,10,NVIDIA A100-SXM4-40GB,19.49,40.0,4,12200000000,49,2.604
gemma3:12b,1235,1.0,0.95,50,10,NVIDIA A100-SXM4-40GB,19.49,40.0,4,12200000000,49,3.357
gemma3:12b,1235,1.0,0.95,50,10,NVIDIA A100-SXM4-40GB,19.49,40.0,4,12200000000,49,3.259
gemma3:12b,1235,1.0,0.95,50,10,NVIDIA A100-SXM4-40GB,19.49,40.0,4,12200000000,49,3.297
gemma3:12b,1235,1.0,0.95,50,10,NVIDIA A100-SXM4-40GB,19.49,40.0,4,12200000000,49,2.637
gemma3:12b,1235,1.0,0.95,50,10,NVIDIA A100-SXM4-40GB,19.49,40.0,4,12200000000,49,3.334
gemma3:12b,1235,1.0,0.95,50,10,NVIDIA A100-SXM4-40GB,19.49,40.0,4,12200000000,49,2.594
gemma3:12b,1235,1.0,0.95,50,10,NVIDIA A100-SXM4-40GB,19.49,40.0,4,12200000000,51,2.341
gemma3:12b,1235,1.0,0.95,50,10,NVIDIA A100-SXM4-40GB,19.49,40.0,4,12200000000,49,2.309
gemma3:12b,1329,1.0,0.95,50,10,NVIDIA A100-SXM4-40GB,19.49,40.0,4,12200000000,92,3.442
gemma3:12b,1329,1.0,0.95,50,10,NVIDIA A100-SXM4-40GB,19.49,40.0,4,12200000000,120,3.885
gemma3:12b,1329,1.0,0.95,50,10,NVIDIA A100-SXM4-40GB,19.49,40.0,4,12200000000,76,3.127
gemma3:12b,1331,1.0,0.95,50,10,NVIDIA A100-SXM4-40GB,19.49,40.0,4,12200000000,90,3.262
gemma3:12b,1329,1.0,0.95,50,10,NVIDIA A100-SXM4-40GB,19.49,40.0,4,12200000000,63,3.673
gemma3:12b,1329,1.0,0.95,50,10,NVIDIA A100-SXM4-40GB,19.49,40.0,4,12200000000,77,3.988
gemma3:12b,1329,1.0,0.95,50,10,NVIDIA A100-SXM4-40GB,19.49,40.0,4,12200000000,95,4.376
gemma3:12b,1329,1.0,0.95,50,10,NVIDIA A100-SXM4-40GB,19.49,40.0,4,12200000000,94,4.383
gemma3:12b,1329,1.0,0.95,50,10,NVIDIA A100-SXM4-40GB,19.49,40.0,4,12200000000,97,4.086
gemma3:12b,1329,1.0,0.95,50,10,NVIDIA A100-SXM4-40GB,19.49,40.0,4,12200000000,97,5.316
gemma3:12b,1451,1.0,0.95,50,10,NVIDIA A100-SXM4-40GB,19.49,40.0,4,12200000000,60,2.584
gemma3:12b,1435,1.0,0.95,50,10,NVIDIA A100-SXM4-40GB,19.49,40.0,4,12200000000,76,3.258
gemma3:12b,1463,1.0,0.95,50,10,NVIDIA A100-SXM4-40GB,19.49,40.0,4,12200000000,91,3.095
gemma3:12b,1435,1.0,0.95,50,10,NVIDIA A100-SXM4-40GB,19.49,40.0,4,12200000000,101,4.305
gemma3:12b,1406,1.0,0.95,50,10,NVIDIA A100-SXM4-40GB,19.49,40.0,4,12200000000,70,3.863
gemma3:12b,1456,1.0,0.95,50,10,NVIDIA A100-SXM4-40GB,19.49,40.0,4,12200000000,56,2.475
gemma3:12b,1420,1.0,0.95,50,10,NVIDIA A100-SXM4-40GB,19.49,40.0,4,12200000000,88,4.063
gemma3:12b,1440,1.0,0.95,50,10,NVIDIA A100-SXM4-40GB,19.49,40.0,4,12200000000,66,3.714
gemma3:12b,2419,1.0,0.95,50,10,NVIDIA A100-SXM4-40GB,19.49,40.0,4,12200000000,52,3.399
gemma3:12b,1438,1.0,0.95,50,10,NVIDIA A100-SXM4-40GB,19.49,40.0,4,12200000000,100,5.256
gemma3:12b,2429,1.0,0.95,50,10,NVIDIA A100-SXM4-40GB,19.49,40.0,4,12200000000,68,2.87
gemma3:12b,2418,1.0,0.95,50,10,NVIDIA A100-SXM4-40GB,19.49,40.0,4,12200000000,128,4.702
gemma3:12b,2461,1.0,0.95,50,10,NVIDIA A100-SXM4-40GB,19.49,40.0,4,12200000000,95,4.698
gemma3:12b,1437,1.0,0.95,50,10,NVIDIA A100-SXM4-40GB,19.49,40.0,4,12200000000,140,7.028
gemma3:12b,2384,1.0,0.95,50,10,NVIDIA A100-SXM4-40GB,19.49,40.0,4,12200000000,55,4.536
gemma3:12b,2416,1.0,0.95,50,10,NVIDIA A100-SXM4-40GB,19.49,40.0,4,12200000000,54,4.194
gemma3:12b,2414,1.0,0.95,50,10,NVIDIA A100-SXM4-40GB,19.49,40.0,4,12200000000,79,5.027
gemma3:12b,2514,1.0,0.95,50,10,NVIDIA A100-SXM4-40GB,19.49,40.0,4,12200000000,98,4.294
gemma3:12b,2540,1.0,0.95,50,10,NVIDIA A100-SXM4-40GB,19.49,40.0,4,12200000000,104,4.382
gemma3:12b,2419,1.0,0.95,50,10,NVIDIA A100-SXM4-40GB,19.49,40.0,4,12200000000,120,7.52
gemma3:12b,2598,1.0,0.95,50,10,NVIDIA A100-SXM4-40GB,19.49,40.0,4,12200000000,115,4.73
gemma3:12b,2445,1.0,0.95,50,10,NVIDIA A100-SXM4-40GB,19.49,40.0,4,12200000000,134,6.267
gemma3:12b,2536,1.0,0.95,50,10,NVIDIA A100-SXM4-40GB,19.49,40.0,4,12200000000,79,3.403
gemma3:12b,2485,1.0,0.95,50,10,NVIDIA A100-SXM4-40GB,19.49,40.0,4,12200000000,130,5.323
gemma3:12b,2576,1.0,0.95,50,10,NVIDIA A100-SXM4-40GB,19.49,40.0,4,12200000000,147,6.197
gemma3:12b,2513,1.0,0.95,50,10,NVIDIA A100-SXM4-40GB,19.49,40.0,4,12200000000,112,6.1
gemma3:12b,2642,1.0,0.95,50,10,NVIDIA A100-SXM4-40GB,19.49,40.0,4,12200000000,103,4.502
gemma3:12b,3547,1.0,0.95,50,10,NVIDIA A100-SXM4-40GB,19.49,40.0,4,12200000000,64,4.078
gemma3:12b,2482,1.0,0.95,50,10,NVIDIA A100-SXM4-40GB,19.49,40.0,4,12200000000,139,7.185
gemma3:12b,2645,1.0,0.95,50,10,NVIDIA A100-SXM4-40GB,19.49,40.0,4,12200000000,73,2.841
gemma3:12b,2727,1.0,0.95,50,10,NVIDIA A100-SXM4-40GB,19.49,40.0,4,12200000000,101,4.677
gemma3:12b,2584,1.0,0.95,50,10,NVIDIA A100-SXM4-40GB,19.49,40.0,4,12200000000,95,5.659
gemma3:12b,2768,1.0,0.95,50,10,NVIDIA A100-SXM4-40GB,19.49,40.0,4,12200000000,87,4.393
gemma3:12b,3650,1.0,0.95,50,10,NVIDIA A100-SXM4-40GB,19.49,40.0,4,12200000000,70,3.143
gemma3:12b,3641,1.0,0.95,50,10,NVIDIA A100-SXM4-40GB,19.49,40.0,4,12200000000,44,2.722
gemma3:12b,2667,1.0,0.95,50,10,NVIDIA A100-SXM4-40GB,19.49,40.0,4,12200000000,88,4.439
gemma3:12b,3596,1.0,0.95,50,10,NVIDIA A100-SXM4-40GB,19.49,40.0,4,12200000000,141,4.188
gemma3:12b,3764,1.0,0.95,50,10,NVIDIA A100-SXM4-40GB,19.49,40.0,4,12200000000,69,3.136
gemma3:12b,2666,1.0,0.95,50,10,NVIDIA A100-SXM4-40GB,19.49,40.0,4,12200000000,147,5.868
gemma3:12b,4588,1.0,0.95,50,10,NVIDIA A100-SXM4-40GB,19.49,40.0,4,12200000000,82,3.705
gemma3:12b,3663,1.0,0.95,50,10,NVIDIA A100-SXM4-40GB,19.49,40.0,4,12200000000,124,4.166
gemma3:12b,3875,1.0,0.95,50,10,NVIDIA A100-SXM4-40GB,19.49,40.0,4,12200000000,116,3.883
gemma3:12b,5578,1.0,0.95,50,10,NVIDIA A100-SXM4-40GB,19.49,40.0,4,12200000000,85,4.01
gemma3:12b,4896,1.0,0.95,50,10,NVIDIA A100-SXM4-40GB,19.49,40.0,4,12200000000,159,4.902
gemma3:12b,1235,1.0,1.0,50,1,NVIDIA GH200,67.0,96.0,1,12200000000,50,1.29
gemma3:12b,1330,1.0,1.0,50,1,NVIDIA GH200,67.0,96.0,1,12200000000,72,1.484
gemma3:12b,1416,1.0,1.0,50,1,NVIDIA GH200,67.0,96.0,1,12200000000,88,1.633
gemma3:12b,1235,1.0,1.0,50,1,NVIDIA GH200,67.0,96.0,1,12200000000,49,1.287
gemma3:12b,1329,1.0,1.0,50,1,NVIDIA GH200,67.0,96.0,1,12200000000,81,1.564
gemma3:12b,1424,1.0,1.0,50,1,NVIDIA GH200,67.0,96.0,1,12200000000,62,1.383
gemma3:12b,2394,1.0,1.0,50,1,NVIDIA GH200,67.0,96.0,1,12200000000,61,1.526
gemma3:12b,1235,1.0,1.0,50,1,NVIDIA A100-SXM4-40GB,19.49,40.0,4,12200000000,50,2.036
gemma3:12b,1330,1.0,1.0,50,1,NVIDIA A100-SXM4-40GB,19.49,40.0,4,12200000000,88,2.623
gemma3:12b,1432,1.0,1.0,50,1,NVIDIA A100-SXM4-40GB,19.49,40.0,4,12200000000,74,2.44
gemma3:12b,2414,1.0,1.0,50,1,NVIDIA A100-SXM4-40GB,19.49,40.0,4,12200000000,56,2.475
gemma3:12b,2513,1.0,1.0,50,1,NVIDIA A100-SXM4-40GB,19.49,40.0,4,12200000000,92,3.116
gemma3:12b,2635,1.0,1.0,50,1,NVIDIA A100-SXM4-40GB,19.49,40.0,4,12200000000,67,2.768
gemma3:12b,3610,1.0,1.0,50,1,NVIDIA A100-SXM4-40GB,19.49,40.0,4,12200000000,149,4.514
gemma3:12b,1235,1.0,1.0,50,1,NVIDIA A100-SXM4-40GB,19.49,40.0,4,12200000000,50,2.057
gemma3:12b,1330,1.0,1.0,50,1,NVIDIA A100-SXM4-40GB,19.49,40.0,4,12200000000,70,2.263
gemma3:12b,1414,1.0,1.0,50,1,NVIDIA A100-SXM4-40GB,19.49,40.0,4,12200000000,98,2.781
gemma3:12b,2419,1.0,1.0,50,1,NVIDIA A100-SXM4-40GB,19.49,40.0,4,12200000000,90,3.018
gemma3:12b,2539,1.0,1.0,50,1,NVIDIA A100-SXM4-40GB,19.49,40.0,4,12200000000,74,2.759
gemma3:12b,1235,1.0,1.0,50,5,NVIDIA GH200,67.0,96.0,1,12200000000,49,2.804
gemma3:12b,1235,1.0,1.0,50,5,NVIDIA GH200,67.0,96.0,1,12200000000,49,2.379
gemma3:12b,1235,1.0,1.0,50,5,NVIDIA GH200,67.0,96.0,1,12200000000,57,2.952
gemma3:12b,1235,1.0,1.0,50,5,NVIDIA GH200,67.0,96.0,1,12200000000,57,2.964
gemma3:12b,1235,1.0,1.0,50,5,NVIDIA GH200,67.0,96.0,1,12200000000,49,1.83
gemma3:12b,1329,1.0,1.0,50,5,NVIDIA GH200,67.0,96.0,1,12200000000,70,3.208
gemma3:12b,1329,1.0,1.0,50,5,NVIDIA GH200,67.0,96.0,1,12200000000,76,3.428
gemma3:12b,1329,1.0,1.0,50,5,NVIDIA GH200,67.0,96.0,1,12200000000,76,3.406
gemma3:12b,1337,1.0,1.0,50,5,NVIDIA GH200,67.0,96.0,1,12200000000,80,3.383
gemma3:12b,1337,1.0,1.0,50,5,NVIDIA GH200,67.0,96.0,1,12200000000,80,3.426
gemma3:12b,1413,1.0,1.0,50,5,NVIDIA GH200,67.0,96.0,1,12200000000,49,2.946
gemma3:12b,1435,1.0,1.0,50,5,NVIDIA GH200,67.0,96.0,1,12200000000,69,3.856
gemma3:12b,1431,1.0,1.0,50,5,NVIDIA GH200,67.0,96.0,1,12200000000,87,4.004
gemma3:12b,1431,1.0,1.0,50,5,NVIDIA GH200,67.0,96.0,1,12200000000,95,5.107
gemma3:12b,1435,1.0,1.0,50,5,NVIDIA GH200,67.0,96.0,1,12200000000,115,5.901
gemma3:12b,2370,1.0,1.0,50,5,NVIDIA GH200,67.0,96.0,1,12200000000,56,4.0
gemma3:12b,2382,1.0,1.0,50,5,NVIDIA GH200,67.0,96.0,1,12200000000,52,3.445
gemma3:12b,2425,1.0,1.0,50,5,NVIDIA GH200,67.0,96.0,1,12200000000,50,3.09
gemma3:12b,2428,1.0,1.0,50,5,NVIDIA GH200,67.0,96.0,1,12200000000,54,3.931
gemma3:12b,2433,1.0,1.0,50,5,NVIDIA GH200,67.0,96.0,1,12200000000,83,5.237
gemma3:12b,3378,1.0,1.0,50,5,NVIDIA GH200,67.0,96.0,1,12200000000,62,4.557
gemma3:12b,2477,1.0,1.0,50,5,NVIDIA GH200,67.0,96.0,1,12200000000,70,4.589
gemma3:12b,2469,1.0,1.0,50,5,NVIDIA GH200,67.0,96.0,1,12200000000,112,6.975
gemma3:12b,2525,1.0,1.0,50,5,NVIDIA GH200,67.0,96.0,1,12200000000,104,5.624
gemma3:12b,2558,1.0,1.0,50,5,NVIDIA GH200,67.0,96.0,1,12200000000,108,5.134
gemma3:12b,2592,1.0,1.0,50,5,NVIDIA GH200,67.0,96.0,1,12200000000,73,3.927
gemma3:12b,3454,1.0,1.0,50,5,NVIDIA GH200,67.0,96.0,1,12200000000,84,4.059
gemma3:12b,2623,1.0,1.0,50,5,NVIDIA GH200,67.0,96.0,1,12200000000,66,3.679
gemma3:12b,2671,1.0,1.0,50,5,NVIDIA GH200,67.0,96.0,1,12200000000,71,3.773
gemma3:12b,3543,1.0,1.0,50,5,NVIDIA GH200,67.0,96.0,1,12200000000,93,4.255
gemma3:12b,3582,1.0,1.0,50,5,NVIDIA GH200,67.0,96.0,1,12200000000,89,3.525
gemma3:12b,3649,1.0,1.0,50,5,NVIDIA GH200,67.0,96.0,1,12200000000,108,3.665
gemma3:12b,3712,1.0,1.0,50,5,NVIDIA GH200,67.0,96.0,1,12200000000,141,4.222
gemma3:12b,3798,1.0,1.0,50,5,NVIDIA GH200,67.0,96.0,1,12200000000,110,3.74
gemma3:12b,3890,1.0,1.0,50,5,NVIDIA GH200,67.0,96.0,1,12200000000,124,3.887
gemma3:12b,3950,1.0,1.0,50,5,NVIDIA GH200,67.0,96.0,1,12200000000,131,3.114
gemma3:12b,4985,1.0,1.0,50,5,NVIDIA GH200,67.0,96.0,1,12200000000,130,3.017
gemma3:12b,5158,1.0,1.0,50,5,NVIDIA GH200,67.0,96.0,1,12200000000,109,2.783
gemma3:12b,1235,1.0,1.0,50,5,NVIDIA GH200,67.0,96.0,1,12200000000,50,2.838
gemma3:12b,1235,1.0,1.0,50,5,NVIDIA GH200,67.0,96.0,1,12200000000,49,2.857
gemma3:12b,1235,1.0,1.0,50,5,NVIDIA GH200,67.0,96.0,1,12200000000,50,2.877
gemma3:12b,1235,1.0,1.0,50,5,NVIDIA GH200,67.0,96.0,1,12200000000,50,2.749
gemma3:12b,1235,1.0,1.0,50,5,NVIDIA GH200,67.0,96.0,1,12200000000,50,2.613
gemma3:12b,1329,1.0,1.0,50,5,NVIDIA GH200,67.0,96.0,1,12200000000,65,3.148
gemma3:12b,1330,1.0,1.0,50,5,NVIDIA GH200,67.0,96.0,1,12200000000,70,3.272
gemma3:12b,1330,1.0,1.0,50,5,NVIDIA GH200,67.0,96.0,1,12200000000,70,3.29
gemma3:12b,1330,1.0,1.0,50,5,NVIDIA GH200,67.0,96.0,1,12200000000,77,3.417
gemma3:12b,1330,1.0,1.0,50,5,NVIDIA GH200,67.0,96.0,1,12200000000,86,4.148
gemma3:12b,1414,1.0,1.0,50,5,NVIDIA GH200,67.0,96.0,1,12200000000,49,2.866
gemma3:12b,1424,1.0,1.0,50,5,NVIDIA GH200,67.0,96.0,1,12200000000,55,3.029
gemma3:12b,1421,1.0,1.0,50,5,NVIDIA GH200,67.0,96.0,1,12200000000,82,4.227
gemma3:12b,1414,1.0,1.0,50,5,NVIDIA GH200,67.0,96.0,1,12200000000,90,4.587
gemma3:12b,1430,1.0,1.0,50,5,NVIDIA GH200,67.0,96.0,1,12200000000,106,4.752
gemma3:12b,2371,1.0,1.0,50,5,NVIDIA GH200,67.0,96.0,1,12200000000,58,4.031
gemma3:12b,2386,1.0,1.0,50,5,NVIDIA GH200,67.0,96.0,1,12200000000,67,4.038
gemma3:12b,2412,1.0,1.0,50,5,NVIDIA GH200,67.0,96.0,1,12200000000,56,3.368
gemma3:12b,2410,1.0,1.0,50,5,NVIDIA GH200,67.0,96.0,1,12200000000,99,4.942
gemma3:12b,2472,1.0,1.0,50,5,NVIDIA GH200,67.0,96.0,1,12200000000,61,2.777
gemma3:12b,2443,1.0,1.0,50,5,NVIDIA GH200,67.0,96.0,1,12200000000,108,4.248
gemma3:12b,3372,1.0,1.0,50,5,NVIDIA GH200,67.0,96.0,1,12200000000,86,3.771
gemma3:12b,2563,1.0,1.0,50,5,NVIDIA GH200,67.0,96.0,1,12200000000,64,3.299
gemma3:12b,2596,1.0,1.0,50,5,NVIDIA GH200,67.0,96.0,1,12200000000,99,4.506
gemma3:12b,3488,1.0,1.0,50,5,NVIDIA GH200,67.0,96.0,1,12200000000,55,2.757
gemma3:12b,3505,1.0,1.0,50,5,NVIDIA GH200,67.0,96.0,1,12200000000,118,4.678
gemma3:12b,4447,1.0,1.0,50,5,NVIDIA GH200,67.0,96.0,1,12200000000,108,4.307
gemma3:12b,2709,1.0,1.0,50,5,NVIDIA GH200,67.0,96.0,1,12200000000,202,5.772
gemma3:12b,3665,1.0,1.0,50,5,NVIDIA GH200,67.0,96.0,1,12200000000,136,3.183
gemma3:12b,3815,1.0,1.0,50,5,NVIDIA GH200,67.0,96.0,1,12200000000,158,2.975
gemma3:12b,1235,1.0,1.0,50,5,NVIDIA A100-SXM4-40GB,19.49,40.0,4,12200000000,49,1.972
gemma3:12b,1235,1.0,1.0,50,5,NVIDIA A100-SXM4-40GB,19.49,40.0,4,12200000000,49,1.936
gemma3:12b,1235,1.0,1.0,50,5,NVIDIA A100-SXM4-40GB,19.49,40.0,4,12200000000,49,2.728
gemma3:12b,1235,1.0,1.0,50,5,NVIDIA A100-SXM4-40GB,19.49,40.0,4,12200000000,50,2.456
gemma3:12b,1235,1.0,1.0,50,5,NVIDIA A100-SXM4-40GB,19.49,40.0,4,12200000000,57,2.158
gemma3:12b,1329,1.0,1.0,50,5,NVIDIA A100-SXM4-40GB,19.49,40.0,4,12200000000,77,2.281
gemma3:12b,1329,1.0,1.0,50,5,NVIDIA A100-SXM4-40GB,19.49,40.0,4,12200000000,84,2.446
gemma3:12b,1337,1.0,1.0,50,5,NVIDIA A100-SXM4-40GB,19.49,40.0,4,12200000000,80,2.361
gemma3:12b,1329,1.0,1.0,50,5,NVIDIA A100-SXM4-40GB,19.49,40.0,4,12200000000,77,3.136
gemma3:12b,1330,1.0,1.0,50,5,NVIDIA A100-SXM4-40GB,19.49,40.0,4,12200000000,77,3.129
gemma3:12b,1420,1.0,1.0,50,5,NVIDIA A100-SXM4-40GB,19.49,40.0,4,12200000000,80,2.349
gemma3:12b,1427,1.0,1.0,50,5,NVIDIA A100-SXM4-40GB,19.49,40.0,4,12200000000,69,2.217
gemma3:12b,1431,1.0,1.0,50,5,NVIDIA A100-SXM4-40GB,19.49,40.0,4,12200000000,61,2.151
gemma3:12b,1421,1.0,1.0,50,5,NVIDIA A100-SXM4-40GB,19.49,40.0,4,12200000000,77,3.248
gemma3:12b,2403,1.0,1.0,50,5,NVIDIA A100-SXM4-40GB,19.49,40.0,4,12200000000,58,2.375
gemma3:12b,1420,1.0,1.0,50,5,NVIDIA A100-SXM4-40GB,19.49,40.0,4,12200000000,87,3.431
gemma3:12b,2407,1.0,1.0,50,5,NVIDIA A100-SXM4-40GB,19.49,40.0,4,12200000000,96,2.911
gemma3:12b,2385,1.0,1.0,50,5,NVIDIA A100-SXM4-40GB,19.49,40.0,4,12200000000,61,2.447
gemma3:12b,2491,1.0,1.0,50,5,NVIDIA A100-SXM4-40GB,19.49,40.0,4,12200000000,60,2.503
gemma3:12b,3406,1.0,1.0,50,5,NVIDIA A100-SXM4-40GB,19.49,40.0,4,12200000000,67,3.061
gemma3:12b,2391,1.0,1.0,50,5,NVIDIA A100-SXM4-40GB,19.49,40.0,4,12200000000,52,3.5
gemma3:12b,2415,1.0,1.0,50,5,NVIDIA A100-SXM4-40GB,19.49,40.0,4,12200000000,82,3.897
gemma3:12b,2489,1.0,1.0,50,5,NVIDIA A100-SXM4-40GB,19.49,40.0,4,12200000000,119,3.558
gemma3:12b,2565,1.0,1.0,50,5,NVIDIA A100-SXM4-40GB,19.49,40.0,4,12200000000,96,3.131
gemma3:12b,3518,1.0,1.0,50,5,NVIDIA A100-SXM4-40GB,19.49,40.0,4,12200000000,103,3.504
gemma3:12b,2540,1.0,1.0,50,5,NVIDIA A100-SXM4-40GB,19.49,40.0,4,12200000000,61,3.146
gemma3:12b,2653,1.0,1.0,50,5,NVIDIA A100-SXM4-40GB,19.49,40.0,4,12200000000,98,3.264
gemma3:12b,2486,1.0,1.0,50,5,NVIDIA A100-SXM4-40GB,19.49,40.0,4,12200000000,92,4.147
gemma3:12b,3569,1.0,1.0,50,5,NVIDIA A100-SXM4-40GB,19.49,40.0,4,12200000000,94,3.368
gemma3:12b,3629,1.0,1.0,50,5,NVIDIA A100-SXM4-40GB,19.49,40.0,4,12200000000,144,4.287
gemma3:12b,2608,1.0,1.0,50,5,NVIDIA A100-SXM4-40GB,19.49,40.0,4,12200000000,81,4.191
gemma3:12b,3504,1.0,1.0,50,5,NVIDIA A100-SXM4-40GB,19.49,40.0,4,12200000000,121,6.541
gemma3:12b,3582,1.0,1.0,50,5,NVIDIA A100-SXM4-40GB,19.49,40.0,4,12200000000,81,4.879
gemma3:12b,3639,1.0,1.0,50,5,NVIDIA A100-SXM4-40GB,19.49,40.0,4,12200000000,117,4.13
gemma3:12b,1235,1.0,1.0,50,5,NVIDIA A100-SXM4-40GB,19.49,40.0,4,12200000000,49,1.97
gemma3:12b,1235,1.0,1.0,50,5,NVIDIA A100-SXM4-40GB,19.49,40.0,4,12200000000,50,2.008
gemma3:12b,1235,1.0,1.0,50,5,NVIDIA A100-SXM4-40GB,19.49,40.0,4,12200000000,50,2.643
gemma3:12b,1235,1.0,1.0,50,5,NVIDIA A100-SXM4-40GB,19.49,40.0,4,12200000000,49,2.232
gemma3:12b,1235,1.0,1.0,50,5,NVIDIA A100-SXM4-40GB,19.49,40.0,4,12200000000,50,1.991
gemma3:12b,1330,1.0,1.0,50,5,NVIDIA A100-SXM4-40GB,19.49,40.0,4,12200000000,76,2.364
gemma3:12b,1329,1.0,1.0,50,5,NVIDIA A100-SXM4-40GB,19.49,40.0,4,12200000000,138,3.19
gemma3:12b,1329,1.0,1.0,50,5,NVIDIA A100-SXM4-40GB,19.49,40.0,4,12200000000,77,3.066
gemma3:12b,1330,1.0,1.0,50,5,NVIDIA A100-SXM4-40GB,19.49,40.0,4,12200000000,72,2.274
gemma3:12b,1420,1.0,1.0,50,5,NVIDIA A100-SXM4-40GB,19.49,40.0,4,12200000000,81,2.411
gemma3:12b,1330,1.0,1.0,50,5,NVIDIA A100-SXM4-40GB,19.49,40.0,4,12200000000,116,4.531
gemma3:12b,1420,1.0,1.0,50,5,NVIDIA A100-SXM4-40GB,19.49,40.0,4,12200000000,68,3.016
gemma3:12b,1416,1.0,1.0,50,5,NVIDIA A100-SXM4-40GB,19.49,40.0,4,12200000000,115,2.946
gemma3:12b,2408,1.0,1.0,50,5,NVIDIA A100-SXM4-40GB,19.49,40.0,4,12200000000,72,2.616
gemma3:12b,1460,1.0,1.0,50,5,NVIDIA A100-SXM4-40GB,19.49,40.0,4,12200000000,63,3.175
gemma3:12b,2439,1.0,1.0,50,5,NVIDIA A100-SXM4-40GB,19.49,40.0,4,12200000000,52,2.254
gemma3:12b,2396,1.0,1.0,50,5,NVIDIA A100-SXM4-40GB,19.49,40.0,4,12200000000,46,3.152
gemma3:12b,2510,1.0,1.0,50,5,NVIDIA A100-SXM4-40GB,19.49,40.0,4,12200000000,83,2.898
gemma3:12b,2534,1.0,1.0,50,5,NVIDIA A100-SXM4-40GB,19.49,40.0,4,12200000000,35,2.0
gemma3:12b,2431,1.0,1.0,50,5,NVIDIA A100-SXM4-40GB,19.49,40.0,4,12200000000,56,3.747
gemma3:12b,3346,1.0,1.0,50,5,NVIDIA A100-SXM4-40GB,19.49,40.0,4,12200000000,59,3.982
gemma3:12b,2607,1.0,1.0,50,5,NVIDIA A100-SXM4-40GB,19.49,40.0,4,12200000000,163,3.998
gemma3:12b,3472,1.0,1.0,50,5,NVIDIA A100-SXM4-40GB,19.49,40.0,4,12200000000,48,2.688
gemma3:12b,2530,1.0,1.0,50,5,NVIDIA A100-SXM4-40GB,19.49,40.0,4,12200000000,122,5.233
gemma3:12b,3565,1.0,1.0,50,5,NVIDIA A100-SXM4-40GB,19.49,40.0,4,12200000000,72,3.149
gemma3:12b,3435,1.0,1.0,50,5,NVIDIA A100-SXM4-40GB,19.49,40.0,4,12200000000,100,3.858
gemma3:12b,4515,1.0,1.0,50,5,NVIDIA A100-SXM4-40GB,19.49,40.0,4,12200000000,79,3.463
gemma3:12b,2694,1.0,1.0,50,5,NVIDIA A100-SXM4-40GB,19.49,40.0,4,12200000000,66,4.29
gemma3:12b,3578,1.0,1.0,50,5,NVIDIA A100-SXM4-40GB,19.49,40.0,4,12200000000,158,6.762
gemma3:12b,3665,1.0,1.0,50,5,NVIDIA A100-SXM4-40GB,19.49,40.0,4,12200000000,102,3.968
gemma3:12b,3808,1.0,1.0,50,5,NVIDIA A100-SXM4-40GB,19.49,40.0,4,12200000000,131,4.328
gemma3:12b,3969,1.0,1.0,50,5,NVIDIA A100-SXM4-40GB,19.49,40.0,4,12200000000,125,4.3
gemma3:12b,4976,1.0,1.0,50,5,NVIDIA A100-SXM4-40GB,19.49,40.0,4,12200000000,89,4.034
gemma3:12b,5091,1.0,1.0,50,5,NVIDIA A100-SXM4-40GB,19.49,40.0,4,12200000000,154,5.269
gemma3:12b,5290,1.0,1.0,50,5,NVIDIA A100-SXM4-40GB,19.49,40.0,4,12200000000,81,3.96
gemma3:12b,1235,1.0,1.0,50,10,NVIDIA GH200,67.0,96.0,1,12200000000,49,4.135
gemma3:12b,1235,1.0,1.0,50,10,NVIDIA GH200,67.0,96.0,1,12200000000,49,4.165
gemma3:12b,1235,1.0,1.0,50,10,NVIDIA GH200,67.0,96.0,1,12200000000,50,4.124
gemma3:12b,1235,1.0,1.0,50,10,NVIDIA GH200,67.0,96.0,1,12200000000,49,3.901
gemma3:12b,1235,1.0,1.0,50,10,NVIDIA GH200,67.0,96.0,1,12200000000,49,4.161
gemma3:12b,1235,1.0,1.0,50,10,NVIDIA GH200,67.0,96.0,1,12200000000,50,4.197
gemma3:12b,1235,1.0,1.0,50,10,NVIDIA GH200,67.0,96.0,1,12200000000,49,3.342
gemma3:12b,1235,1.0,1.0,50,10,NVIDIA GH200,67.0,96.0,1,12200000000,50,3.698
gemma3:12b,1235,1.0,1.0,50,10,NVIDIA GH200,67.0,96.0,1,12200000000,50,3.064
gemma3:12b,1235,1.0,1.0,50,10,NVIDIA GH200,67.0,96.0,1,12200000000,57,4.231
gemma3:12b,1329,1.0,1.0,50,10,NVIDIA GH200,67.0,96.0,1,12200000000,66,4.613
gemma3:12b,1337,1.0,1.0,50,10,NVIDIA GH200,67.0,96.0,1,12200000000,80,5.104
gemma3:12b,1330,1.0,1.0,50,10,NVIDIA GH200,67.0,96.0,1,12200000000,86,5.412
gemma3:12b,1330,1.0,1.0,50,10,NVIDIA GH200,67.0,96.0,1,12200000000,88,5.442
gemma3:12b,1329,1.0,1.0,50,10,NVIDIA GH200,67.0,96.0,1,12200000000,89,5.495
gemma3:12b,1329,1.0,1.0,50,10,NVIDIA GH200,67.0,96.0,1,12200000000,98,6.857
gemma3:12b,1329,1.0,1.0,50,10,NVIDIA GH200,67.0,96.0,1,12200000000,98,6.883
gemma3:12b,1330,1.0,1.0,50,10,NVIDIA GH200,67.0,96.0,1,12200000000,101,6.964
gemma3:12b,1329,1.0,1.0,50,10,NVIDIA GH200,67.0,96.0,1,12200000000,122,8.471
gemma3:12b,1330,1.0,1.0,50,10,NVIDIA GH200,67.0,96.0,1,12200000000,143,9.24
gemma3:12b,1409,1.0,1.0,50,10,NVIDIA GH200,67.0,96.0,1,12200000000,72,5.36
gemma3:12b,1447,1.0,1.0,50,10,NVIDIA GH200,67.0,96.0,1,12200000000,65,4.773
gemma3:12b,1446,1.0,1.0,50,10,NVIDIA GH200,67.0,96.0,1,12200000000,71,4.847
gemma3:12b,1448,1.0,1.0,50,10,NVIDIA GH200,67.0,96.0,1,12200000000,72,5.076
gemma3:12b,1457,1.0,1.0,50,10,NVIDIA GH200,67.0,96.0,1,12200000000,63,5.543
gemma3:12b,1461,1.0,1.0,50,10,NVIDIA GH200,67.0,96.0,1,12200000000,88,7.101
gemma3:12b,1445,1.0,1.0,50,10,NVIDIA GH200,67.0,96.0,1,12200000000,73,5.688
gemma3:12b,1487,1.0,1.0,50,10,NVIDIA GH200,67.0,96.0,1,12200000000,61,5.866
gemma3:12b,1481,1.0,1.0,50,10,NVIDIA GH200,67.0,96.0,1,12200000000,99,6.993
gemma3:12b,2425,1.0,1.0,50,10,NVIDIA GH200,67.0,96.0,1,12200000000,50,4.005
gemma3:12b,2424,1.0,1.0,50,10,NVIDIA GH200,67.0,96.0,1,12200000000,72,6.483
gemma3:12b,2389,1.0,1.0,50,10,NVIDIA GH200,67.0,96.0,1,12200000000,81,7.003
gemma3:12b,2427,1.0,1.0,50,10,NVIDIA GH200,67.0,96.0,1,12200000000,82,6.386
gemma3:12b,2419,1.0,1.0,50,10,NVIDIA GH200,67.0,96.0,1,12200000000,97,9.824
gemma3:12b,2427,1.0,1.0,50,10,NVIDIA GH200,67.0,96.0,1,12200000000,101,8.701
gemma3:12b,2487,1.0,1.0,50,10,NVIDIA GH200,67.0,96.0,1,12200000000,64,5.873
gemma3:12b,2427,1.0,1.0,50,10,NVIDIA GH200,67.0,96.0,1,12200000000,112,8.77
gemma3:12b,2456,1.0,1.0,50,10,NVIDIA GH200,67.0,96.0,1,12200000000,77,7.49
gemma3:12b,3378,1.0,1.0,50,10,NVIDIA GH200,67.0,96.0,1,12200000000,48,6.054
gemma3:12b,2513,1.0,1.0,50,10,NVIDIA GH200,67.0,96.0,1,12200000000,67,7.804
gemma3:12b,2541,1.0,1.0,50,10,NVIDIA GH200,67.0,96.0,1,12200000000,79,8.482
gemma3:12b,2546,1.0,1.0,50,10,NVIDIA GH200,67.0,96.0,1,12200000000,87,6.687
gemma3:12b,3412,1.0,1.0,50,10,NVIDIA GH200,67.0,96.0,1,12200000000,116,10.325
gemma3:12b,2581,1.0,1.0,50,10,NVIDIA GH200,67.0,96.0,1,12200000000,87,7.357
gemma3:12b,2581,1.0,1.0,50,10,NVIDIA GH200,67.0,96.0,1,12200000000,88,7.444
gemma3:12b,3471,1.0,1.0,50,10,NVIDIA GH200,67.0,96.0,1,12200000000,101,7.724
gemma3:12b,2634,1.0,1.0,50,10,NVIDIA GH200,67.0,96.0,1,12200000000,70,5.439
gemma3:12b,2576,1.0,1.0,50,10,NVIDIA GH200,67.0,96.0,1,12200000000,127,9.579
gemma3:12b,2542,1.0,1.0,50,10,NVIDIA GH200,67.0,96.0,1,12200000000,161,12.386
gemma3:12b,2678,1.0,1.0,50,10,NVIDIA GH200,67.0,96.0,1,12200000000,76,7.119
gemma3:12b,3573,1.0,1.0,50,10,NVIDIA GH200,67.0,96.0,1,12200000000,84,7.578
gemma3:12b,2712,1.0,1.0,50,10,NVIDIA GH200,67.0,96.0,1,12200000000,95,7.648
gemma3:12b,3586,1.0,1.0,50,10,NVIDIA GH200,67.0,96.0,1,12200000000,89,6.384
gemma3:12b,2714,1.0,1.0,50,10,NVIDIA GH200,67.0,96.0,1,12200000000,113,8.304
gemma3:12b,2745,1.0,1.0,50,10,NVIDIA GH200,67.0,96.0,1,12200000000,109,6.345
gemma3:12b,3702,1.0,1.0,50,10,NVIDIA GH200,67.0,96.0,1,12200000000,64,3.889
gemma3:12b,3612,1.0,1.0,50,10,NVIDIA GH200,67.0,96.0,1,12200000000,150,10.34
gemma3:12b,3632,1.0,1.0,50,10,NVIDIA GH200,67.0,96.0,1,12200000000,111,7.421
gemma3:12b,3747,1.0,1.0,50,10,NVIDIA GH200,67.0,96.0,1,12200000000,67,4.746
gemma3:12b,3735,1.0,1.0,50,10,NVIDIA GH200,67.0,96.0,1,12200000000,107,6.256
gemma3:12b,4674,1.0,1.0,50,10,NVIDIA GH200,67.0,96.0,1,12200000000,146,6.818
gemma3:12b,3786,1.0,1.0,50,10,NVIDIA GH200,67.0,96.0,1,12200000000,120,4.659
gemma3:12b,3859,1.0,1.0,50,10,NVIDIA GH200,67.0,96.0,1,12200000000,115,4.199
gemma3:12b,3949,1.0,1.0,50,10,NVIDIA GH200,67.0,96.0,1,12200000000,191,4.206
gemma3:12b,1457,1.0,1.0,50,10,NVIDIA GH200,67.0,96.0,1,12200000000,881,44.877
gemma3:12b,1235,1.0,1.0,50,10,NVIDIA GH200,67.0,96.0,1,12200000000,49,4.096
gemma3:12b,1235,1.0,1.0,50,10,NVIDIA GH200,67.0,96.0,1,12200000000,50,4.12
gemma3:12b,1235,1.0,1.0,50,10,NVIDIA GH200,67.0,96.0,1,12200000000,50,3.729
gemma3:12b,1235,1.0,1.0,50,10,NVIDIA GH200,67.0,96.0,1,12200000000,50,3.529
gemma3:12b,1235,1.0,1.0,50,10,NVIDIA GH200,67.0,96.0,1,12200000000,49,2.871
gemma3:12b,1235,1.0,1.0,50,10,NVIDIA GH200,67.0,96.0,1,12200000000,50,3.679
gemma3:12b,1235,1.0,1.0,50,10,NVIDIA GH200,67.0,96.0,1,12200000000,54,4.2
gemma3:12b,1235,1.0,1.0,50,10,NVIDIA GH200,67.0,96.0,1,12200000000,52,3.922
gemma3:12b,1235,1.0,1.0,50,10,NVIDIA GH200,67.0,96.0,1,12200000000,57,3.999
gemma3:12b,1235,1.0,1.0,50,10,NVIDIA GH200,67.0,96.0,1,12200000000,57,4.107
gemma3:12b,1332,1.0,1.0,50,10,NVIDIA GH200,67.0,96.0,1,12200000000,58,4.445
gemma3:12b,1330,1.0,1.0,50,10,NVIDIA GH200,67.0,96.0,1,12200000000,69,4.773
gemma3:12b,1329,1.0,1.0,50,10,NVIDIA GH200,67.0,96.0,1,12200000000,76,5.164
gemma3:12b,1330,1.0,1.0,50,10,NVIDIA GH200,67.0,96.0,1,12200000000,76,5.475
gemma3:12b,1337,1.0,1.0,50,10,NVIDIA GH200,67.0,96.0,1,12200000000,82,5.92
gemma3:12b,1330,1.0,1.0,50,10,NVIDIA GH200,67.0,96.0,1,12200000000,93,6.558
gemma3:12b,1337,1.0,1.0,50,10,NVIDIA GH200,67.0,96.0,1,12200000000,90,6.447
gemma3:12b,1334,1.0,1.0,50,10,NVIDIA GH200,67.0,96.0,1,12200000000,94,6.647
gemma3:12b,1330,1.0,1.0,50,10,NVIDIA GH200,67.0,96.0,1,12200000000,108,8.084
gemma3:12b,1404,1.0,1.0,50,10,NVIDIA GH200,67.0,96.0,1,12200000000,54,4.487
gemma3:12b,1329,1.0,1.0,50,10,NVIDIA GH200,67.0,96.0,1,12200000000,131,8.981
gemma3:12b,1436,1.0,1.0,50,10,NVIDIA GH200,67.0,96.0,1,12200000000,52,3.677
gemma3:12b,1413,1.0,1.0,50,10,NVIDIA GH200,67.0,96.0,1,12200000000,91,6.538
gemma3:12b,1441,1.0,1.0,50,10,NVIDIA GH200,67.0,96.0,1,12200000000,72,4.795
gemma3:12b,1471,1.0,1.0,50,10,NVIDIA GH200,67.0,96.0,1,12200000000,83,5.922
gemma3:12b,1433,1.0,1.0,50,10,NVIDIA GH200,67.0,96.0,1,12200000000,98,6.79
gemma3:12b,1466,1.0,1.0,50,10,NVIDIA GH200,67.0,96.0,1,12200000000,105,7.589
gemma3:12b,2366,1.0,1.0,50,10,NVIDIA GH200,67.0,96.0,1,12200000000,56,5.284
gemma3:12b,1468,1.0,1.0,50,10,NVIDIA GH200,67.0,96.0,1,12200000000,87,6.307
gemma3:12b,2395,1.0,1.0,50,10,NVIDIA GH200,67.0,96.0,1,12200000000,74,7.122
gemma3:12b,1435,1.0,1.0,50,10,NVIDIA GH200,67.0,96.0,1,12200000000,152,11.433
gemma3:12b,1474,1.0,1.0,50,10,NVIDIA GH200,67.0,96.0,1,12200000000,86,7.571
gemma3:12b,2438,1.0,1.0,50,10,NVIDIA GH200,67.0,96.0,1,12200000000,53,5.935
gemma3:12b,2412,1.0,1.0,50,10,NVIDIA GH200,67.0,96.0,1,12200000000,87,7.895
gemma3:12b,2420,1.0,1.0,50,10,NVIDIA GH200,67.0,96.0,1,12200000000,95,7.862
gemma3:12b,2464,1.0,1.0,50,10,NVIDIA GH200,67.0,96.0,1,12200000000,64,6.026
gemma3:12b,2462,1.0,1.0,50,10,NVIDIA GH200,67.0,96.0,1,12200000000,63,5.827
gemma3:12b,2462,1.0,1.0,50,10,NVIDIA GH200,67.0,96.0,1,12200000000,92,8.478
gemma3:12b,2468,1.0,1.0,50,10,NVIDIA GH200,67.0,96.0,1,12200000000,54,6.075
gemma3:12b,2529,1.0,1.0,50,10,NVIDIA GH200,67.0,96.0,1,12200000000,15,3.414
gemma3:12b,2465,1.0,1.0,50,10,NVIDIA GH200,67.0,96.0,1,12200000000,84,8.576
gemma3:12b,2514,1.0,1.0,50,10,NVIDIA GH200,67.0,96.0,1,12200000000,74,7.864
gemma3:12b,2494,1.0,1.0,50,10,NVIDIA GH200,67.0,96.0,1,12200000000,100,8.775
gemma3:12b,2542,1.0,1.0,50,10,NVIDIA GH200,67.0,96.0,1,12200000000,88,7.266
gemma3:12b,2555,1.0,1.0,50,10,NVIDIA GH200,67.0,96.0,1,12200000000,99,6.524
gemma3:12b,2573,1.0,1.0,50,10,NVIDIA GH200,67.0,96.0,1,12200000000,97,6.653
gemma3:12b,2591,1.0,1.0,50,10,NVIDIA GH200,67.0,96.0,1,12200000000,99,5.131
gemma3:12b,2565,1.0,1.0,50,10,NVIDIA GH200,67.0,96.0,1,12200000000,116,5.439
gemma3:12b,2668,1.0,1.0,50,10,NVIDIA GH200,67.0,96.0,1,12200000000,14,1.186
gemma3:12b,2633,1.0,1.0,50,10,NVIDIA GH200,67.0,96.0,1,12200000000,113,4.411
gemma3:12b,2584,1.0,1.0,50,10,NVIDIA GH200,67.0,96.0,1,12200000000,163,8.448
gemma3:12b,3599,1.0,1.0,50,10,NVIDIA GH200,67.0,96.0,1,12200000000,91,3.142
gemma3:12b,2761,1.0,1.0,50,10,NVIDIA GH200,67.0,96.0,1,12200000000,144,3.755
gemma3:12b,3732,1.0,1.0,50,10,NVIDIA GH200,67.0,96.0,1,12200000000,83,2.356
gemma3:12b,1235,1.0,1.0,50,10,NVIDIA A100-SXM4-40GB,19.49,40.0,4,12200000000,50,2.635
gemma3:12b,1235,1.0,1.0,50,10,NVIDIA A100-SXM4-40GB,19.49,40.0,4,12200000000,50,2.535
gemma3:12b,1235,1.0,1.0,50,10,NVIDIA A100-SXM4-40GB,19.49,40.0,4,12200000000,50,2.63
gemma3:12b,1235,1.0,1.0,50,10,NVIDIA A100-SXM4-40GB,19.49,40.0,4,12200000000,50,2.526
gemma3:12b,1235,1.0,1.0,50,10,NVIDIA A100-SXM4-40GB,19.49,40.0,4,12200000000,50,3.356
gemma3:12b,1235,1.0,1.0,50,10,NVIDIA A100-SXM4-40GB,19.49,40.0,4,12200000000,49,3.2
gemma3:12b,1235,1.0,1.0,50,10,NVIDIA A100-SXM4-40GB,19.49,40.0,4,12200000000,49,3.336
gemma3:12b,1235,1.0,1.0,50,10,NVIDIA A100-SXM4-40GB,19.49,40.0,4,12200000000,50,3.171
gemma3:12b,1235,1.0,1.0,50,10,NVIDIA A100-SXM4-40GB,19.49,40.0,4,12200000000,50,3.322
gemma3:12b,1235,1.0,1.0,50,10,NVIDIA A100-SXM4-40GB,19.49,40.0,4,12200000000,61,3.264
gemma3:12b,1330,1.0,1.0,50,10,NVIDIA A100-SXM4-40GB,19.49,40.0,4,12200000000,77,3.073
gemma3:12b,1330,1.0,1.0,50,10,NVIDIA A100-SXM4-40GB,19.49,40.0,4,12200000000,71,3.003
gemma3:12b,1330,1.0,1.0,50,10,NVIDIA A100-SXM4-40GB,19.49,40.0,4,12200000000,70,2.999
gemma3:12b,1330,1.0,1.0,50,10,NVIDIA A100-SXM4-40GB,19.49,40.0,4,12200000000,77,3.091
gemma3:12b,1329,1.0,1.0,50,10,NVIDIA A100-SXM4-40GB,19.49,40.0,4,12200000000,76,3.961
gemma3:12b,1330,1.0,1.0,50,10,NVIDIA A100-SXM4-40GB,19.49,40.0,4,12200000000,76,4.04
gemma3:12b,1329,1.0,1.0,50,10,NVIDIA A100-SXM4-40GB,19.49,40.0,4,12200000000,75,4.05
gemma3:12b,1330,1.0,1.0,50,10,NVIDIA A100-SXM4-40GB,19.49,40.0,4,12200000000,77,4.032
gemma3:12b,1414,1.0,1.0,50,10,NVIDIA A100-SXM4-40GB,19.49,40.0,4,12200000000,49,2.621
gemma3:12b,1330,1.0,1.0,50,10,NVIDIA A100-SXM4-40GB,19.49,40.0,4,12200000000,104,5.005
gemma3:12b,1341,1.0,1.0,50,10,NVIDIA A100-SXM4-40GB,19.49,40.0,4,12200000000,104,4.833
gemma3:12b,1415,1.0,1.0,50,10,NVIDIA A100-SXM4-40GB,19.49,40.0,4,12200000000,67,2.919
gemma3:12b,1421,1.0,1.0,50,10,NVIDIA A100-SXM4-40GB,19.49,40.0,4,12200000000,89,3.449
gemma3:12b,1437,1.0,1.0,50,10,NVIDIA A100-SXM4-40GB,19.49,40.0,4,12200000000,109,3.735
gemma3:12b,1437,1.0,1.0,50,10,NVIDIA A100-SXM4-40GB,19.49,40.0,4,12200000000,55,3.57
gemma3:12b,1418,1.0,1.0,50,10,NVIDIA A100-SXM4-40GB,19.49,40.0,4,12200000000,67,3.902
gemma3:12b,1435,1.0,1.0,50,10,NVIDIA A100-SXM4-40GB,19.49,40.0,4,12200000000,89,4.099
gemma3:12b,1436,1.0,1.0,50,10,NVIDIA A100-SXM4-40GB,19.49,40.0,4,12200000000,83,4.173
gemma3:12b,2371,1.0,1.0,50,10,NVIDIA A100-SXM4-40GB,19.49,40.0,4,12200000000,57,3.367
gemma3:12b,2375,1.0,1.0,50,10,NVIDIA A100-SXM4-40GB,19.49,40.0,4,12200000000,56,3.15
gemma3:12b,1459,1.0,1.0,50,10,NVIDIA A100-SXM4-40GB,19.49,40.0,4,12200000000,85,4.495
gemma3:12b,2453,1.0,1.0,50,10,NVIDIA A100-SXM4-40GB,19.49,40.0,4,12200000000,71,3.523
gemma3:12b,2417,1.0,1.0,50,10,NVIDIA A100-SXM4-40GB,19.49,40.0,4,12200000000,94,4.152
gemma3:12b,1477,1.0,1.0,50,10,NVIDIA A100-SXM4-40GB,19.49,40.0,4,12200000000,127,6.313
gemma3:12b,2474,1.0,1.0,50,10,NVIDIA A100-SXM4-40GB,19.49,40.0,4,12200000000,65,3.677
gemma3:12b,2471,1.0,1.0,50,10,NVIDIA A100-SXM4-40GB,19.49,40.0,4,12200000000,92,4.141
gemma3:12b,2393,1.0,1.0,50,10,NVIDIA A100-SXM4-40GB,19.49,40.0,4,12200000000,78,4.941
gemma3:12b,2399,1.0,1.0,50,10,NVIDIA A100-SXM4-40GB,19.49,40.0,4,12200000000,78,5.183
gemma3:12b,2426,1.0,1.0,50,10,NVIDIA A100-SXM4-40GB,19.49,40.0,4,12200000000,96,5.0
gemma3:12b,2525,1.0,1.0,50,10,NVIDIA A100-SXM4-40GB,19.49,40.0,4,12200000000,94,4.029
gemma3:12b,2431,1.0,1.0,50,10,NVIDIA A100-SXM4-40GB,19.49,40.0,4,12200000000,123,6.224
gemma3:12b,2538,1.0,1.0,50,10,NVIDIA A100-SXM4-40GB,19.49,40.0,4,12200000000,128,4.713
gemma3:12b,2452,1.0,1.0,50,10,NVIDIA A100-SXM4-40GB,19.49,40.0,4,12200000000,112,5.013
gemma3:12b,2633,1.0,1.0,50,10,NVIDIA A100-SXM4-40GB,19.49,40.0,4,12200000000,19,1.792
gemma3:12b,2569,1.0,1.0,50,10,NVIDIA A100-SXM4-40GB,19.49,40.0,4,12200000000,69,3.851
gemma3:12b,2593,1.0,1.0,50,10,NVIDIA A100-SXM4-40GB,19.49,40.0,4,12200000000,67,3.459
gemma3:12b,2509,1.0,1.0,50,10,NVIDIA A100-SXM4-40GB,19.49,40.0,4,12200000000,115,5.123
gemma3:12b,2514,1.0,1.0,50,10,NVIDIA A100-SXM4-40GB,19.49,40.0,4,12200000000,66,4.985
gemma3:12b,2568,1.0,1.0,50,10,NVIDIA A100-SXM4-40GB,19.49,40.0,4,12200000000,99,4.389
gemma3:12b,2669,1.0,1.0,50,10,NVIDIA A100-SXM4-40GB,19.49,40.0,4,12200000000,106,3.554
gemma3:12b,2567,1.0,1.0,50,10,NVIDIA A100-SXM4-40GB,19.49,40.0,4,12200000000,110,6.963
gemma3:12b,2522,1.0,1.0,50,10,NVIDIA A100-SXM4-40GB,19.49,40.0,4,12200000000,111,7.321
gemma3:12b,3565,1.0,1.0,50,10,NVIDIA A100-SXM4-40GB,19.49,40.0,4,12200000000,67,4.555
gemma3:12b,3546,1.0,1.0,50,10,NVIDIA A100-SXM4-40GB,19.49,40.0,4,12200000000,100,5.095
gemma3:12b,3483,1.0,1.0,50,10,NVIDIA A100-SXM4-40GB,19.49,40.0,4,12200000000,62,4.278
gemma3:12b,2818,1.0,1.0,50,10,NVIDIA A100-SXM4-40GB,19.49,40.0,4,12200000000,123,3.744
gemma3:12b,2647,1.0,1.0,50,10,NVIDIA A100-SXM4-40GB,19.49,40.0,4,12200000000,160,5.933
gemma3:12b,3675,1.0,1.0,50,10,NVIDIA A100-SXM4-40GB,19.49,40.0,4,12200000000,117,5.624
gemma3:12b,3590,1.0,1.0,50,10,NVIDIA A100-SXM4-40GB,19.49,40.0,4,12200000000,115,4.2
gemma3:12b,3691,1.0,1.0,50,10,NVIDIA A100-SXM4-40GB,19.49,40.0,4,12200000000,152,7.094
gemma3:12b,3849,1.0,1.0,50,10,NVIDIA A100-SXM4-40GB,19.49,40.0,4,12200000000,140,4.331
gemma3:12b,3835,1.0,1.0,50,10,NVIDIA A100-SXM4-40GB,19.49,40.0,4,12200000000,111,3.853
gemma3:12b,4027,1.0,1.0,50,10,NVIDIA A100-SXM4-40GB,19.49,40.0,4,12200000000,86,3.399
gemma3:12b,4853,1.0,1.0,50,10,NVIDIA A100-SXM4-40GB,19.49,40.0,4,12200000000,103,4.048
gemma3:12b,1235,1.0,1.0,50,10,NVIDIA A100-SXM4-40GB,19.49,40.0,4,12200000000,50,2.611
gemma3:12b,1235,1.0,1.0,50,10,NVIDIA A100-SXM4-40GB,19.49,40.0,4,12200000000,49,2.332
gemma3:12b,1235,1.0,1.0,50,10,NVIDIA A100-SXM4-40GB,19.49,40.0,4,12200000000,50,2.55
gemma3:12b,1235,1.0,1.0,50,10,NVIDIA A100-SXM4-40GB,19.49,40.0,4,12200000000,57,2.828
gemma3:12b,1235,1.0,1.0,50,10,NVIDIA A100-SXM4-40GB,19.49,40.0,4,12200000000,50,3.27
gemma3:12b,1235,1.0,1.0,50,10,NVIDIA A100-SXM4-40GB,19.49,40.0,4,12200000000,50,3.391
gemma3:12b,1235,1.0,1.0,50,10,NVIDIA A100-SXM4-40GB,19.49,40.0,4,12200000000,50,3.379
gemma3:12b,1235,1.0,1.0,50,10,NVIDIA A100-SXM4-40GB,19.49,40.0,4,12200000000,57,3.317
gemma3:12b,1235,1.0,1.0,50,10,NVIDIA A100-SXM4-40GB,19.49,40.0,4,12200000000,61,3.609
gemma3:12b,1235,1.0,1.0,50,10,NVIDIA A100-SXM4-40GB,19.49,40.0,4,12200000000,57,3.201
gemma3:12b,1330,1.0,1.0,50,10,NVIDIA A100-SXM4-40GB,19.49,40.0,4,12200000000,89,3.336
gemma3:12b,1330,1.0,1.0,50,10,NVIDIA A100-SXM4-40GB,19.49,40.0,4,12200000000,77,3.151
gemma3:12b,1337,1.0,1.0,50,10,NVIDIA A100-SXM4-40GB,19.49,40.0,4,12200000000,80,3.156
gemma3:12b,1329,1.0,1.0,50,10,NVIDIA A100-SXM4-40GB,19.49,40.0,4,12200000000,111,3.672
gemma3:12b,1337,1.0,1.0,50,10,NVIDIA A100-SXM4-40GB,19.49,40.0,4,12200000000,80,4.037
gemma3:12b,1330,1.0,1.0,50,10,NVIDIA A100-SXM4-40GB,19.49,40.0,4,12200000000,75,4.055
gemma3:12b,1337,1.0,1.0,50,10,NVIDIA A100-SXM4-40GB,19.49,40.0,4,12200000000,77,3.957
gemma3:12b,1330,1.0,1.0,50,10,NVIDIA A100-SXM4-40GB,19.49,40.0,4,12200000000,95,4.382
gemma3:12b,1437,1.0,1.0,50,10,NVIDIA A100-SXM4-40GB,19.49,40.0,4,12200000000,54,2.726
gemma3:12b,1433,1.0,1.0,50,10,NVIDIA A100-SXM4-40GB,19.49,40.0,4,12200000000,61,2.853
gemma3:12b,1454,1.0,1.0,50,10,NVIDIA A100-SXM4-40GB,19.49,40.0,4,12200000000,77,2.734
gemma3:12b,1431,1.0,1.0,50,10,NVIDIA A100-SXM4-40GB,19.49,40.0,4,12200000000,78,3.038
gemma3:12b,1330,1.0,1.0,50,10,NVIDIA A100-SXM4-40GB,19.49,40.0,4,12200000000,131,6.272
gemma3:12b,1341,1.0,1.0,50,10,NVIDIA A100-SXM4-40GB,19.49,40.0,4,12200000000,150,6.665
gemma3:12b,1439,1.0,1.0,50,10,NVIDIA A100-SXM4-40GB,19.49,40.0,4,12200000000,66,3.533
gemma3:12b,1431,1.0,1.0,50,10,NVIDIA A100-SXM4-40GB,19.49,40.0,4,12200000000,75,3.981
gemma3:12b,1428,1.0,1.0,50,10,NVIDIA A100-SXM4-40GB,19.49,40.0,4,12200000000,81,4.143
gemma3:12b,1419,1.0,1.0,50,10,NVIDIA A100-SXM4-40GB,19.49,40.0,4,12200000000,96,4.451
gemma3:12b,2387,1.0,1.0,50,10,NVIDIA A100-SXM4-40GB,19.49,40.0,4,12200000000,56,3.349
gemma3:12b,1491,1.0,1.0,50,10,NVIDIA A100-SXM4-40GB,19.49,40.0,4,12200000000,55,2.379
gemma3:12b,2438,1.0,1.0,50,10,NVIDIA A100-SXM4-40GB,19.49,40.0,4,12200000000,87,3.416
gemma3:12b,2398,1.0,1.0,50,10,NVIDIA A100-SXM4-40GB,19.49,40.0,4,12200000000,116,4.673
gemma3:12b,2416,1.0,1.0,50,10,NVIDIA A100-SXM4-40GB,19.49,40.0,4,12200000000,125,4.424
gemma3:12b,2486,1.0,1.0,50,10,NVIDIA A100-SXM4-40GB,19.49,40.0,4,12200000000,78,2.667
gemma3:12b,1521,1.0,1.0,50,10,NVIDIA A100-SXM4-40GB,19.49,40.0,4,12200000000,118,5.614
gemma3:12b,2414,1.0,1.0,50,10,NVIDIA A100-SXM4-40GB,19.49,40.0,4,12200000000,85,4.444
gemma3:12b,2412,1.0,1.0,50,10,NVIDIA A100-SXM4-40GB,19.49,40.0,4,12200000000,94,4.73
gemma3:12b,2416,1.0,1.0,50,10,NVIDIA A100-SXM4-40GB,19.49,40.0,4,12200000000,76,5.019
gemma3:12b,2453,1.0,1.0,50,10,NVIDIA A100-SXM4-40GB,19.49,40.0,4,12200000000,75,4.778
gemma3:12b,2422,1.0,1.0,50,10,NVIDIA A100-SXM4-40GB,19.49,40.0,4,12200000000,78,5.006
gemma3:12b,2583,1.0,1.0,50,10,NVIDIA A100-SXM4-40GB,19.49,40.0,4,12200000000,79,3.966
gemma3:12b,2559,1.0,1.0,50,10,NVIDIA A100-SXM4-40GB,19.49,40.0,4,12200000000,126,5.718
gemma3:12b,2692,1.0,1.0,50,10,NVIDIA A100-SXM4-40GB,19.49,40.0,4,12200000000,115,3.339
gemma3:12b,2551,1.0,1.0,50,10,NVIDIA A100-SXM4-40GB,19.49,40.0,4,12200000000,91,5.314
gemma3:12b,2517,1.0,1.0,50,10,NVIDIA A100-SXM4-40GB,19.49,40.0,4,12200000000,115,6.084
gemma3:12b,2542,1.0,1.0,50,10,NVIDIA A100-SXM4-40GB,19.49,40.0,4,12200000000,127,6.149
gemma3:12b,3431,1.0,1.0,50,10,NVIDIA A100-SXM4-40GB,19.49,40.0,4,12200000000,48,5.334
gemma3:12b,3395,1.0,1.0,50,10,NVIDIA A100-SXM4-40GB,19.49,40.0,4,12200000000,78,6.884
gemma3:12b,2545,1.0,1.0,50,10,NVIDIA A100-SXM4-40GB,19.49,40.0,4,12200000000,93,8.701
gemma3:12b,2711,1.0,1.0,50,10,NVIDIA A100-SXM4-40GB,19.49,40.0,4,12200000000,72,3.94
gemma3:12b,3518,1.0,1.0,50,10,NVIDIA A100-SXM4-40GB,19.49,40.0,4,12200000000,60,4.392
gemma3:12b,2675,1.0,1.0,50,10,NVIDIA A100-SXM4-40GB,19.49,40.0,4,12200000000,128,6.45
gemma3:12b,3524,1.0,1.0,50,10,NVIDIA A100-SXM4-40GB,19.49,40.0,4,12200000000,113,8.643
gemma3:12b,2683,1.0,1.0,50,10,NVIDIA A100-SXM4-40GB,19.49,40.0,4,12200000000,95,5.519
gemma3:12b,3688,1.0,1.0,50,10,NVIDIA A100-SXM4-40GB,19.49,40.0,4,12200000000,132,5.654
gemma3:12b,4481,1.0,1.0,50,10,NVIDIA A100-SXM4-40GB,19.49,40.0,4,12200000000,126,8.064
gemma3:12b,2845,1.0,1.0,50,10,NVIDIA A100-SXM4-40GB,19.49,40.0,4,12200000000,246,7.882
gemma3:12b,3682,1.0,1.0,50,10,NVIDIA A100-SXM4-40GB,19.49,40.0,4,12200000000,83,5.419
gemma3:12b,3860,1.0,1.0,50,10,NVIDIA A100-SXM4-40GB,19.49,40.0,4,12200000000,157,5.201
gemma3:12b,3656,1.0,1.0,50,10,NVIDIA A100-SXM4-40GB,19.49,40.0,4,12200000000,160,8.171
gemma3:12b,4060,1.0,1.0,50,10,NVIDIA A100-SXM4-40GB,19.49,40.0,4,12200000000,117,3.982
gemma3:12b,4655,1.0,1.0,50,10,NVIDIA A100-SXM4-40GB,19.49,40.0,4,12200000000,143,5.029
gemma3:12b,4843,1.0,1.0,50,10,NVIDIA A100-SXM4-40GB,19.49,40.0,4,12200000000,205,6.043
